person_age,person_income,person_home_ownership,person_emp_length,loan_intent,loan_grade,loan_amnt,loan_int_rate,loan_percent_income,cb_person_default_on_file,cb_person_cred_hist_length,actual_loan_status,predicted_loan_status,default_probability,credit_risk_segment
22,50000,RENT,6.0,PERSONAL,B,6000,11.89,0.12,N,2,0,0,0.08844984804456994,Low Risk
32,52000,RENT,0.0,PERSONAL,A,7125,7.49,0.14,N,10,0,0,0.04683924148158989,Low Risk
37,205000,MORTGAGE,3.0,EDUCATION,B,18000,10.39,0.09,N,14,0,0,0.03736656341035149,Low Risk
26,100000,MORTGAGE,5.0,DEBTCONSOLIDATION,B,24000,10.99,0.24,N,4,0,0,0.08878646735352319,Low Risk
23,44340,OWN,0.0,VENTURE,C,3000,12.98,0.07,Y,3,0,0,0.017798878216306956,Low Risk
24,30000,RENT,1.0,PERSONAL,B,3000,10.37,0.1,N,2,0,0,0.14170584264244646,Low Risk
26,115000,MORTGAGE,3.0,EDUCATION,C,20000,13.16,0.17,Y,2,0,0,0.05424898123488302,Low Risk
21,66000,MORTGAGE,4.0,DEBTCONSOLIDATION,A,7000,7.88,0.11,N,2,0,0,0.043324603385397016,Low Risk
28,26000,OWN,3.0,HOMEIMPROVEMENT,A,2500,7.49,0.1,N,8,0,0,0.0552991226961322,Low Risk
33,54000,MORTGAGE,7.0,DEBTCONSOLIDATION,C,32000,15.23,0.59,N,7,1,0,0.4131488513422606,Medium Risk
31,102000,MORTGAGE,5.0,EDUCATION,A,4000,7.88,0.04,N,10,0,0,0.024453899947654522,Low Risk
41,75000,RENT,15.0,PERSONAL,D,4000,16.29,0.05,Y,12,0,0,0.4292287892523315,Medium Risk
30,110000,RENT,8.0,HOMEIMPROVEMENT,B,12000,12.18,0.11,N,7,0,0,0.05217906185722226,Low Risk
28,75000,RENT,3.0,EDUCATION,B,23000,10.51,0.31,N,9,1,1,0.9599438319946904,High Risk
23,49161,RENT,1.0,HOMEIMPROVEMENT,D,8000,13.17,0.16,Y,4,1,1,0.812279408662882,High Risk
37,175000,RENT,2.0,HOMEIMPROVEMENT,B,15000,9.76,0.09,N,17,0,0,0.04996014901173538,Low Risk
26,52000,RENT,6.0,DEBTCONSOLIDATION,C,2500,14.82,0.05,Y,2,0,0,0.20053442887569292,Low Risk
28,61000,MORTGAGE,12.0,PERSONAL,B,12000,9.99,0.2,N,5,0,0,0.06053374352638348,Low Risk
23,35000,MORTGAGE,7.0,DEBTCONSOLIDATION,B,12000,12.42,0.34,N,2,0,0,0.17174543967405245,Low Risk
25,48000,MORTGAGE,8.0,PERSONAL,A,2250,8.49,0.05,N,3,1,0,0.05084499629648641,Low Risk
27,160000,RENT,3.0,EDUCATION,E,10000,16.32,0.06,Y,9,0,0,0.2682411693045561,Low Risk
32,59363,RENT,2.0,MEDICAL,C,6000,13.22,0.1,Y,6,0,0,0.22005065959826564,Low Risk
78,48000,RENT,41.0,MEDICAL,A,3000,7.51,0.06,N,25,0,0,0.2304744385401684,Low Risk
45,123000,RENT,2.0,EDUCATION,F,14000,10.99,0.11,N,17,1,0,0.31945479710602004,Medium Risk
28,42000,RENT,9.0,MEDICAL,D,12250,14.59,0.29,N,10,1,1,0.7480457900763902,High Risk
30,26000,RENT,3.0,EDUCATION,B,9250,10.99,0.36,N,5,1,1,0.9662037547594302,High Risk
47,50000,MORTGAGE,3.0,VENTURE,C,4000,10.99,0.08,Y,17,0,0,0.08587137297693827,Low Risk
26,48000,RENT,1.0,EDUCATION,E,15000,18.64,0.31,N,3,1,1,0.9894575979168991,High Risk
27,90000,RENT,11.0,PERSONAL,B,15600,12.69,0.17,N,9,0,0,0.04404411995189084,Low Risk
38,78000,MORTGAGE,8.0,VENTURE,A,6250,6.76,0.08,N,16,0,0,0.016549692619087848,Low Risk
22,40000,RENT,7.0,EDUCATION,B,10000,10.37,0.25,N,2,0,0,0.06134138037284152,Low Risk
27,44004,RENT,0.0,PERSONAL,C,5000,13.79,0.11,N,8,1,0,0.11133980058538857,Low Risk
43,65000,RENT,2.0,MEDICAL,B,5000,9.62,0.08,N,16,0,0,0.07481940042445867,Low Risk
32,135000,MORTGAGE,1.0,DEBTCONSOLIDATION,B,16000,10.99,0.12,N,10,0,0,0.06840914228122097,Low Risk
33,85000,RENT,11.0,EDUCATION,A,5000,7.9,0.06,N,8,0,0,0.031587405194379456,Low Risk
24,120000,RENT,4.0,HOMEIMPROVEMENT,C,10000,13.61,0.08,Y,4,0,0,0.0583456517400334,Low Risk
28,50004,RENT,9.0,HOMEIMPROVEMENT,C,8000,15.23,0.16,Y,9,0,0,0.23635911300788445,Low Risk
23,14898,RENT,4.0,VENTURE,C,6250,15.27,0.42,N,2,1,1,0.992614970333871,High Risk
30,85000,MORTGAGE,2.0,EDUCATION,C,25000,12.84,0.29,Y,8,0,0,0.08096056761207886,Low Risk
21,23000,MORTGAGE,2.0,MEDICAL,A,7000,8.9,0.3,N,3,0,0,0.1075879925955305,Low Risk
24,55680,MORTGAGE,4.0,DEBTCONSOLIDATION,B,7875,10.65,0.14,N,3,0,0,0.08361528399258497,Low Risk
28,68496,RENT,8.0,PERSONAL,B,10000,10.99,0.15,N,5,0,0,0.07068933525400259,Low Risk
35,85000,MORTGAGE,0.0,PERSONAL,B,12000,10.0,0.14,N,5,0,0,0.04683362458633106,Low Risk
38,65000,OWN,12.0,HOMEIMPROVEMENT,B,3600,8.88,0.06,N,15,0,0,0.018137462203580812,Low Risk
30,62000,RENT,14.0,MEDICAL,B,12000,11.71,0.19,N,9,0,0,0.09045179892131293,Low Risk
25,54000,RENT,3.0,HOMEIMPROVEMENT,E,25000,16.82,0.46,N,4,1,1,0.9819601368400546,High Risk
27,36000,RENT,11.0,VENTURE,A,4500,7.49,0.13,N,5,0,0,0.02298461497624296,Low Risk
22,36000,RENT,1.0,DEBTCONSOLIDATION,C,6000,12.68,0.17,N,4,0,0,0.11406043493805137,Low Risk
23,78000,RENT,7.0,DEBTCONSOLIDATION,A,10000,5.79,0.13,N,3,0,0,0.05606956552743499,Low Risk
22,35000,RENT,6.0,MEDICAL,B,5000,10.99,0.14,N,4,0,0,0.10489240171117886,Low Risk
29,59354,MORTGAGE,5.0,MEDICAL,D,9600,13.67,0.14,Y,10,1,1,0.7029757533948323,High Risk
28,61000,MORTGAGE,12.0,PERSONAL,B,12000,9.99,0.2,N,6,0,0,0.06053374352638348,Low Risk
26,83000,MORTGAGE,1.0,PERSONAL,B,17000,10.25,0.2,N,3,0,0,0.0509095679673063,Low Risk
45,125000,MORTGAGE,14.0,PERSONAL,B,10000,10.99,0.08,N,12,0,0,0.04439288471336169,Low Risk
26,30000,MORTGAGE,10.0,VENTURE,A,6500,6.62,0.22,N,3,0,0,0.043299831176904946,Low Risk
27,36000,MORTGAGE,7.0,PERSONAL,B,6000,10.25,0.17,N,10,0,0,0.07606276984479769,Low Risk
33,24947,RENT,3.0,HOMEIMPROVEMENT,B,6625,12.69,0.27,N,9,1,1,0.5606053072954137,Medium Risk
23,73000,MORTGAGE,7.0,EDUCATION,C,7500,13.22,0.1,Y,2,0,0,0.06944323729072142,Low Risk
36,150000,MORTGAGE,20.0,DEBTCONSOLIDATION,A,10000,10.99,0.07,N,16,0,0,0.045976099118978896,Low Risk
30,42000,RENT,0.0,VENTURE,B,2250,8.88,0.05,N,8,0,0,0.044880474854125184,Low Risk
31,14400,RENT,0.0,EDUCATION,C,1250,10.99,0.09,N,8,1,0,0.3507040942616432,Medium Risk
25,89796,MORTGAGE,2.0,VENTURE,B,9000,11.11,0.1,N,4,0,0,0.025593688712919182,Low Risk
28,60000,OWN,1.0,HOMEIMPROVEMENT,D,22000,14.09,0.37,Y,8,0,0,0.04015618116523248,Low Risk
33,24000,MORTGAGE,2.0,DEBTCONSOLIDATION,B,6000,10.25,0.25,N,6,0,0,0.136238745407617,Low Risk
25,19200,RENT,5.0,HOMEIMPROVEMENT,B,4000,10.99,0.21,N,3,1,1,0.9770012483266798,High Risk
31,47000,MORTGAGE,5.0,HOMEIMPROVEMENT,B,5000,10.38,0.11,N,6,0,0,0.11843416919892666,Low Risk
24,54996,RENT,0.0,DEBTCONSOLIDATION,C,12500,12.87,0.23,N,2,0,0,0.11218476084144047,Low Risk
26,5500,RENT,0.0,EDUCATION,A,1000,9.63,0.18,N,3,1,1,0.94971492329057,High Risk
23,37000,RENT,4.0,PERSONAL,C,10000,13.23,0.27,N,3,0,0,0.1239246888582102,Low Risk
22,90000,RENT,6.0,MEDICAL,B,10200,11.71,0.11,N,3,0,0,0.05528136351386643,Low Risk
27,84000,RENT,0.0,MEDICAL,B,16000,12.21,0.19,N,10,0,0,0.0719194654121255,Low Risk
22,54800,OWN,7.0,EDUCATION,A,8000,10.99,0.15,N,2,0,0,0.01213873388070811,Low Risk
36,84000,RENT,6.0,EDUCATION,C,25000,12.87,0.3,Y,11,0,0,0.09987865889794877,Low Risk
24,42000,MORTGAGE,9.0,PERSONAL,A,11000,5.42,0.26,N,4,0,0,0.05320648170732432,Low Risk
28,60000,MORTGAGE,6.0,DEBTCONSOLIDATION,B,15000,11.99,0.25,N,6,0,0,0.08367114715459403,Low Risk
24,72096,RENT,2.0,HOMEIMPROVEMENT,A,4800,7.14,0.07,N,2,0,0,0.05518201981943997,Low Risk
28,96000,OWN,13.0,EDUCATION,C,15000,13.47,0.16,N,6,0,0,0.01001255426794033,Low Risk
32,75000,MORTGAGE,5.0,VENTURE,C,16000,13.49,0.21,N,8,0,0,0.062621449948647,Low Risk
24,55000,MORTGAGE,5.0,PERSONAL,B,3100,11.71,0.06,N,2,0,0,0.0857391806711395,Low Risk
23,45000,MORTGAGE,1.0,MEDICAL,B,7200,11.86,0.16,N,2,0,0,0.11115597931478942,Low Risk
24,80000,MORTGAGE,2.0,HOMEIMPROVEMENT,A,5000,6.99,0.06,N,4,0,0,0.030945597534706274,Low Risk
22,29361,RENT,4.0,HOMEIMPROVEMENT,B,6450,10.99,0.22,N,3,1,1,0.8024428230160504,High Risk
21,41000,RENT,5.0,VENTURE,A,7000,5.79,0.17,N,2,0,0,0.021195221128688692,Low Risk
23,47000,MORTGAGE,7.0,DEBTCONSOLIDATION,C,13850,12.68,0.29,Y,4,0,0,0.11707073325178831,Low Risk
21,46002,MORTGAGE,4.0,VENTURE,D,4000,10.99,0.09,Y,3,0,0,0.18290823202888176,Low Risk
21,33996,RENT,1.0,PERSONAL,C,6000,12.53,0.18,Y,3,0,0,0.2463115823623586,Low Risk
26,34320,RENT,2.0,EDUCATION,A,9000,6.62,0.26,N,2,1,0,0.156844710813063,Low Risk
21,83000,MORTGAGE,4.0,MEDICAL,A,8500,8.0,0.1,N,4,0,0,0.03471261577227345,Low Risk
31,80000,MORTGAGE,6.0,EDUCATION,B,7500,12.18,0.09,N,7,0,0,0.04139199691958032,Low Risk
34,16800,OWN,0.0,PERSONAL,C,1600,13.72,0.1,Y,5,0,0,0.2054205796132192,Low Risk
22,50000,MORTGAGE,0.0,EDUCATION,B,20000,11.48,0.4,N,2,0,0,0.14968729646602474,Low Risk
22,43000,RENT,4.0,DEBTCONSOLIDATION,B,18550,11.83,0.43,N,4,1,1,0.9755256840448487,High Risk
26,65000,MORTGAGE,6.0,MEDICAL,B,9250,10.99,0.14,N,2,0,0,0.08440462302702215,Low Risk
27,151000,MORTGAGE,11.0,DEBTCONSOLIDATION,D,20000,14.74,0.13,Y,9,1,1,0.7300113195701867,High Risk
26,300000,MORTGAGE,10.0,VENTURE,A,20000,7.88,0.07,N,4,0,0,0.011016108252356632,Low Risk
41,55000,RENT,4.0,HOMEIMPROVEMENT,B,4200,12.69,0.08,N,16,0,0,0.1380839905823379,Low Risk
21,43971,MORTGAGE,5.0,PERSONAL,A,4600,5.42,0.1,N,4,0,0,0.07096005959014322,Low Risk
23,49980,MORTGAGE,7.0,MEDICAL,B,4800,10.37,0.1,N,2,1,0,0.08828738134358136,Low Risk
24,54000,RENT,8.0,HOMEIMPROVEMENT,B,6800,10.59,0.13,N,3,0,0,0.11628153352907711,Low Risk
23,60000,RENT,1.0,DEBTCONSOLIDATION,A,3000,7.51,0.05,N,2,0,0,0.03924670790333158,Low Risk
32,55000,RENT,4.0,HOMEIMPROVEMENT,C,8000,10.99,0.15,N,8,0,0,0.1392154158799699,Low Risk
24,64000,MORTGAGE,8.0,VENTURE,B,4800,12.21,0.07,N,4,0,0,0.03622443362795891,Low Risk
30,33600,RENT,5.0,VENTURE,A,6000,6.91,0.18,N,7,0,0,0.04948266749753556,Low Risk
25,69000,MORTGAGE,9.0,VENTURE,A,25000,6.99,0.36,N,4,0,0,0.048263577385804515,Low Risk
26,54000,MORTGAGE,4.0,PERSONAL,A,9600,6.62,0.18,N,3,0,0,0.04413873328385993,Low Risk
23,33000,RENT,3.0,DEBTCONSOLIDATION,B,4000,10.96,0.12,N,4,0,0,0.1538336362644807,Low Risk
27,75000,RENT,1.0,HOMEIMPROVEMENT,B,20000,10.99,0.27,N,6,0,0,0.1237809165469819,Low Risk
33,60000,MORTGAGE,3.0,DEBTCONSOLIDATION,A,5000,5.42,0.08,N,7,0,0,0.03496112118351611,Low Risk
23,42000,RENT,2.0,PERSONAL,C,6000,12.41,0.14,N,4,1,0,0.0997040470132231,Low Risk
21,36662,OWN,4.0,VENTURE,B,18000,10.25,0.49,N,4,0,0,0.019402908146574586,Low Risk
29,54000,MORTGAGE,1.0,PERSONAL,G,25000,20.16,0.46,Y,8,1,1,0.8627231847373639,High Risk
22,50000,RENT,6.0,DEBTCONSOLIDATION,B,7200,10.99,0.14,N,4,0,0,0.10681505416198901,Low Risk
24,16020,OWN,3.0,VENTURE,E,3625,17.14,0.23,Y,2,1,1,0.7292663525100944,High Risk
28,115000,MORTGAGE,12.0,EDUCATION,A,22000,7.51,0.19,N,7,0,0,0.029091018238563738,Low Risk
29,15000,RENT,4.0,PERSONAL,C,2200,13.48,0.15,N,10,1,0,0.363842562442156,Medium Risk
28,30000,RENT,3.0,MEDICAL,B,5000,9.88,0.17,N,8,0,0,0.16280588909321606,Low Risk
23,60000,RENT,0.0,EDUCATION,C,9600,14.65,0.16,Y,2,0,0,0.11580114825686327,Low Risk
30,68000,RENT,7.0,PERSONAL,B,10000,10.75,0.15,N,7,0,0,0.058597633640054984,Low Risk
25,30000,RENT,3.0,EDUCATION,C,8500,13.98,0.28,Y,4,0,0,0.21195271481943392,Low Risk
26,24500,RENT,4.0,EDUCATION,B,8875,10.0,0.36,N,3,1,1,0.9613459670502937,High Risk
31,63324,MORTGAGE,8.0,DEBTCONSOLIDATION,B,24000,11.83,0.38,N,6,0,0,0.19811206537096224,Low Risk
23,33500,RENT,2.0,MEDICAL,E,2500,15.68,0.07,Y,4,1,1,0.9071353960034587,High Risk
34,31704,RENT,2.0,VENTURE,B,3000,11.49,0.09,N,8,0,0,0.104205985120616,Low Risk
29,69996,RENT,0.0,VENTURE,B,2400,11.11,0.03,N,6,0,0,0.05088793576805857,Low Risk
33,98000,RENT,2.0,HOMEIMPROVEMENT,A,20000,6.91,0.2,N,7,0,0,0.04071512489193333,Low Risk
22,99600,MORTGAGE,6.0,PERSONAL,A,7125,7.51,0.07,N,4,0,0,0.024962008181637425,Low Risk
28,51500,RENT,2.0,DEBTCONSOLIDATION,D,20000,15.65,0.39,Y,8,1,1,0.9951565644273538,High Risk
29,91560,MORTGAGE,8.0,DEBTCONSOLIDATION,A,22000,6.91,0.24,N,8,0,0,0.03948531348386852,Low Risk
26,55000,RENT,1.0,EDUCATION,C,3000,10.99,0.05,Y,2,0,0,0.10045052667983125,Low Risk
23,75000,RENT,0.0,VENTURE,B,10000,11.49,0.13,N,4,0,0,0.04946834604294792,Low Risk
31,80000,MORTGAGE,5.0,PERSONAL,A,6000,7.4,0.07,N,9,0,0,0.0243848711684697,Low Risk
26,34000,RENT,2.0,PERSONAL,D,12000,14.96,0.35,N,3,1,1,0.9893086340486512,High Risk
30,32004,RENT,2.0,PERSONAL,D,8700,15.58,0.27,N,10,1,1,0.8162877956127517,High Risk
25,33000,RENT,0.0,DEBTCONSOLIDATION,A,1000,7.29,0.03,N,4,0,0,0.1046972517458456,Low Risk
22,120000,MORTGAGE,6.0,VENTURE,A,12000,7.49,0.1,N,4,0,0,0.009427409434547887,Low Risk
25,37200,RENT,6.0,HOMEIMPROVEMENT,A,9600,5.99,0.26,N,4,1,0,0.15602105408865036,Low Risk
26,62000,RENT,7.0,PERSONAL,C,8000,12.99,0.13,N,4,0,0,0.08178650889026877,Low Risk
26,51996,MORTGAGE,2.0,MEDICAL,E,6500,15.68,0.13,N,4,1,1,0.8284685481310239,High Risk
29,72000,RENT,4.0,DEBTCONSOLIDATION,C,7800,10.99,0.11,Y,8,0,0,0.10626066696656258,Low Risk
57,70000,RENT,0.0,VENTURE,B,6600,10.99,0.09,N,21,0,0,0.05058378486266282,Low Risk
32,95000,MORTGAGE,3.0,PERSONAL,B,18000,11.11,0.19,N,8,0,0,0.04439288471336169,Low Risk
25,49000,RENT,8.0,EDUCATION,C,6000,10.99,0.12,Y,2,0,0,0.08966136444650696,Low Risk
22,27996,RENT,1.0,VENTURE,E,5000,17.51,0.18,N,4,1,1,0.7905485607769922,High Risk
23,54586,RENT,5.0,EDUCATION,B,19000,11.14,0.35,N,4,1,1,0.9681002009322491,High Risk
22,41000,RENT,3.0,DEBTCONSOLIDATION,C,15000,12.73,0.37,N,3,1,1,0.9767951108017894,High Risk
24,200000,RENT,8.0,VENTURE,B,12000,12.69,0.06,N,2,0,0,0.024144399879898144,Low Risk
25,82000,RENT,5.0,HOMEIMPROVEMENT,C,6000,10.99,0.07,N,3,0,0,0.06461602751838953,Low Risk
27,56000,RENT,1.0,DEBTCONSOLIDATION,C,2500,11.72,0.04,N,5,1,0,0.11126676797984954,Low Risk
28,42682,RENT,1.0,PERSONAL,A,8000,6.03,0.19,N,9,0,0,0.05172839159352975,Low Risk
23,75000,RENT,0.0,VENTURE,B,6000,11.48,0.08,N,2,0,0,0.04946834604294792,Low Risk
24,112500,MORTGAGE,3.0,DEBTCONSOLIDATION,C,8600,13.11,0.08,N,4,0,0,0.07627966183164325,Low Risk
25,54000,RENT,0.0,HOMEIMPROVEMENT,C,10000,15.23,0.19,N,4,1,0,0.2917737012449421,Low Risk
23,50000,RENT,4.0,VENTURE,B,18225,10.74,0.36,N,3,1,1,0.9437642108373595,High Risk
32,22704,RENT,4.0,DEBTCONSOLIDATION,B,6800,10.99,0.3,N,8,0,0,0.18339849786628215,Low Risk
23,91000,RENT,5.0,EDUCATION,B,10000,10.2,0.11,N,2,0,0,0.03625638953756006,Low Risk
25,67000,RENT,3.0,EDUCATION,A,7000,8.94,0.1,N,4,0,0,0.03907905174380944,Low Risk
24,67992,MORTGAGE,8.0,DEBTCONSOLIDATION,B,12000,10.75,0.18,N,2,0,0,0.07401243287293191,Low Risk
28,100000,MORTGAGE,4.0,VENTURE,D,25000,10.99,0.25,N,6,1,0,0.08225218689180298,Low Risk
24,38000,RENT,8.0,MEDICAL,B,4500,10.83,0.12,N,2,0,0,0.10852439083295465,Low Risk
29,163000,RENT,4.0,VENTURE,D,4000,16.29,0.02,N,6,1,0,0.18590142913403548,Low Risk
26,64992,MORTGAGE,1.0,DEBTCONSOLIDATION,A,4000,9.63,0.06,N,4,0,0,0.045276678765850245,Low Risk
27,85000,OWN,2.0,VENTURE,C,10000,13.23,0.12,N,7,0,0,0.011034500765959878,Low Risk
43,86004,MORTGAGE,2.0,HOMEIMPROVEMENT,B,10000,9.99,0.12,N,14,0,0,0.05575782338000086,Low Risk
33,60000,MORTGAGE,0.0,EDUCATION,A,4000,6.54,0.07,N,9,0,0,0.027611485866691907,Low Risk
29,145000,MORTGAGE,0.0,VENTURE,D,14000,16.77,0.1,Y,5,0,0,0.2934434577143491,Low Risk
46,30000,RENT,15.0,DEBTCONSOLIDATION,C,10000,13.49,0.33,N,12,1,1,0.973010553251196,High Risk
23,92000,MORTGAGE,7.0,PERSONAL,A,12000,6.62,0.13,N,3,0,0,0.024773380079777342,Low Risk
36,110000,MORTGAGE,7.0,VENTURE,A,16000,6.03,0.15,N,12,0,0,0.009243327799937449,Low Risk
23,30000,RENT,0.0,EDUCATION,C,6300,14.35,0.21,N,4,0,0,0.23469522307424617,Low Risk
23,62000,MORTGAGE,1.0,MEDICAL,A,10000,7.9,0.16,N,3,0,0,0.04535801964069118,Low Risk
22,24000,RENT,1.0,EDUCATION,C,2000,13.11,0.08,Y,4,0,0,0.14276728946584877,Low Risk
35,84175,RENT,4.0,EDUCATION,A,7000,7.29,0.08,N,8,0,0,0.029006197545700087,Low Risk
28,32000,RENT,5.0,MEDICAL,A,5000,6.99,0.16,N,7,0,0,0.11360700600470604,Low Risk
49,120000,MORTGAGE,12.0,MEDICAL,B,12000,10.99,0.1,N,12,0,0,0.05783236971124462,Low Risk
26,47000,OWN,8.0,VENTURE,A,12500,8.49,0.27,N,2,0,0,0.005796785923754996,Low Risk
27,50000,RENT,5.0,MEDICAL,C,8000,13.43,0.16,N,10,0,0,0.11845179101865451,Low Risk
23,80000,MORTGAGE,1.0,EDUCATION,C,12000,13.48,0.15,Y,4,0,0,0.04997550890335076,Low Risk
32,35000,RENT,0.0,MEDICAL,A,9000,8.59,0.26,N,6,0,0,0.07928212257235832,Low Risk
24,20400,RENT,3.0,DEBTCONSOLIDATION,C,7550,14.79,0.37,Y,3,1,1,0.9720403241373503,High Risk
23,55000,MORTGAGE,0.0,PERSONAL,A,2000,10.99,0.04,N,2,0,0,0.05937060606046533,Low Risk
29,250000,MORTGAGE,13.0,EDUCATION,C,20000,13.79,0.08,N,8,0,0,0.05429877186889471,Low Risk
24,20485,RENT,4.0,PERSONAL,A,5575,7.9,0.27,N,4,0,0,0.1269482656298304,Low Risk
31,54000,MORTGAGE,12.0,DEBTCONSOLIDATION,A,6000,7.14,0.11,N,5,0,0,0.04879487553826187,Low Risk
22,69000,MORTGAGE,6.0,PERSONAL,C,7800,12.41,0.11,N,4,0,0,0.07270290913812533,Low Risk
44,48000,MORTGAGE,12.0,HOMEIMPROVEMENT,B,17500,12.18,0.36,N,11,0,0,0.19548739137011562,Low Risk
34,80000,RENT,6.0,EDUCATION,C,14000,14.27,0.17,Y,7,0,0,0.06349227416749395,Low Risk
28,34000,RENT,4.0,PERSONAL,B,3000,10.65,0.09,N,10,1,0,0.17556331030003106,Low Risk
24,61200,MORTGAGE,5.0,EDUCATION,B,5100,10.51,0.08,N,2,0,0,0.05831462552011207,Low Risk
40,63000,RENT,2.0,HOMEIMPROVEMENT,B,13050,11.48,0.21,N,15,0,0,0.10252400162289892,Low Risk
23,30000,RENT,0.0,PERSONAL,B,5000,11.86,0.17,N,2,0,0,0.17385793182887008,Low Risk
22,30000,RENT,6.0,EDUCATION,B,7000,9.62,0.23,N,4,1,0,0.1419253199967435,Low Risk
27,51000,MORTGAGE,0.0,EDUCATION,A,7000,7.49,0.14,N,6,0,0,0.042996984199401636,Low Risk
39,42000,OWN,5.0,PERSONAL,B,8000,10.38,0.19,N,17,0,0,0.014154066177665599,Low Risk
33,58000,RENT,5.0,MEDICAL,A,6400,7.51,0.11,N,8,0,0,0.05249673355966756,Low Risk
30,138000,MORTGAGE,13.0,HOMEIMPROVEMENT,B,10000,10.99,0.07,N,10,1,0,0.04938289282604607,Low Risk
36,48686,RENT,21.0,MEDICAL,D,12000,13.99,0.25,N,13,0,1,0.6276171223530234,High Risk
27,55000,MORTGAGE,2.0,MEDICAL,B,9600,9.62,0.17,N,9,0,0,0.09290790090012344,Low Risk
22,47000,RENT,0.0,VENTURE,B,6550,10.65,0.14,N,2,0,0,0.044610542139349986,Low Risk
22,91000,RENT,2.0,PERSONAL,B,8000,11.86,0.09,N,3,0,0,0.04670859964269395,Low Risk
27,117000,RENT,2.0,EDUCATION,A,10000,8.0,0.09,N,10,0,0,0.0282259783584411,Low Risk
26,42000,RENT,8.0,MEDICAL,C,6000,12.73,0.14,N,4,0,0,0.1121462671302547,Low Risk
23,90000,RENT,0.0,PERSONAL,A,2000,7.88,0.02,N,3,0,0,0.028514871469434693,Low Risk
24,40000,RENT,8.0,MEDICAL,B,2800,10.25,0.07,N,2,0,0,0.0813645960071629,Low Risk
33,35000,MORTGAGE,2.0,EDUCATION,A,6000,5.42,0.17,N,10,0,0,0.047443916823221875,Low Risk
40,70000,MORTGAGE,6.0,EDUCATION,A,18000,7.9,0.26,N,14,0,0,0.04443728503387869,Low Risk
22,60500,RENT,3.0,DEBTCONSOLIDATION,C,7000,12.84,0.12,N,2,0,0,0.10959295433904895,Low Risk
23,75000,RENT,2.0,PERSONAL,C,12000,12.98,0.16,Y,2,0,0,0.08477884926598998,Low Risk
25,42000,RENT,2.0,MEDICAL,C,6500,13.49,0.15,Y,3,0,0,0.13161538673364295,Low Risk
28,50000,RENT,2.0,VENTURE,A,14000,6.54,0.28,N,6,0,0,0.03508988520475219,Low Risk
32,66000,RENT,1.0,HOMEIMPROVEMENT,A,8000,7.29,0.12,N,10,0,0,0.05110322248117579,Low Risk
21,30000,RENT,0.0,EDUCATION,A,4200,6.92,0.14,N,4,0,0,0.09278495890725866,Low Risk
42,52400,MORTGAGE,14.0,HOMEIMPROVEMENT,B,21000,10.38,0.4,N,13,0,0,0.18708674783696927,Low Risk
26,73440,OWN,1.0,PERSONAL,B,35000,9.91,0.48,N,2,0,0,0.030887632504409304,Low Risk
22,18000,OWN,1.0,EDUCATION,D,5400,15.31,0.3,Y,4,1,1,0.8130178844362731,High Risk
23,90000,RENT,5.0,MEDICAL,A,8000,6.92,0.09,N,3,0,0,0.02968813403990195,Low Risk
22,30000,RENT,4.0,EDUCATION,C,10000,14.35,0.33,N,3,1,1,0.9707194442325254,High Risk
23,68000,MORTGAGE,2.0,VENTURE,B,10000,10.37,0.15,N,2,0,0,0.029430014326718233,Low Risk
41,56004,RENT,4.0,EDUCATION,B,12800,11.48,0.23,N,15,0,0,0.08396666730210813,Low Risk
34,26400,MORTGAGE,0.0,DEBTCONSOLIDATION,B,3600,9.88,0.14,N,5,0,0,0.128427129988923,Low Risk
29,150000,MORTGAGE,4.0,MEDICAL,A,7200,7.29,0.05,N,7,0,0,0.029478619302620586,Low Risk
28,42000,RENT,5.0,PERSONAL,B,4800,12.42,0.11,N,9,0,0,0.0889603467785677,Low Risk
27,20000,RENT,2.0,MEDICAL,B,4000,10.65,0.2,N,8,0,0,0.14724435519722975,Low Risk
22,42500,RENT,0.0,EDUCATION,A,7500,7.9,0.18,N,2,0,0,0.052281929901255714,Low Risk
22,66250,MORTGAGE,5.0,MEDICAL,A,8700,6.92,0.13,N,3,0,0,0.03969569940195205,Low Risk
29,75000,OWN,3.0,HOMEIMPROVEMENT,A,12000,7.51,0.16,N,8,0,0,0.014354138880648114,Low Risk
28,56864,MORTGAGE,5.0,MEDICAL,A,12300,7.88,0.22,N,8,0,0,0.05073197080354485,Low Risk
22,43000,MORTGAGE,4.0,PERSONAL,C,6600,14.27,0.15,Y,2,0,0,0.12810078048422271,Low Risk
26,90000,MORTGAGE,3.0,EDUCATION,C,3200,13.22,0.04,N,4,0,0,0.04297156268020116,Low Risk
31,54000,MORTGAGE,4.0,VENTURE,A,6000,7.66,0.11,N,6,0,0,0.017136526849284704,Low Risk
23,105000,MORTGAGE,7.0,DEBTCONSOLIDATION,B,12000,10.25,0.11,N,3,0,0,0.05558451179365601,Low Risk
36,60000,MORTGAGE,3.0,DEBTCONSOLIDATION,D,13000,14.11,0.22,Y,14,1,1,0.6945660780436427,High Risk
25,59000,MORTGAGE,4.0,HOMEIMPROVEMENT,C,3600,12.98,0.06,N,3,1,0,0.19139663494912124,Low Risk
43,93000,MORTGAGE,7.0,PERSONAL,A,7000,7.14,0.08,N,13,0,0,0.024296999560305153,Low Risk
21,40000,RENT,0.0,EDUCATION,A,1775,6.54,0.04,N,3,0,0,0.04765622607591812,Low Risk
22,54500,MORTGAGE,6.0,EDUCATION,B,7500,10.59,0.14,N,3,0,0,0.06643833926401801,Low Risk
27,68000,RENT,0.0,DEBTCONSOLIDATION,A,6500,7.51,0.1,N,7,0,0,0.045740425139322485,Low Risk
26,96000,MORTGAGE,6.0,MEDICAL,B,20000,11.11,0.21,N,4,0,0,0.06789630032921537,Low Risk
25,38000,RENT,8.0,MEDICAL,C,16000,12.87,0.42,Y,3,1,1,0.9783998836741622,High Risk
35,65000,MORTGAGE,5.0,DEBTCONSOLIDATION,B,25000,9.51,0.38,N,10,0,0,0.15957234028140446,Low Risk
38,24000,RENT,0.0,HOMEIMPROVEMENT,D,4400,14.09,0.18,N,14,1,1,0.9300727322076485,High Risk
30,102489,MORTGAGE,14.0,PERSONAL,B,25000,12.18,0.24,N,7,0,0,0.05401629601471936,Low Risk
22,95004,OWN,6.0,EDUCATION,B,7200,10.95,0.08,N,4,0,0,0.009669112860947324,Low Risk
27,12000,RENT,0.0,VENTURE,C,4000,14.22,0.33,Y,7,1,1,0.9941723447105575,High Risk
32,180000,MORTGAGE,12.0,PERSONAL,A,10000,7.9,0.06,N,10,0,0,0.026229928612880416,Low Risk
25,84000,RENT,5.0,DEBTCONSOLIDATION,B,9000,11.36,0.11,N,2,0,0,0.07934494739080447,Low Risk
21,29000,RENT,5.0,MEDICAL,D,7000,12.61,0.24,Y,2,1,1,0.622563098422835,High Risk
22,60000,MORTGAGE,1.0,MEDICAL,B,6750,10.99,0.11,N,4,0,0,0.07417593945917371,Low Risk
23,73000,RENT,2.0,VENTURE,B,3000,12.18,0.04,N,3,0,0,0.05088793576805857,Low Risk
48,64430,MORTGAGE,14.0,MEDICAL,D,15000,10.99,0.2,Y,12,1,0,0.4830659436369554,Medium Risk
27,75000,RENT,6.0,HOMEIMPROVEMENT,B,12000,10.99,0.16,N,10,0,0,0.08871190912169255,Low Risk
31,72000,MORTGAGE,6.0,MEDICAL,A,9800,6.62,0.14,N,7,0,0,0.03969569940195205,Low Risk
27,72000,OWN,4.0,EDUCATION,C,8000,11.09,0.11,Y,9,0,0,0.012815751449847586,Low Risk
22,47540,MORTGAGE,4.0,MEDICAL,B,12250,10.62,0.26,N,2,0,0,0.09046292854469115,Low Risk
25,58650,RENT,7.0,MEDICAL,D,5600,14.84,0.08,N,4,1,1,0.8984141957642607,High Risk
28,29000,RENT,4.0,DEBTCONSOLIDATION,D,10000,16.77,0.34,N,10,1,1,0.9923249229583648,High Risk
23,34188,OWN,4.0,VENTURE,A,3200,7.14,0.09,N,3,0,0,0.009179538037331604,Low Risk
25,32000,RENT,1.0,MEDICAL,E,2500,16.45,0.08,Y,2,1,1,0.9403027685098414,High Risk
23,43200,MORTGAGE,5.0,VENTURE,B,10000,12.69,0.23,N,3,0,0,0.04233118259083901,Low Risk
28,47200,RENT,3.0,PERSONAL,B,10000,9.99,0.21,N,8,0,0,0.07356061459901758,Low Risk
23,48000,RENT,3.0,PERSONAL,A,12000,6.03,0.25,N,2,0,0,0.04773597423340801,Low Risk
22,60000,RENT,0.0,MEDICAL,A,5500,7.88,0.09,N,2,0,0,0.03494427144579835,Low Risk
39,44000,RENT,11.0,MEDICAL,D,1800,14.91,0.04,N,17,1,1,0.7656626308286735,High Risk
31,47700,RENT,2.0,MEDICAL,B,12000,11.99,0.25,N,6,0,0,0.1112395719541964,Low Risk
22,120000,RENT,4.0,EDUCATION,B,24000,9.91,0.2,N,4,0,0,0.05302761005889665,Low Risk
38,36000,RENT,10.0,MEDICAL,B,9000,11.83,0.25,N,11,0,0,0.10791492233062834,Low Risk
31,87500,RENT,4.0,DEBTCONSOLIDATION,B,6000,11.99,0.07,N,5,0,0,0.07934494739080447,Low Risk
30,54000,RENT,14.0,PERSONAL,D,4425,17.49,0.08,Y,9,0,1,0.5309508379867733,Medium Risk
22,69000,RENT,6.0,DEBTCONSOLIDATION,B,20000,10.99,0.29,N,4,1,0,0.1329955573103597,Low Risk
29,190000,MORTGAGE,3.0,EDUCATION,B,14000,10.99,0.07,N,6,0,0,0.04203979375165666,Low Risk
24,55000,RENT,5.0,VENTURE,A,9500,9.63,0.17,N,4,0,0,0.020937653204216866,Low Risk
25,54996,RENT,3.0,HOMEIMPROVEMENT,B,12000,10.37,0.22,N,2,0,0,0.11628153352907711,Low Risk
42,33600,MORTGAGE,11.0,VENTURE,C,5000,10.99,0.15,N,11,0,0,0.12985506360777294,Low Risk
29,105500,RENT,4.0,PERSONAL,A,8000,7.49,0.08,N,7,0,0,0.02730051960502908,Low Risk
25,55000,MORTGAGE,3.0,DEBTCONSOLIDATION,A,24200,8.49,0.44,N,2,0,0,0.12901652452089762,Low Risk
34,44460,MORTGAGE,7.0,DEBTCONSOLIDATION,A,9600,7.49,0.22,N,8,0,0,0.0773455605965919,Low Risk
22,54000,MORTGAGE,1.0,MEDICAL,C,4000,13.98,0.07,N,4,0,0,0.1376090812828288,Low Risk
22,53000,MORTGAGE,6.0,DEBTCONSOLIDATION,C,1000,15.27,0.02,Y,4,0,0,0.22601042383030667,Low Risk
24,30000,RENT,8.0,MEDICAL,B,3000,11.86,0.1,N,4,0,0,0.1533221435867239,Low Risk
34,47700,RENT,2.0,DEBTCONSOLIDATION,A,9000,7.14,0.19,N,10,0,0,0.04989619493924894,Low Risk
45,35004,MORTGAGE,5.0,DEBTCONSOLIDATION,C,10000,10.99,0.29,Y,17,0,0,0.11667394853932321,Low Risk
23,75000,MORTGAGE,7.0,VENTURE,B,17000,11.12,0.23,N,2,0,0,0.03489944669278372,Low Risk
22,50000,RENT,5.0,PERSONAL,B,10000,11.71,0.2,N,3,0,0,0.08844984804456994,Low Risk
23,64000,RENT,7.0,DEBTCONSOLIDATION,C,3500,14.72,0.05,Y,2,1,0,0.1835251232300089,Low Risk
21,26124,RENT,3.0,EDUCATION,D,8875,15.62,0.34,Y,3,1,1,0.9706806914429515,High Risk
23,60000,RENT,5.0,EDUCATION,C,7200,13.22,0.12,N,4,0,0,0.05868488086073066,Low Risk
32,34900,MORTGAGE,0.0,PERSONAL,B,12000,10.25,0.34,N,9,0,0,0.23764702370800594,Low Risk
34,65000,OWN,2.0,PERSONAL,A,5600,8.0,0.09,N,6,0,0,0.011047420485401867,Low Risk
23,46800,MORTGAGE,4.0,PERSONAL,A,5000,6.99,0.11,N,2,0,0,0.044405943835286975,Low Risk
24,24000,RENT,3.0,PERSONAL,B,12000,10.36,0.5,N,4,1,1,0.9624324449783033,High Risk
22,107004,MORTGAGE,2.0,EDUCATION,A,10000,7.29,0.09,N,3,0,0,0.023583022183128882,Low Risk
24,27000,MORTGAGE,1.0,DEBTCONSOLIDATION,B,7500,10.39,0.28,N,2,0,0,0.14584918408629413,Low Risk
23,62900,RENT,7.0,MEDICAL,D,5000,14.84,0.07,N,4,1,1,0.7018754209145263,High Risk
31,57996,RENT,4.0,PERSONAL,D,4800,15.58,0.08,Y,9,1,1,0.5309508379867733,Medium Risk
36,38208,MORTGAGE,2.0,VENTURE,D,1500,10.99,0.04,Y,15,0,0,0.31631606761101705,Medium Risk
25,29000,RENT,9.0,PERSONAL,A,11000,8.49,0.38,N,2,1,1,0.9640012797310409,High Risk
27,56525,MORTGAGE,4.0,MEDICAL,D,12000,15.95,0.18,N,10,1,1,0.7525764465521368,High Risk
34,109000,OWN,14.0,HOMEIMPROVEMENT,C,15000,13.61,0.14,Y,7,0,0,0.01177704311423016,Low Risk
31,55000,MORTGAGE,0.0,VENTURE,A,4500,7.14,0.08,N,6,0,0,0.02107455427662453,Low Risk
29,67992,MORTGAGE,0.0,VENTURE,A,2000,7.43,0.03,N,7,0,0,0.01739728532877169,Low Risk
29,35500,MORTGAGE,3.0,DEBTCONSOLIDATION,A,4000,7.88,0.11,N,6,0,0,0.05608787091497937,Low Risk
38,83000,RENT,3.0,HOMEIMPROVEMENT,G,22250,23.22,0.27,Y,12,1,1,0.9363616446764825,High Risk
37,71400,MORTGAGE,7.0,MEDICAL,E,3100,20.69,0.04,Y,14,1,1,0.8249764425365325,High Risk
23,73185,MORTGAGE,7.0,MEDICAL,B,7000,9.63,0.08,N,2,1,0,0.07014394427909,Low Risk
23,60000,MORTGAGE,6.0,PERSONAL,B,2000,10.36,0.03,N,2,0,0,0.04847658174409717,Low Risk
34,80000,MORTGAGE,5.0,PERSONAL,A,12000,7.49,0.15,N,9,0,0,0.023915778283973933,Low Risk
33,54000,RENT,17.0,DEBTCONSOLIDATION,B,15000,11.86,0.28,N,7,1,0,0.13704484660507438,Low Risk
39,45000,MORTGAGE,4.0,VENTURE,A,8625,10.99,0.19,N,13,0,0,0.026029245003407555,Low Risk
53,85000,RENT,2.0,PERSONAL,A,8000,7.74,0.09,N,26,0,0,0.030406419390692337,Low Risk
22,20000,RENT,2.0,PERSONAL,B,4000,9.45,0.2,N,3,0,0,0.13671179479335652,Low Risk
25,80000,OWN,3.0,EDUCATION,C,10000,14.72,0.13,Y,3,0,0,0.013050892936912214,Low Risk
23,25200,RENT,1.0,DEBTCONSOLIDATION,C,8000,12.73,0.32,N,4,1,1,0.9713492424618952,High Risk
29,71000,RENT,0.0,PERSONAL,A,19000,6.54,0.27,N,9,0,0,0.05611936985181211,Low Risk
25,90996,RENT,5.0,MEDICAL,C,14000,12.23,0.15,N,2,0,0,0.05909003066352623,Low Risk
29,50000,RENT,9.0,MEDICAL,C,3600,15.27,0.07,Y,10,0,0,0.2121792149712926,Low Risk
31,24000,RENT,0.0,EDUCATION,A,4000,6.76,0.17,N,9,0,0,0.09954126251481124,Low Risk
52,52000,MORTGAGE,1.0,MEDICAL,A,17000,7.88,0.33,N,18,1,0,0.11374846390724201,Low Risk
29,28000,RENT,0.0,MEDICAL,C,10000,12.84,0.36,Y,7,1,1,0.9752551397468724,High Risk
30,98000,MORTGAGE,14.0,EDUCATION,B,9000,11.49,0.09,N,5,1,0,0.04203979375165666,Low Risk
34,30000,RENT,2.0,PERSONAL,A,4000,7.51,0.13,N,7,0,0,0.09723322034451704,Low Risk
23,36000,MORTGAGE,7.0,EDUCATION,B,2000,11.49,0.06,N,2,0,0,0.08547155082478844,Low Risk
23,141000,MORTGAGE,1.0,EDUCATION,B,15000,10.99,0.11,N,4,0,0,0.04361651782610502,Low Risk
36,36000,OWN,4.0,MEDICAL,D,10000,16.29,0.28,Y,17,0,0,0.1444223459399066,Low Risk
27,55000,MORTGAGE,2.0,VENTURE,D,7000,10.99,0.13,Y,7,0,0,0.29867131887008086,Low Risk
24,82726,MORTGAGE,7.0,EDUCATION,C,20000,10.99,0.24,Y,4,0,0,0.06664120182598098,Low Risk
21,39996,MORTGAGE,5.0,PERSONAL,B,8000,10.25,0.2,N,4,0,0,0.06301326202899218,Low Risk
24,56950,MORTGAGE,4.0,MEDICAL,B,4500,10.0,0.07,N,3,1,0,0.08828738134358136,Low Risk
30,42000,RENT,4.0,VENTURE,A,10000,10.99,0.24,N,9,0,0,0.03279059669657938,Low Risk
25,36000,RENT,1.0,DEBTCONSOLIDATION,D,15000,15.05,0.42,Y,2,1,1,0.994919229141994,High Risk
23,49000,RENT,6.0,DEBTCONSOLIDATION,A,6000,7.9,0.12,N,3,0,0,0.05387354342643136,Low Risk
25,22000,OWN,0.0,VENTURE,E,7500,10.99,0.34,Y,3,0,0,0.277202414279535,Low Risk
24,45000,RENT,3.0,PERSONAL,A,7800,7.51,0.17,N,3,0,0,0.048708304501301466,Low Risk
24,65453,RENT,9.0,MEDICAL,D,24250,15.7,0.31,N,2,1,1,0.9887055427877868,High Risk
30,67000,RENT,2.0,VENTURE,A,9250,10.99,0.14,N,7,0,0,0.03196122564222484,Low Risk
34,40000,MORTGAGE,11.0,VENTURE,A,6000,7.29,0.15,N,7,0,0,0.016014859503089948,Low Risk
28,70000,RENT,0.0,DEBTCONSOLIDATION,C,12800,13.57,0.18,N,6,0,0,0.09965765011472354,Low Risk
33,20640,OWN,0.0,HOMEIMPROVEMENT,D,6250,14.84,0.3,N,7,0,0,0.18932660709576246,Low Risk
23,35400,RENT,4.0,VENTURE,B,9600,11.89,0.27,N,2,0,0,0.0636294689728568,Low Risk
24,83000,RENT,3.0,HOMEIMPROVEMENT,A,3200,6.99,0.04,N,3,0,0,0.03981504338620404,Low Risk
38,55000,MORTGAGE,4.0,DEBTCONSOLIDATION,D,25000,10.99,0.45,Y,14,1,1,0.5093368158285325,Medium Risk
37,50000,RENT,1.0,HOMEIMPROVEMENT,C,15000,13.22,0.3,Y,11,0,0,0.18834465525346658,Low Risk
26,53000,MORTGAGE,10.0,MEDICAL,C,11500,14.65,0.22,N,4,0,0,0.19627623327524016,Low Risk
28,120000,MORTGAGE,0.0,EDUCATION,A,1000,7.12,0.01,N,5,0,0,0.026327960230655676,Low Risk
29,195000,MORTGAGE,5.0,VENTURE,C,3600,14.26,0.02,N,7,1,0,0.04956505575213144,Low Risk
60,1900000,MORTGAGE,5.0,PERSONAL,A,1500,10.99,0.0,N,21,0,0,0.03147999612907007,Low Risk
30,90000,RENT,10.0,HOMEIMPROVEMENT,D,15000,14.96,0.17,N,6,0,0,0.3274141504911673,Medium Risk
31,61150,RENT,0.0,DEBTCONSOLIDATION,B,5100,11.49,0.08,N,8,0,0,0.0992152456027748,Low Risk
25,60000,MORTGAGE,9.0,HOMEIMPROVEMENT,A,6500,5.79,0.11,N,4,0,0,0.03971562006736245,Low Risk
32,35000,MORTGAGE,11.0,DEBTCONSOLIDATION,C,4000,13.61,0.11,N,6,0,0,0.11540645201132,Low Risk
54,33600,RENT,0.0,DEBTCONSOLIDATION,B,1000,10.65,0.03,N,29,1,0,0.1414321987331558,Low Risk
22,103000,MORTGAGE,4.0,MEDICAL,A,2500,10.99,0.02,N,3,0,0,0.03761438741085911,Low Risk
45,118000,MORTGAGE,11.0,EDUCATION,C,9600,13.99,0.08,Y,12,1,0,0.05670694517215207,Low Risk
35,56000,MORTGAGE,1.0,HOMEIMPROVEMENT,B,15000,11.26,0.27,N,10,0,0,0.13854477452938066,Low Risk
23,99670,MORTGAGE,2.0,PERSONAL,D,5500,14.74,0.06,N,4,0,0,0.3864504621067547,Medium Risk
34,125000,MORTGAGE,0.0,MEDICAL,B,9175,10.99,0.07,N,5,0,0,0.06127751080502755,Low Risk
41,95000,OWN,2.0,HOMEIMPROVEMENT,C,21600,13.92,0.23,Y,11,0,0,0.016416724328728344,Low Risk
22,26400,MORTGAGE,2.0,VENTURE,B,4400,11.49,0.17,N,3,0,0,0.09633600066344601,Low Risk
25,42000,RENT,3.0,EDUCATION,A,8000,10.99,0.19,N,4,0,0,0.0638812362210737,Low Risk
26,70000,RENT,4.0,MEDICAL,A,6000,6.17,0.09,N,4,0,0,0.041884732352142066,Low Risk
23,45000,RENT,0.0,VENTURE,C,6225,11.54,0.14,Y,4,0,0,0.11822703346663452,Low Risk
22,24000,OWN,0.0,DEBTCONSOLIDATION,D,4200,15.62,0.17,Y,2,0,0,0.3515807273351004,Medium Risk
22,60000,MORTGAGE,7.0,EDUCATION,B,10950,11.11,0.18,N,3,0,0,0.05223463409711301,Low Risk
26,60000,MORTGAGE,6.0,EDUCATION,A,9000,6.91,0.15,N,3,0,0,0.027978716118952376,Low Risk
26,34000,MORTGAGE,3.0,MEDICAL,D,4000,17.58,0.12,N,3,1,1,0.7869113395754188,High Risk
24,52000,RENT,3.0,HOMEIMPROVEMENT,A,6600,10.99,0.13,N,3,0,0,0.09276156714964469,Low Risk
35,62475,MORTGAGE,5.0,MEDICAL,D,9600,14.61,0.13,Y,6,1,1,0.6765229864050649,High Risk
23,40000,RENT,4.0,MEDICAL,B,7000,11.58,0.17,N,3,0,0,0.09403412755073826,Low Risk
22,55000,MORTGAGE,2.0,MEDICAL,C,4800,12.98,0.09,N,4,0,0,0.12562845078046198,Low Risk
23,44004,OWN,7.0,MEDICAL,A,17000,6.62,0.39,N,2,0,0,0.05584669766732996,Low Risk
30,75000,OWN,14.0,VENTURE,C,10000,14.27,0.13,Y,6,0,0,0.016429206871164368,Low Risk
24,59000,RENT,5.0,EDUCATION,C,15000,14.79,0.25,Y,3,1,0,0.2558861518960601,Low Risk
24,205000,MORTGAGE,8.0,EDUCATION,C,35000,13.99,0.17,N,2,0,0,0.06524491621728233,Low Risk
26,34000,MORTGAGE,4.0,PERSONAL,A,12250,6.91,0.36,N,4,1,0,0.2234926526474685,Low Risk
32,55000,MORTGAGE,4.0,HOMEIMPROVEMENT,C,6500,13.98,0.12,N,10,0,0,0.14865893619208506,Low Risk
28,74000,RENT,12.0,HOMEIMPROVEMENT,B,10000,11.71,0.14,N,8,0,0,0.09062786404998605,Low Risk
39,50760,RENT,4.0,EDUCATION,E,6725,16.45,0.13,N,11,0,0,0.46796354097088344,Medium Risk
35,110000,RENT,1.0,PERSONAL,B,3200,11.48,0.03,N,9,0,0,0.05004928530405253,Low Risk
22,82000,MORTGAGE,6.0,EDUCATION,B,10750,9.25,0.13,N,2,0,0,0.04130144616420765,Low Risk
30,55000,MORTGAGE,1.0,HOMEIMPROVEMENT,B,6500,10.99,0.12,N,7,0,0,0.13338321485911322,Low Risk
23,48000,OWN,8.0,VENTURE,C,6000,12.87,0.13,Y,3,0,0,0.014265783585982454,Low Risk
25,48226,RENT,9.0,MEDICAL,A,7000,7.9,0.15,N,3,0,0,0.05612952697917269,Low Risk
37,130000,RENT,2.0,VENTURE,B,13000,9.88,0.1,N,14,0,0,0.02470436103278155,Low Risk
27,48996,RENT,3.0,VENTURE,B,12000,12.53,0.24,N,6,0,0,0.04649816908090214,Low Risk
26,57550,MORTGAGE,4.0,DEBTCONSOLIDATION,A,3500,5.42,0.06,N,4,0,0,0.04908882621430709,Low Risk
31,62000,MORTGAGE,4.0,VENTURE,A,6550,5.79,0.11,N,5,0,0,0.014407437258105485,Low Risk
35,225000,MORTGAGE,17.0,VENTURE,A,5000,7.49,0.02,N,9,0,0,0.009301341454936591,Low Risk
29,87000,RENT,1.0,HOMEIMPROVEMENT,B,15000,10.59,0.17,N,6,0,0,0.058521305245697174,Low Risk
26,117500,RENT,0.0,VENTURE,A,13800,7.49,0.12,N,3,0,0,0.014850982933324123,Low Risk
25,50600,OWN,3.0,PERSONAL,A,3000,7.51,0.06,N,2,0,0,0.012683383716872098,Low Risk
25,20000,RENT,1.0,MEDICAL,A,12000,8.07,0.6,N,2,1,1,0.9568329535107861,High Risk
28,65000,RENT,7.0,MEDICAL,B,14400,11.14,0.22,N,5,0,0,0.08661436943347557,Low Risk
28,72000,MORTGAGE,8.0,PERSONAL,D,7500,6.0,0.1,N,10,0,0,0.21651027388646976,Low Risk
27,157544,MORTGAGE,8.0,VENTURE,C,35000,12.99,0.22,N,8,0,0,0.04585313316096055,Low Risk
31,160000,RENT,1.0,HOMEIMPROVEMENT,C,7500,11.28,0.05,N,7,0,0,0.05911753388461071,Low Risk
21,35000,MORTGAGE,6.0,DEBTCONSOLIDATION,B,15000,10.99,0.43,N,4,0,0,0.1813569821351126,Low Risk
25,24000,RENT,3.0,DEBTCONSOLIDATION,C,6250,13.72,0.26,Y,3,0,0,0.20791663816064937,Low Risk
24,54731,RENT,2.0,DEBTCONSOLIDATION,B,3200,11.83,0.06,N,2,0,0,0.10446843088629865,Low Risk
46,65000,RENT,1.0,EDUCATION,B,6000,12.69,0.09,N,13,0,0,0.07099248877177716,Low Risk
25,58313,MORTGAGE,9.0,MEDICAL,E,5300,19.91,0.08,Y,2,1,1,0.8380723677067067,High Risk
29,51540,MORTGAGE,3.0,DEBTCONSOLIDATION,A,4000,5.79,0.08,N,7,0,0,0.04908882621430709,Low Risk
22,52000,MORTGAGE,6.0,DEBTCONSOLIDATION,D,14825,15.62,0.29,N,3,1,1,0.8116139183725205,High Risk
25,46000,RENT,9.0,PERSONAL,A,12000,5.42,0.26,N,3,0,0,0.06316013708754838,Low Risk
43,93000,MORTGAGE,15.0,DEBTCONSOLIDATION,D,7500,12.86,0.08,Y,15,1,0,0.49982709668942654,Medium Risk
28,34000,RENT,4.0,PERSONAL,D,10000,14.74,0.29,N,9,0,1,0.7223181824454937,High Risk
24,26000,RENT,6.0,PERSONAL,B,10000,10.99,0.38,N,4,1,1,0.9675027962643619,High Risk
28,72087,MORTGAGE,10.0,PERSONAL,C,16000,10.99,0.22,N,6,0,0,0.07728887543161844,Low Risk
24,45996,RENT,1.0,MEDICAL,C,13000,13.47,0.28,Y,2,1,0,0.15852594379232657,Low Risk
33,48000,MORTGAGE,7.0,MEDICAL,A,13800,8.9,0.29,N,6,0,0,0.059165080518233513,Low Risk
25,44400,RENT,4.0,PERSONAL,D,2100,17.27,0.05,N,4,0,1,0.530654445536464,Medium Risk
28,75000,RENT,0.0,VENTURE,A,5625,6.91,0.07,N,5,0,0,0.020200824972621566,Low Risk
23,26400,RENT,7.0,EDUCATION,A,3800,7.9,0.14,N,2,0,0,0.091736494787974,Low Risk
25,78000,MORTGAGE,9.0,DEBTCONSOLIDATION,D,8000,16.0,0.1,N,4,1,1,0.8338828881936907,High Risk
29,162350,RENT,12.0,MEDICAL,G,25000,21.64,0.13,Y,9,1,1,0.9458771509618668,High Risk
28,27840,RENT,5.0,PERSONAL,C,4750,13.57,0.17,N,5,0,0,0.1663928815964382,Low Risk
29,34000,RENT,0.0,DEBTCONSOLIDATION,B,10000,12.53,0.29,N,6,1,0,0.26256468546887163,Low Risk
32,30000,MORTGAGE,6.0,VENTURE,A,10000,7.51,0.33,N,9,0,0,0.09981958986541488,Low Risk
24,70000,RENT,8.0,DEBTCONSOLIDATION,B,8000,11.71,0.11,N,3,0,0,0.09482351026958716,Low Risk
24,31776,RENT,6.0,VENTURE,A,4700,8.94,0.15,N,3,0,0,0.045120312431929675,Low Risk
25,51492,MORTGAGE,2.0,EDUCATION,B,13800,10.38,0.27,N,4,0,0,0.07417782523844813,Low Risk
28,31200,RENT,3.0,DEBTCONSOLIDATION,A,3600,6.39,0.12,N,7,0,0,0.09712086380193309,Low Risk
35,71500,MORTGAGE,1.0,HOMEIMPROVEMENT,B,19200,10.99,0.27,N,6,0,0,0.10008417135715006,Low Risk
26,74999,RENT,4.0,HOMEIMPROVEMENT,D,16000,17.27,0.21,Y,4,0,0,0.48756718390839165,Medium Risk
23,114600,MORTGAGE,7.0,EDUCATION,C,10000,13.06,0.09,N,3,0,0,0.044514886335543145,Low Risk
26,99000,MORTGAGE,9.0,MEDICAL,C,20000,14.22,0.2,N,4,0,0,0.10623171515678828,Low Risk
25,24996,RENT,8.0,VENTURE,C,2500,12.98,0.1,N,4,0,0,0.12378790406931643,Low Risk
28,75000,RENT,5.0,VENTURE,A,5000,7.88,0.07,N,6,0,0,0.015420938048983488,Low Risk
23,79000,MORTGAGE,7.0,DEBTCONSOLIDATION,D,16000,14.09,0.2,N,3,1,1,0.7806146913328245,High Risk
32,67000,RENT,11.0,DEBTCONSOLIDATION,A,3000,7.14,0.04,N,9,0,0,0.045776741675167355,Low Risk
34,53500,RENT,0.0,MEDICAL,A,3200,6.76,0.06,N,10,0,0,0.05393193665594089,Low Risk
24,45000,MORTGAGE,8.0,PERSONAL,A,4000,10.99,0.09,N,2,0,0,0.05679657982593331,Low Risk
21,36000,RENT,5.0,PERSONAL,B,10000,11.48,0.28,N,4,0,0,0.11520599120810861,Low Risk
23,28800,RENT,0.0,EDUCATION,A,4000,5.42,0.14,N,2,0,0,0.08672422226571597,Low Risk
23,50000,MORTGAGE,6.0,EDUCATION,B,17000,12.42,0.34,N,3,0,0,0.1400725281753684,Low Risk
24,76000,MORTGAGE,8.0,EDUCATION,B,13500,9.99,0.18,N,4,0,0,0.052820890847298976,Low Risk
23,104736,MORTGAGE,3.0,DEBTCONSOLIDATION,D,25000,14.11,0.24,Y,2,1,1,0.7006559120990753,High Risk
28,69000,MORTGAGE,12.0,DEBTCONSOLIDATION,B,10000,9.88,0.14,N,8,0,0,0.07401243287293191,Low Risk
23,64000,MORTGAGE,6.0,DEBTCONSOLIDATION,A,5500,7.14,0.09,N,3,0,0,0.04619681298164864,Low Risk
22,60000,OWN,3.0,PERSONAL,D,8700,15.58,0.14,Y,4,0,0,0.04247901552899885,Low Risk
24,76597,RENT,5.0,PERSONAL,B,22000,9.25,0.29,N,4,0,0,0.08443121354238128,Low Risk
24,37200,RENT,4.0,MEDICAL,D,10000,12.92,0.27,Y,4,0,1,0.5553745178935944,Medium Risk
26,57240,RENT,3.0,VENTURE,A,9000,7.51,0.16,N,3,0,0,0.019920321122691948,Low Risk
23,29376,RENT,3.0,VENTURE,A,5950,7.66,0.2,N,2,0,0,0.050488689675686205,Low Risk
23,30996,OWN,2.0,VENTURE,B,5000,11.86,0.16,N,4,0,0,0.016847509503777575,Low Risk
27,40700,MORTGAGE,8.0,EDUCATION,D,20400,10.99,0.5,N,8,0,0,0.2107959102543509,Low Risk
33,29000,RENT,0.0,EDUCATION,C,10000,13.06,0.34,Y,7,1,1,0.9735585610827219,High Risk
28,87600,OWN,12.0,VENTURE,C,12000,12.99,0.14,N,6,0,0,0.009410497318321302,Low Risk
30,90000,MORTGAGE,5.0,PERSONAL,B,7500,10.71,0.08,N,5,0,0,0.03664485519040367,Low Risk
22,46000,RENT,3.0,EDUCATION,B,11000,10.59,0.24,N,3,0,0,0.06898910188621847,Low Risk
34,154000,MORTGAGE,4.0,PERSONAL,B,4000,10.37,0.03,N,8,0,0,0.03929543299695588,Low Risk
36,55200,RENT,3.0,MEDICAL,D,9900,14.84,0.18,Y,13,1,1,0.76474181100988,High Risk
29,108000,RENT,1.0,EDUCATION,D,12000,10.99,0.11,N,9,1,0,0.2141428720419158,Low Risk
24,65544,OWN,4.0,EDUCATION,B,5000,10.74,0.08,N,2,0,0,0.012279643152369905,Low Risk
23,124800,MORTGAGE,4.0,MEDICAL,B,28000,10.99,0.22,N,2,0,0,0.07668375256557268,Low Risk
28,82000,MORTGAGE,3.0,HOMEIMPROVEMENT,D,25000,16.29,0.3,N,5,0,0,0.35076579502364513,Medium Risk
26,37820,MORTGAGE,3.0,DEBTCONSOLIDATION,A,6300,10.99,0.17,N,2,0,0,0.07441350201758452,Low Risk
25,60000,RENT,7.0,DEBTCONSOLIDATION,B,15000,10.99,0.25,N,3,0,0,0.0837996882715711,Low Risk
24,96000,MORTGAGE,5.0,DEBTCONSOLIDATION,A,5000,8.9,0.05,N,4,0,0,0.03478838518132313,Low Risk
28,30000,MORTGAGE,8.0,DEBTCONSOLIDATION,A,3000,7.29,0.1,N,7,0,0,0.09644116699778599,Low Risk
27,231252,MORTGAGE,1.0,PERSONAL,B,2000,9.91,0.01,N,10,0,0,0.04316737198937849,Low Risk
25,51500,RENT,5.0,VENTURE,C,1325,14.79,0.03,N,3,0,0,0.13979116764885008,Low Risk
22,14400,RENT,2.0,PERSONAL,E,2500,10.99,0.17,N,2,1,1,0.9610475610262932,High Risk
22,35000,RENT,0.0,EDUCATION,A,3250,6.54,0.09,N,3,0,0,0.05321580683218053,Low Risk
23,40000,RENT,4.0,PERSONAL,C,3500,13.23,0.09,Y,2,0,0,0.08564365035056794,Low Risk
22,47000,MORTGAGE,6.0,MEDICAL,B,24000,10.37,0.51,N,4,1,0,0.1783529242198242,Low Risk
24,50000,RENT,2.0,VENTURE,C,4800,13.22,0.1,N,4,0,0,0.10747737686562904,Low Risk
24,78000,MORTGAGE,3.0,DEBTCONSOLIDATION,B,20000,10.37,0.26,N,2,0,0,0.1060430519799663,Low Risk
33,88000,RENT,3.0,VENTURE,D,9000,14.54,0.1,N,9,0,0,0.2173777677479054,Low Risk
24,76000,MORTGAGE,8.0,PERSONAL,A,12000,6.03,0.16,N,2,0,0,0.03415201726318605,Low Risk
32,71000,MORTGAGE,10.0,HOMEIMPROVEMENT,A,14000,6.99,0.2,N,8,0,0,0.04726483018639968,Low Risk
32,54000,MORTGAGE,6.0,EDUCATION,A,4800,10.99,0.09,N,7,0,0,0.05424619341134972,Low Risk
23,60000,RENT,2.0,DEBTCONSOLIDATION,B,8000,10.99,0.13,N,3,0,0,0.07662690451798507,Low Risk
39,40000,RENT,2.0,EDUCATION,A,5200,6.62,0.13,N,17,0,0,0.044137665507667706,Low Risk
22,58000,MORTGAGE,4.0,MEDICAL,A,11050,6.54,0.19,N,4,0,0,0.050088856122831864,Low Risk
21,25000,OWN,0.0,EDUCATION,B,8800,9.33,0.35,N,3,0,0,0.0391487371251363,Low Risk
25,110000,MORTGAGE,7.0,EDUCATION,A,8000,7.14,0.07,N,4,0,0,0.024119919762554464,Low Risk
28,87504,MORTGAGE,2.0,PERSONAL,D,12000,15.21,0.14,Y,10,0,0,0.46750390689920074,Medium Risk
31,144000,RENT,0.0,EDUCATION,G,13000,21.21,0.09,N,6,1,1,0.9104124403146276,High Risk
30,110000,MORTGAGE,5.0,VENTURE,B,25000,11.12,0.23,N,9,0,0,0.026370204591091607,Low Risk
40,87048,MORTGAGE,11.0,PERSONAL,A,17600,7.9,0.2,N,13,0,0,0.03231856681119415,Low Risk
22,165500,MORTGAGE,6.0,EDUCATION,C,12000,12.99,0.07,Y,3,0,0,0.046044015105286676,Low Risk
21,60000,RENT,5.0,MEDICAL,B,24000,10.75,0.4,N,2,1,1,0.967967663575339,High Risk
23,85000,MORTGAGE,1.0,PERSONAL,C,15000,12.84,0.18,N,3,0,0,0.061141131604046876,Low Risk
22,52000,MORTGAGE,6.0,EDUCATION,C,9750,13.06,0.19,N,3,0,0,0.08546966898144397,Low Risk
27,39000,OWN,3.0,MEDICAL,A,9600,5.79,0.25,N,10,0,0,0.023239940598055342,Low Risk
24,120000,RENT,8.0,VENTURE,B,16000,12.18,0.13,N,4,0,0,0.024144399879898144,Low Risk
31,56000,RENT,15.0,DEBTCONSOLIDATION,C,3000,14.27,0.05,N,6,0,0,0.17483782220830382,Low Risk
40,55000,MORTGAGE,6.0,EDUCATION,A,12000,6.62,0.22,N,15,0,0,0.04218533088441438,Low Risk
33,80000,OWN,12.0,HOMEIMPROVEMENT,C,9000,11.97,0.11,N,7,0,0,0.010682010329997134,Low Risk
33,25000,MORTGAGE,0.0,DEBTCONSOLIDATION,C,3000,12.53,0.12,Y,10,0,0,0.15076333478037512,Low Risk
29,36000,OWN,4.0,HOMEIMPROVEMENT,A,5300,7.14,0.15,N,6,0,0,0.025047349096928184,Low Risk
28,78000,MORTGAGE,12.0,MEDICAL,B,13000,10.99,0.17,N,9,0,0,0.10449275354711107,Low Risk
25,32000,RENT,1.0,DEBTCONSOLIDATION,A,1500,7.29,0.05,N,3,0,0,0.1046972517458456,Low Risk
21,24996,RENT,0.0,DEBTCONSOLIDATION,D,5000,10.99,0.2,N,3,1,1,0.8289548023271202,High Risk
22,31200,RENT,6.0,EDUCATION,B,12000,10.39,0.38,N,2,1,1,0.9627324486585904,High Risk
27,52000,RENT,2.0,PERSONAL,C,11000,11.34,0.21,N,9,0,0,0.0997040470132231,Low Risk
32,96000,RENT,14.0,DEBTCONSOLIDATION,E,4000,17.93,0.04,Y,9,1,1,0.7970961859115757,High Risk
30,45200,RENT,0.0,MEDICAL,B,4000,10.59,0.09,N,8,0,0,0.09351316462445948,Low Risk
35,35000,RENT,13.0,MEDICAL,C,4000,13.35,0.11,N,8,0,0,0.11799937985553846,Low Risk
41,92000,MORTGAGE,5.0,HOMEIMPROVEMENT,B,8000,9.63,0.09,N,13,0,0,0.04454410352014836,Low Risk
23,42000,RENT,1.0,HOMEIMPROVEMENT,C,6000,12.99,0.14,N,4,1,0,0.36641228400628406,Medium Risk
22,65000,RENT,0.0,MEDICAL,B,15000,11.36,0.23,N,3,0,0,0.09488017361711015,Low Risk
26,27031,RENT,2.0,VENTURE,B,6000,9.99,0.22,N,4,0,0,0.08621874739843788,Low Risk
40,125000,MORTGAGE,3.0,HOMEIMPROVEMENT,A,10200,7.49,0.08,N,14,0,0,0.027769885719621343,Low Risk
21,62496,MORTGAGE,1.0,EDUCATION,C,5000,12.53,0.08,Y,3,0,0,0.08264511020601747,Low Risk
23,96000,MORTGAGE,2.0,PERSONAL,A,7000,5.79,0.07,N,3,0,0,0.024773380079777342,Low Risk
27,26237,RENT,0.0,MEDICAL,C,12000,13.22,0.46,N,7,1,1,0.9752551397468724,High Risk
29,44000,RENT,0.0,PERSONAL,B,15000,11.86,0.34,N,9,1,1,0.9713005867503495,High Risk
25,80004,MORTGAGE,8.0,PERSONAL,A,6000,8.0,0.07,N,2,1,0,0.02968451037734526,Low Risk
26,85000,MORTGAGE,10.0,MEDICAL,A,24000,8.9,0.28,N,3,0,0,0.0576839980665753,Low Risk
42,60000,RENT,3.0,HOMEIMPROVEMENT,A,7200,5.79,0.12,N,11,0,0,0.042157447422275354,Low Risk
23,44400,MORTGAGE,3.0,EDUCATION,A,6500,7.51,0.15,N,4,0,0,0.06779694550787206,Low Risk
23,36000,MORTGAGE,7.0,DEBTCONSOLIDATION,C,15800,13.72,0.44,Y,4,0,0,0.2641893029771445,Low Risk
23,48996,MORTGAGE,7.0,EDUCATION,C,10525,13.61,0.21,N,2,0,0,0.08546966898144397,Low Risk
24,35004,RENT,6.0,MEDICAL,D,7200,10.99,0.21,N,2,0,1,0.548775049372484,Medium Risk
31,54996,RENT,3.0,HOMEIMPROVEMENT,A,10000,7.74,0.18,N,9,0,0,0.07821456422043523,Low Risk
23,100000,MORTGAGE,7.0,MEDICAL,B,25000,11.71,0.25,N,3,0,0,0.07668375256557268,Low Risk
24,41004,RENT,2.0,DEBTCONSOLIDATION,B,10000,11.14,0.24,N,2,0,0,0.10387908627197329,Low Risk
22,85000,MORTGAGE,0.0,VENTURE,A,12800,6.54,0.15,N,3,0,0,0.01318957500540619,Low Risk
24,23500,MORTGAGE,2.0,DEBTCONSOLIDATION,B,7000,10.38,0.3,N,3,0,0,0.14017462588416685,Low Risk
48,40000,RENT,3.0,MEDICAL,A,10000,10.99,0.25,N,17,0,0,0.06519526148597157,Low Risk
26,42000,MORTGAGE,0.0,EDUCATION,B,4500,11.48,0.11,N,3,0,0,0.08610089612977405,Low Risk
23,39996,RENT,2.0,EDUCATION,B,18000,9.25,0.45,N,4,1,1,0.9623258179253784,High Risk
36,31000,RENT,2.0,PERSONAL,D,8000,14.11,0.26,N,14,1,1,0.7304206375457566,High Risk
40,120000,MORTGAGE,6.0,PERSONAL,B,9600,10.59,0.08,N,14,0,0,0.03905771776199442,Low Risk
39,42000,RENT,2.0,PERSONAL,F,6000,17.58,0.14,N,12,1,1,0.7356141347589831,High Risk
26,28000,RENT,6.0,EDUCATION,B,5100,11.89,0.18,N,4,0,0,0.1478974845084511,Low Risk
25,63000,MORTGAGE,5.0,DEBTCONSOLIDATION,A,11600,10.99,0.18,N,4,0,0,0.062319828846650153,Low Risk
25,24000,RENT,4.0,HOMEIMPROVEMENT,B,10000,9.91,0.42,N,4,1,1,0.9938407791626248,High Risk
29,125000,MORTGAGE,6.0,VENTURE,B,3400,9.91,0.03,N,7,0,0,0.016014169054285928,Low Risk
44,57000,RENT,1.0,PERSONAL,B,4200,10.99,0.07,N,11,0,0,0.09407466415297279,Low Risk
54,77000,RENT,24.0,VENTURE,C,24000,13.49,0.31,N,21,1,1,0.9701325516754035,High Risk
23,57000,RENT,4.0,DEBTCONSOLIDATION,A,12000,8.94,0.21,N,2,0,0,0.05387354342643136,Low Risk
22,75000,RENT,3.0,EDUCATION,B,10600,10.99,0.14,N,3,0,0,0.06418768451490797,Low Risk
22,39000,RENT,3.0,MEDICAL,B,6600,10.99,0.17,N,2,0,0,0.1556619447022911,Low Risk
22,35000,RENT,1.0,DEBTCONSOLIDATION,B,8000,9.2,0.23,N,4,0,0,0.08344924091683725,Low Risk
25,36960,RENT,8.0,DEBTCONSOLIDATION,D,12500,14.61,0.34,Y,4,1,1,0.9923184815167586,High Risk
22,36000,MORTGAGE,6.0,DEBTCONSOLIDATION,A,10000,5.42,0.28,N,3,0,0,0.06149363040443032,Low Risk
25,68000,RENT,1.0,EDUCATION,C,10000,14.26,0.15,Y,2,0,0,0.11371359930860439,Low Risk
35,45996,MORTGAGE,0.0,VENTURE,D,15000,14.42,0.33,Y,7,0,0,0.4057712578240006,Medium Risk
30,32004,RENT,1.0,PERSONAL,B,24250,11.12,0.76,N,5,1,1,0.9719964531106898,High Risk
46,70000,RENT,0.0,HOMEIMPROVEMENT,B,14000,11.26,0.2,N,16,0,0,0.09582796312808917,Low Risk
30,58000,MORTGAGE,2.0,HOMEIMPROVEMENT,A,13200,10.99,0.23,N,5,0,0,0.08496071581436429,Low Risk
27,51000,RENT,1.0,HOMEIMPROVEMENT,A,2000,7.74,0.04,N,6,0,0,0.08930740187807747,Low Risk
23,48000,RENT,2.0,DEBTCONSOLIDATION,A,5000,6.17,0.1,N,4,0,0,0.05115398649422127,Low Risk
31,44960,MORTGAGE,0.0,DEBTCONSOLIDATION,B,5000,10.95,0.11,N,10,1,0,0.1043117953741488,Low Risk
50,116000,MORTGAGE,22.0,PERSONAL,B,5000,10.25,0.04,N,17,0,0,0.041005702025523026,Low Risk
21,57000,RENT,3.0,PERSONAL,A,3000,5.42,0.05,N,3,0,0,0.04967820747932434,Low Risk
22,50004,RENT,5.0,EDUCATION,D,5300,14.42,0.11,N,2,0,0,0.43385054717692745,Medium Risk
36,132000,RENT,3.0,HOMEIMPROVEMENT,A,10200,7.51,0.08,N,13,0,0,0.03122770994491939,Low Risk
21,40000,MORTGAGE,3.0,DEBTCONSOLIDATION,A,8000,6.92,0.2,N,4,0,0,0.04755508226235863,Low Risk
24,75000,MORTGAGE,5.0,HOMEIMPROVEMENT,A,12000,5.99,0.16,N,2,0,0,0.04710446120592161,Low Risk
31,118000,MORTGAGE,8.0,MEDICAL,B,6000,12.69,0.05,N,9,0,0,0.05783236971124462,Low Risk
25,49000,MORTGAGE,1.0,EDUCATION,C,7000,10.99,0.14,N,4,1,0,0.09130122043731383,Low Risk
22,77250,RENT,3.0,PERSONAL,B,4000,11.71,0.05,N,3,0,0,0.0695705173437534,Low Risk
28,54400,RENT,0.0,MEDICAL,D,10200,16.89,0.16,N,5,1,1,0.8744969223762781,High Risk
24,74000,RENT,0.0,PERSONAL,B,4500,12.18,0.06,N,4,0,0,0.0752779746712059,Low Risk
24,36000,RENT,2.0,HOMEIMPROVEMENT,D,2500,16.77,0.07,N,3,1,1,0.8470094919709715,High Risk
23,48000,MORTGAGE,3.0,VENTURE,B,12000,11.36,0.25,N,3,0,0,0.04233118259083901,Low Risk
26,45900,MORTGAGE,10.0,PERSONAL,C,11500,13.79,0.25,N,4,0,0,0.10107096317331933,Low Risk
25,150000,MORTGAGE,5.0,DEBTCONSOLIDATION,A,10000,6.54,0.07,N,4,0,0,0.03302344451737036,Low Risk
28,79536,MORTGAGE,12.0,PERSONAL,A,16425,7.9,0.21,N,10,0,0,0.049346617196257575,Low Risk
22,105000,MORTGAGE,3.0,PERSONAL,C,16000,12.73,0.15,Y,4,0,0,0.04911513218546195,Low Risk
23,67000,MORTGAGE,2.0,DEBTCONSOLIDATION,A,5600,7.49,0.08,N,2,0,0,0.043003336217057646,Low Risk
25,62903,MORTGAGE,9.0,MEDICAL,B,3000,10.65,0.04,N,2,1,0,0.07816228851481373,Low Risk
29,58656,OWN,0.0,EDUCATION,B,8000,11.14,0.14,N,6,0,0,0.039756617477040686,Low Risk
27,56000,MORTGAGE,4.0,DEBTCONSOLIDATION,B,10050,9.63,0.18,N,8,0,0,0.08361528399258497,Low Risk
23,72000,RENT,3.0,DEBTCONSOLIDATION,B,14400,11.14,0.2,N,3,0,0,0.0972027990388611,Low Risk
25,48000,RENT,6.0,DEBTCONSOLIDATION,B,7200,11.36,0.15,N,3,0,0,0.10681505416198901,Low Risk
35,49872,RENT,2.0,VENTURE,A,8400,7.29,0.17,N,9,0,0,0.02571524393086015,Low Risk
28,150000,MORTGAGE,11.0,HOMEIMPROVEMENT,A,15000,9.63,0.1,N,9,0,0,0.029970610989269314,Low Risk
24,25000,MORTGAGE,1.0,MEDICAL,A,6500,10.99,0.26,N,4,0,0,0.11789014831653512,Low Risk
23,37700,MORTGAGE,4.0,EDUCATION,D,8000,15.62,0.21,Y,3,0,0,0.4330419546599303,Medium Risk
25,50000,MORTGAGE,9.0,DEBTCONSOLIDATION,A,18000,7.88,0.36,N,2,0,0,0.11403293403257654,Low Risk
23,48600,MORTGAGE,7.0,PERSONAL,B,19000,11.36,0.39,N,4,0,0,0.14995130047218957,Low Risk
27,103000,MORTGAGE,8.0,PERSONAL,A,8800,7.29,0.09,N,8,0,0,0.024773380079777342,Low Risk
21,53000,RENT,3.0,EDUCATION,D,3000,10.99,0.06,N,4,0,0,0.2772497425845874,Low Risk
24,42000,RENT,4.0,EDUCATION,A,10200,7.49,0.24,N,4,0,0,0.05040067044007728,Low Risk
27,72000,MORTGAGE,2.0,MEDICAL,A,21100,8.9,0.29,N,8,0,0,0.0529609543168043,Low Risk
36,30000,RENT,0.0,EDUCATION,A,5500,8.9,0.18,N,11,0,0,0.1164545641158524,Low Risk
32,84996,MORTGAGE,5.0,MEDICAL,B,20000,8.88,0.24,N,5,0,0,0.07134071671567276,Low Risk
46,50000,RENT,0.0,HOMEIMPROVEMENT,B,4350,10.99,0.09,N,16,0,0,0.1455711663299632,Low Risk
35,88000,MORTGAGE,18.0,MEDICAL,B,9800,12.69,0.11,N,10,0,0,0.08036956485612924,Low Risk
33,190000,MORTGAGE,10.0,HOMEIMPROVEMENT,D,20000,14.11,0.11,N,10,0,0,0.2536639561364628,Low Risk
29,40777,MORTGAGE,4.0,PERSONAL,D,8000,14.91,0.2,Y,8,0,0,0.49599270294193826,Medium Risk
22,26400,RENT,3.0,PERSONAL,B,10000,9.88,0.38,N,2,1,1,0.9640712975156391,High Risk
25,70000,MORTGAGE,4.0,PERSONAL,C,15000,13.16,0.21,Y,3,1,0,0.07949970436079475,Low Risk
26,74004,RENT,10.0,DEBTCONSOLIDATION,D,25000,10.99,0.34,Y,4,1,1,0.9922233176083392,High Risk
25,43500,RENT,0.0,MEDICAL,A,4500,6.76,0.1,N,2,0,0,0.05755312225915164,Low Risk
28,103832,RENT,12.0,EDUCATION,E,24000,16.69,0.23,N,5,0,0,0.3301596437502283,Medium Risk
27,63945,RENT,6.0,VENTURE,A,3500,7.9,0.05,N,5,0,0,0.017859605617536196,Low Risk
48,94050,MORTGAGE,1.0,DEBTCONSOLIDATION,D,23000,14.96,0.24,Y,16,1,1,0.8620848449206161,High Risk
35,38000,RENT,3.0,VENTURE,B,8000,10.99,0.21,N,9,0,0,0.0500130408190887,Low Risk
22,56400,MORTGAGE,6.0,EDUCATION,D,17300,15.62,0.31,N,4,0,0,0.33889073887694837,Medium Risk
24,29000,RENT,0.0,DEBTCONSOLIDATION,B,6250,10.99,0.22,N,2,0,0,0.18645641817856154,Low Risk
36,43200,MORTGAGE,13.0,DEBTCONSOLIDATION,B,11000,10.99,0.25,N,12,0,0,0.10665531925778764,Low Risk
23,60000,OWN,3.0,MEDICAL,A,10000,6.92,0.17,N,4,0,0,0.010069657313751349,Low Risk
38,75000,MORTGAGE,13.0,VENTURE,B,20000,11.36,0.27,N,11,0,0,0.03958040076782615,Low Risk
31,95000,RENT,2.0,EDUCATION,C,2500,13.72,0.03,Y,10,0,0,0.05797379838603643,Low Risk
29,33000,RENT,2.0,PERSONAL,C,1700,15.23,0.05,Y,9,0,0,0.2955561999839716,Low Risk
22,54800,OWN,7.0,EDUCATION,A,8000,10.99,0.15,N,2,0,0,0.01213873388070811,Low Risk
27,120000,RENT,4.0,DEBTCONSOLIDATION,A,12000,10.99,0.1,N,5,0,0,0.04731086148704139,Low Risk
26,37000,MORTGAGE,4.0,VENTURE,A,10400,8.94,0.28,N,3,0,0,0.02441698169606052,Low Risk
31,20000,OWN,5.0,VENTURE,B,5000,11.83,0.25,N,5,0,0,0.011098680639652856,Low Risk
22,50000,MORTGAGE,6.0,VENTURE,B,10000,9.88,0.2,N,4,0,0,0.029448310492401417,Low Risk
41,140000,MORTGAGE,2.0,EDUCATION,E,15000,17.88,0.11,N,11,0,0,0.37430666188876677,Medium Risk
24,50000,MORTGAGE,0.0,HOMEIMPROVEMENT,B,5500,10.99,0.11,N,3,0,0,0.13338321485911322,Low Risk
25,32000,RENT,3.0,DEBTCONSOLIDATION,A,3000,8.94,0.09,N,3,0,0,0.10592670552152249,Low Risk
23,50000,RENT,5.0,EDUCATION,E,9200,15.68,0.18,N,2,0,0,0.34770335376258565,Medium Risk
22,36996,RENT,5.0,EDUCATION,A,10000,7.51,0.27,N,4,0,0,0.07142329940111745,Low Risk
23,40440,RENT,0.0,EDUCATION,C,5500,12.73,0.14,N,4,0,0,0.09275085153101144,Low Risk
31,65000,MORTGAGE,15.0,HOMEIMPROVEMENT,A,5000,6.03,0.08,N,9,0,0,0.05105374993479942,Low Risk
22,64000,RENT,7.0,EDUCATION,D,13000,14.11,0.2,Y,3,0,0,0.3052282542544983,Medium Risk
21,38400,OWN,0.0,VENTURE,C,12200,10.99,0.32,N,2,0,0,0.03288527441326715,Low Risk
24,68648,RENT,1.0,VENTURE,B,5000,10.99,0.07,N,2,0,0,0.05088793576805857,Low Risk
23,62000,MORTGAGE,8.0,HOMEIMPROVEMENT,C,9000,11.03,0.15,N,2,1,0,0.2067199366057892,Low Risk
23,60000,RENT,4.0,MEDICAL,C,2000,13.06,0.03,Y,3,0,0,0.08108450133864045,Low Risk
27,159600,MORTGAGE,1.0,HOMEIMPROVEMENT,B,25000,10.99,0.16,N,8,0,0,0.06231218653690675,Low Risk
30,39600,MORTGAGE,11.0,EDUCATION,A,15000,7.49,0.38,N,5,1,0,0.159713429238659,Low Risk
25,43200,RENT,3.0,PERSONAL,C,3000,13.8,0.07,Y,3,0,0,0.10550833542605635,Low Risk
27,22800,RENT,5.0,PERSONAL,C,3500,13.99,0.15,Y,10,1,0,0.17361439148978522,Low Risk
29,75000,RENT,2.0,HOMEIMPROVEMENT,B,7000,11.71,0.09,N,9,0,0,0.09381341459272902,Low Risk
26,95000,RENT,3.0,MEDICAL,C,12500,12.61,0.13,N,2,0,0,0.06288431346043508,Low Risk
27,21600,OWN,11.0,HOMEIMPROVEMENT,B,4000,10.62,0.19,N,9,0,0,0.05127002815351571,Low Risk
26,48000,RENT,7.0,MEDICAL,A,9000,8.94,0.19,N,3,0,0,0.05612952697917269,Low Risk
21,60000,RENT,5.0,EDUCATION,B,10000,12.18,0.17,N,2,0,0,0.0542717766393438,Low Risk
22,17400,MORTGAGE,6.0,VENTURE,B,1000,11.36,0.06,N,2,0,0,0.19925191223633845,Low Risk
23,52000,RENT,4.0,DEBTCONSOLIDATION,C,6000,14.22,0.12,N,4,0,0,0.17392859879697753,Low Risk
32,42000,RENT,0.0,DEBTCONSOLIDATION,A,8400,7.88,0.2,N,9,0,0,0.05589275111805869,Low Risk
24,55000,MORTGAGE,8.0,MEDICAL,A,1800,7.49,0.03,N,3,0,0,0.054541337689449285,Low Risk
33,115000,RENT,9.0,HOMEIMPROVEMENT,C,7500,11.03,0.07,Y,8,0,0,0.05767956371835095,Low Risk
27,28000,RENT,8.0,MEDICAL,A,12000,7.51,0.43,N,9,1,1,0.9605068636066657,High Risk
34,63000,MORTGAGE,9.0,DEBTCONSOLIDATION,B,18000,11.49,0.29,N,9,0,0,0.11588311262331727,Low Risk
24,36000,RENT,0.0,DEBTCONSOLIDATION,B,12250,11.49,0.34,N,2,1,1,0.9735638202863212,High Risk
23,19200,MORTGAGE,7.0,DEBTCONSOLIDATION,A,3000,10.99,0.16,N,3,1,1,0.9407279582668916,High Risk
39,67000,MORTGAGE,4.0,HOMEIMPROVEMENT,B,15000,10.37,0.22,N,15,0,0,0.07790590119142823,Low Risk
32,99996,MORTGAGE,16.0,DEBTCONSOLIDATION,A,7000,7.14,0.07,N,10,0,0,0.032393688754719714,Low Risk
22,42500,MORTGAGE,6.0,MEDICAL,E,7000,15.57,0.16,Y,4,1,1,0.7403059101814583,High Risk
39,30500,RENT,3.0,PERSONAL,A,3600,7.68,0.12,N,13,0,0,0.09723322034451704,Low Risk
23,80000,RENT,5.0,EDUCATION,A,8000,7.9,0.1,N,3,0,0,0.026707003896731113,Low Risk
41,47508,RENT,3.0,DEBTCONSOLIDATION,B,10000,10.74,0.21,N,16,0,0,0.08374374713209276,Low Risk
22,86000,MORTGAGE,6.0,EDUCATION,B,10000,11.49,0.12,N,2,0,0,0.04644304817194999,Low Risk
32,65000,OWN,12.0,VENTURE,B,10000,11.99,0.15,N,5,0,0,0.006729775999141531,Low Risk
24,48000,OWN,5.0,VENTURE,A,4400,5.99,0.09,N,4,0,0,0.004905726276993511,Low Risk
40,19200,RENT,2.0,VENTURE,B,1800,11.99,0.09,N,13,0,0,0.27672261029233597,Low Risk
28,28320,RENT,4.0,VENTURE,D,8700,14.61,0.31,N,8,1,1,0.9663134993948971,High Risk
27,83000,MORTGAGE,4.0,VENTURE,A,8800,8.49,0.11,N,9,0,0,0.011331669318518383,Low Risk
28,140000,OWN,12.0,VENTURE,D,18000,16.29,0.13,N,7,0,0,0.018058660922969743,Low Risk
23,21600,RENT,1.0,EDUCATION,D,4500,15.65,0.21,N,2,1,1,0.7313439511349036,High Risk
23,16000,MORTGAGE,3.0,MEDICAL,C,2275,13.06,0.14,Y,3,0,0,0.39597939498103735,Medium Risk
22,29184,OWN,4.0,MEDICAL,A,1800,5.42,0.06,N,4,0,0,0.021952152980234087,Low Risk
28,30000,RENT,0.0,DEBTCONSOLIDATION,A,10000,9.32,0.33,N,7,1,1,0.9601767874451576,High Risk
27,21112,RENT,0.0,PERSONAL,D,3600,15.99,0.17,Y,10,1,1,0.7870515284586856,High Risk
38,34000,MORTGAGE,14.0,VENTURE,D,8000,15.62,0.24,N,11,1,0,0.4872658461139662,Medium Risk
22,64000,RENT,2.0,DEBTCONSOLIDATION,B,10000,12.69,0.16,N,4,1,0,0.09865227150340047,Low Risk
31,78000,RENT,0.0,HOMEIMPROVEMENT,E,18000,18.79,0.23,N,9,1,1,0.7612390668544333,High Risk
22,114000,RENT,2.0,VENTURE,D,5000,15.31,0.04,N,3,1,0,0.40347434993853776,Medium Risk
24,79000,RENT,2.0,HOMEIMPROVEMENT,A,13800,8.49,0.17,N,2,0,0,0.06755127382105205,Low Risk
34,50000,OWN,4.0,EDUCATION,A,10000,6.03,0.2,N,5,0,0,0.011524300543629119,Low Risk
29,27000,RENT,2.0,EDUCATION,B,2725,9.63,0.1,N,6,0,0,0.12770265937611988,Low Risk
23,36000,RENT,2.0,MEDICAL,D,16750,15.28,0.47,Y,4,1,1,0.9924155266321371,High Risk
22,50000,RENT,4.0,MEDICAL,A,12500,7.29,0.25,N,2,0,0,0.05281949923360885,Low Risk
28,110004,MORTGAGE,2.0,HOMEIMPROVEMENT,B,15000,10.99,0.14,N,6,0,0,0.05235265778313584,Low Risk
31,55000,RENT,3.0,HOMEIMPROVEMENT,B,5000,12.18,0.09,N,8,0,0,0.1380839905823379,Low Risk
35,94000,MORTGAGE,9.0,VENTURE,B,15000,9.88,0.16,N,10,0,0,0.0159149592316194,Low Risk
23,33000,RENT,8.0,DEBTCONSOLIDATION,A,12000,8.49,0.36,N,3,1,1,0.9601767874451576,High Risk
22,60000,RENT,0.0,VENTURE,A,5500,7.88,0.09,N,3,0,0,0.01731380499534849,Low Risk
43,19440,RENT,1.0,HOMEIMPROVEMENT,B,7500,9.01,0.39,N,11,1,1,0.9987412858511554,High Risk
23,80000,RENT,0.0,VENTURE,C,14000,14.27,0.17,Y,2,0,0,0.08268594737826657,Low Risk
22,50004,RENT,6.0,PERSONAL,B,12000,10.0,0.24,N,2,0,0,0.07356061459901758,Low Risk
29,80000,MORTGAGE,5.0,MEDICAL,B,22000,10.59,0.28,N,10,0,0,0.07494724549907048,Low Risk
28,49000,MORTGAGE,4.0,MEDICAL,A,7000,7.51,0.14,N,8,0,0,0.05073197080354485,Low Risk
29,62500,MORTGAGE,13.0,MEDICAL,B,5000,11.36,0.08,N,5,0,0,0.09090277850295568,Low Risk
22,57600,OWN,6.0,VENTURE,A,6500,7.49,0.11,N,3,0,0,0.004874993727729159,Low Risk
22,58000,RENT,0.0,EDUCATION,A,17475,7.51,0.3,N,3,0,0,0.065375991455955,Low Risk
26,15600,RENT,5.0,DEBTCONSOLIDATION,A,5000,5.99,0.32,N,3,1,1,0.996234760680716,High Risk
24,79500,RENT,8.0,HOMEIMPROVEMENT,B,16000,11.14,0.2,N,4,0,0,0.11002243265632182,Low Risk
27,39600,RENT,4.0,DEBTCONSOLIDATION,A,2000,7.9,0.05,N,6,0,0,0.09782493528769473,Low Risk
25,30000,MORTGAGE,3.0,HOMEIMPROVEMENT,A,12000,5.99,0.4,N,4,1,0,0.38932096393853954,Medium Risk
22,33000,RENT,5.0,DEBTCONSOLIDATION,B,7800,10.99,0.24,N,3,0,0,0.1771259297499851,Low Risk
23,79100,MORTGAGE,4.0,VENTURE,A,3300,5.42,0.04,N,3,0,0,0.01698190475159451,Low Risk
28,103241,RENT,2.0,DEBTCONSOLIDATION,B,10000,9.88,0.1,N,8,0,0,0.05660575946272054,Low Risk
24,66000,RENT,8.0,PERSONAL,B,9600,11.26,0.15,N,3,0,0,0.07068933525400259,Low Risk
21,32400,RENT,2.0,MEDICAL,C,10000,13.23,0.31,N,4,1,1,0.975608007055305,High Risk
23,30000,MORTGAGE,3.0,MEDICAL,E,3800,18.64,0.13,N,2,1,1,0.8592902568045264,High Risk
28,100000,MORTGAGE,6.0,DEBTCONSOLIDATION,B,10000,10.99,0.1,N,5,0,0,0.07042139281717884,Low Risk
22,26400,RENT,0.0,VENTURE,A,6000,8.59,0.23,N,3,0,0,0.06240095982179919,Low Risk
40,98004,RENT,4.0,DEBTCONSOLIDATION,F,25000,19.04,0.26,Y,16,1,1,0.7574615951665477,High Risk
36,49000,OWN,4.0,PERSONAL,D,4200,16.02,0.09,Y,13,0,0,0.05361808621456889,Low Risk
28,40000,RENT,1.0,MEDICAL,B,6500,10.74,0.16,N,6,0,0,0.08290891061943637,Low Risk
27,110000,MORTGAGE,8.0,VENTURE,B,30000,11.11,0.27,N,6,0,0,0.02924100781948256,Low Risk
29,12000,RENT,1.0,EDUCATION,D,4500,15.05,0.38,N,9,1,1,0.9945794450999947,High Risk
24,133000,RENT,5.0,HOMEIMPROVEMENT,B,17400,11.71,0.13,N,3,0,0,0.05217906185722226,Low Risk
31,74628,MORTGAGE,12.0,DEBTCONSOLIDATION,C,15000,12.99,0.2,N,5,0,0,0.10857014880243561,Low Risk
24,60000,MORTGAGE,8.0,MEDICAL,A,17000,7.49,0.28,N,2,0,0,0.04014354272839961,Low Risk
24,92341,RENT,9.0,HOMEIMPROVEMENT,A,12000,7.51,0.13,N,3,0,0,0.03183554406034746,Low Risk
22,63000,RENT,5.0,EDUCATION,B,4000,10.99,0.06,N,4,0,0,0.07077530522547346,Low Risk
29,92000,MORTGAGE,8.0,HOMEIMPROVEMENT,A,12000,6.62,0.13,N,8,0,0,0.028312381746404918,Low Risk
23,120000,MORTGAGE,7.0,EDUCATION,A,10000,7.51,0.08,N,3,0,0,0.023762807574347927,Low Risk
22,48000,RENT,6.0,EDUCATION,B,4000,9.91,0.08,N,3,0,0,0.06939583148932743,Low Risk
22,24960,RENT,0.0,VENTURE,A,2500,7.51,0.1,N,2,0,0,0.05348858720854548,Low Risk
25,150000,MORTGAGE,9.0,DEBTCONSOLIDATION,B,25000,10.25,0.17,N,4,0,0,0.06897263930085783,Low Risk
45,75000,MORTGAGE,2.0,EDUCATION,B,15000,10.99,0.2,N,12,0,0,0.0711406206015924,Low Risk
41,76000,MORTGAGE,17.0,HOMEIMPROVEMENT,A,4800,5.42,0.06,N,16,0,0,0.048992691994386335,Low Risk
27,38400,RENT,6.0,MEDICAL,B,5000,9.88,0.13,N,10,0,0,0.09059174012152403,Low Risk
33,18996,RENT,5.0,DEBTCONSOLIDATION,D,3250,16.32,0.17,N,7,1,1,0.9814648063481014,High Risk
36,50000,RENT,4.0,HOMEIMPROVEMENT,A,15000,8.9,0.3,N,14,0,0,0.10824469179678159,Low Risk
39,72000,RENT,5.0,MEDICAL,B,20000,12.69,0.28,N,14,0,0,0.1190222019107691,Low Risk
40,86000,RENT,0.0,EDUCATION,D,20000,14.54,0.23,Y,13,1,1,0.5641591293844525,Medium Risk
28,70834,MORTGAGE,4.0,PERSONAL,B,20000,12.21,0.28,N,9,0,0,0.0788973984358879,Low Risk
23,68000,RENT,1.0,EDUCATION,B,7500,11.49,0.11,N,3,0,0,0.0694865221913805,Low Risk
30,80000,RENT,7.0,VENTURE,A,12000,8.9,0.15,N,10,0,0,0.011442906456859712,Low Risk
27,175000,MORTGAGE,7.0,MEDICAL,A,15000,7.49,0.09,N,8,0,0,0.029478619302620586,Low Risk
28,66000,RENT,9.0,VENTURE,A,10000,7.9,0.15,N,9,0,0,0.016488216240131293,Low Risk
27,62000,RENT,7.0,HOMEIMPROVEMENT,A,5000,10.99,0.08,N,5,0,0,0.07191023240713933,Low Risk
25,62000,MORTGAGE,2.0,HOMEIMPROVEMENT,E,20000,17.04,0.32,N,3,1,0,0.4999724920648888,Medium Risk
29,48000,MORTGAGE,3.0,VENTURE,A,3250,6.76,0.07,N,7,0,0,0.017111894298164326,Low Risk
26,108000,MORTGAGE,4.0,HOMEIMPROVEMENT,A,8000,5.42,0.07,N,4,0,0,0.028312381746404918,Low Risk
33,62910,OWN,3.0,PERSONAL,D,7075,17.58,0.11,N,8,0,0,0.06496623607685126,Low Risk
26,70000,MORTGAGE,10.0,DEBTCONSOLIDATION,B,2500,10.99,0.04,N,3,0,0,0.09522250657311342,Low Risk
24,82000,MORTGAGE,2.0,MEDICAL,A,20000,6.54,0.24,N,4,0,0,0.04163840821769885,Low Risk
34,18000,RENT,0.0,VENTURE,B,6000,10.99,0.33,N,7,1,1,0.9918918481212766,High Risk
34,38500,RENT,0.0,DEBTCONSOLIDATION,C,8000,10.99,0.21,Y,9,0,0,0.12014846300571293,Low Risk
32,32000,RENT,1.0,VENTURE,E,2600,10.99,0.08,N,6,1,1,0.5456617107080772,Medium Risk
22,24000,RENT,0.0,DEBTCONSOLIDATION,A,2450,7.9,0.1,N,2,0,0,0.09924696000687903,Low Risk
27,67000,RENT,3.0,DEBTCONSOLIDATION,B,6000,9.99,0.09,N,8,0,0,0.07412733600131095,Low Risk
31,26400,RENT,2.0,VENTURE,C,3250,13.48,0.12,N,8,0,0,0.15978098295846244,Low Risk
24,71000,OWN,4.0,PERSONAL,B,14000,10.99,0.2,N,3,0,0,0.013177028103911649,Low Risk
24,39000,RENT,0.0,EDUCATION,A,15000,9.63,0.38,N,4,1,1,0.9747746161897357,High Risk
24,21600,RENT,0.0,EDUCATION,C,6600,12.68,0.31,Y,4,1,1,0.9688987768280124,High Risk
23,85000,MORTGAGE,7.0,EDUCATION,C,20000,13.22,0.24,Y,4,0,0,0.06596814003783438,Low Risk
27,33267,MORTGAGE,5.0,HOMEIMPROVEMENT,B,3200,12.18,0.1,N,6,0,0,0.36010840380072007,Medium Risk
25,50000,RENT,6.0,MEDICAL,A,4000,6.92,0.08,N,4,0,0,0.053136340708455125,Low Risk
32,75000,MORTGAGE,10.0,VENTURE,E,20000,16.45,0.27,Y,8,0,0,0.24025399685447282,Low Risk
25,44000,MORTGAGE,7.0,PERSONAL,B,7500,10.08,0.17,N,2,1,0,0.07085369098709327,Low Risk
25,28128,RENT,2.0,VENTURE,D,7500,15.33,0.27,N,3,1,1,0.7096683928902758,High Risk
31,46000,RENT,0.0,MEDICAL,A,10000,7.51,0.22,N,7,0,0,0.05349569948271473,Low Risk
30,73000,RENT,15.0,DEBTCONSOLIDATION,B,5500,9.99,0.08,N,9,0,0,0.07412733600131095,Low Risk
29,28550,RENT,6.0,DEBTCONSOLIDATION,B,4000,10.59,0.14,N,10,0,0,0.128614777530447,Low Risk
24,49344,MORTGAGE,6.0,DEBTCONSOLIDATION,B,8500,9.99,0.17,N,4,0,0,0.08361528399258497,Low Risk
22,70000,RENT,6.0,EDUCATION,D,29100,15.99,0.42,N,3,1,1,0.9619899584537813,High Risk
23,49000,MORTGAGE,2.0,VENTURE,A,6000,7.88,0.12,N,4,0,0,0.021104768589320196,Low Risk
65,93000,MORTGAGE,27.0,PERSONAL,B,25000,9.99,0.27,N,27,0,0,0.0644057481722653,Low Risk
24,56000,RENT,2.0,EDUCATION,A,10000,6.03,0.18,N,4,0,0,0.04650570152172372,Low Risk
25,19000,OWN,3.0,DEBTCONSOLIDATION,A,4000,7.4,0.21,N,3,1,1,0.9313337360809649,High Risk
27,46000,RENT,5.0,EDUCATION,D,13000,14.59,0.28,Y,10,0,0,0.44561924840945094,Medium Risk
31,55000,RENT,2.0,MEDICAL,B,10000,12.42,0.18,N,7,0,0,0.1112395719541964,Low Risk
43,64000,MORTGAGE,6.0,MEDICAL,A,15000,7.88,0.23,N,17,0,0,0.04515812851513341,Low Risk
23,30000,RENT,5.0,MEDICAL,A,8250,7.51,0.28,N,4,0,0,0.14792396084698525,Low Risk
34,56000,OWN,0.0,MEDICAL,B,5600,11.86,0.1,N,7,0,0,0.019699077736988497,Low Risk
23,26400,RENT,7.0,DEBTCONSOLIDATION,A,3800,7.9,0.14,N,4,0,0,0.09596733799339785,Low Risk
26,96640,OTHER,8.0,EDUCATION,B,25000,11.58,0.26,N,2,0,0,0.05461481331786263,Low Risk
26,62361,MORTGAGE,6.0,PERSONAL,B,21650,12.69,0.35,N,4,0,0,0.13890299451183433,Low Risk
28,49900,RENT,6.0,HOMEIMPROVEMENT,C,7000,14.27,0.14,N,9,1,0,0.1989015700407333,Low Risk
22,39000,RENT,3.0,EDUCATION,D,10000,10.99,0.26,Y,3,1,0,0.40196592059844877,Medium Risk
29,32997,RENT,7.0,DEBTCONSOLIDATION,A,10000,5.79,0.3,N,7,0,0,0.14623857725530637,Low Risk
30,55840,RENT,6.0,MEDICAL,B,6000,10.25,0.11,N,5,0,0,0.08784812322827121,Low Risk
37,50000,RENT,0.0,VENTURE,B,5000,11.89,0.1,N,12,0,0,0.06401610736593971,Low Risk
50,36000,RENT,0.0,VENTURE,B,5000,10.37,0.14,N,16,0,0,0.0482792541599553,Low Risk
39,30000,RENT,7.0,VENTURE,A,8450,5.99,0.28,N,16,0,0,0.06653005050822858,Low Risk
22,96000,MORTGAGE,3.0,EDUCATION,C,11400,13.04,0.12,Y,2,0,0,0.046044015105286676,Low Risk
29,45000,OWN,13.0,VENTURE,B,15000,11.49,0.33,N,8,0,0,0.02026977623851285,Low Risk
43,42000,MORTGAGE,3.0,VENTURE,B,20000,10.99,0.48,N,13,0,0,0.10403971586846979,Low Risk
29,96500,RENT,13.0,PERSONAL,B,10000,8.88,0.1,N,8,0,0,0.04129464887542546,Low Risk
23,116000,RENT,7.0,EDUCATION,A,11000,8.94,0.09,N,2,0,0,0.02760026691152787,Low Risk
22,90000,RENT,5.0,PERSONAL,B,20000,10.99,0.22,N,4,0,0,0.05834865619539062,Low Risk
26,44000,RENT,4.0,HOMEIMPROVEMENT,G,12500,22.11,0.28,Y,2,1,1,0.8856225910192895,High Risk
37,30960,RENT,5.0,VENTURE,B,4800,11.49,0.16,N,16,0,0,0.09045653413360265,Low Risk
23,71000,RENT,7.0,PERSONAL,A,11300,7.49,0.16,N,3,0,0,0.037811593921728566,Low Risk
25,53000,MORTGAGE,9.0,VENTURE,A,10800,7.51,0.2,N,2,0,0,0.017136526849284704,Low Risk
29,125000,MORTGAGE,2.0,HOMEIMPROVEMENT,C,8500,13.47,0.07,Y,5,0,0,0.06180093433859641,Low Risk
34,140000,MORTGAGE,8.0,EDUCATION,A,12000,7.29,0.09,N,8,0,0,0.023655800175979586,Low Risk
29,14400,RENT,2.0,VENTURE,B,1400,11.49,0.1,N,6,0,0,0.27672261029233597,Low Risk
38,78000,MORTGAGE,0.0,HOMEIMPROVEMENT,A,3225,5.79,0.04,N,13,0,0,0.06284461017729323,Low Risk
26,30720,RENT,4.0,DEBTCONSOLIDATION,B,10000,11.49,0.33,N,3,1,1,0.970651262851281,High Risk
27,38000,RENT,0.0,VENTURE,B,10000,9.76,0.26,N,5,0,0,0.05920068885427019,Low Risk
22,128000,MORTGAGE,6.0,VENTURE,A,21600,6.91,0.17,N,4,0,0,0.011318405398810356,Low Risk
33,75000,MORTGAGE,6.0,PERSONAL,A,12000,5.42,0.16,N,10,0,0,0.03350148530053881,Low Risk
22,36000,MORTGAGE,6.0,VENTURE,A,7500,7.14,0.21,N,3,0,0,0.019919220031490437,Low Risk
33,60000,MORTGAGE,3.0,DEBTCONSOLIDATION,A,3500,7.9,0.06,N,9,0,0,0.03731075322323635,Low Risk
22,28800,RENT,5.0,MEDICAL,B,9000,10.99,0.31,N,2,1,1,0.9701150100313795,High Risk
32,35000,RENT,2.0,PERSONAL,B,5500,11.49,0.16,N,5,0,0,0.0968500118482029,Low Risk
21,44000,RENT,0.0,EDUCATION,D,12875,15.31,0.29,N,2,1,1,0.6593390717116582,High Risk
22,48000,MORTGAGE,0.0,MEDICAL,A,3500,6.54,0.07,N,3,0,0,0.050390189060047004,Low Risk
24,29000,RENT,4.0,MEDICAL,D,14400,15.7,0.5,N,4,1,1,0.9843402836522932,High Risk
47,204000,MORTGAGE,6.0,EDUCATION,C,10000,13.06,0.05,Y,13,0,0,0.04706761635359795,Low Risk
32,80000,RENT,6.0,HOMEIMPROVEMENT,B,1500,10.74,0.02,N,10,0,0,0.052250247716145365,Low Risk
31,258000,MORTGAGE,3.0,PERSONAL,A,28000,5.99,0.11,N,5,0,0,0.02965040839228094,Low Risk
40,62540,MORTGAGE,5.0,MEDICAL,F,7500,19.04,0.1,Y,12,1,1,0.805284465789836,High Risk
24,33660,RENT,3.0,PERSONAL,A,1800,7.51,0.05,N,4,0,0,0.10669981855259515,Low Risk
23,114600,MORTGAGE,7.0,PERSONAL,C,10000,13.06,0.09,Y,4,0,0,0.049687532528028225,Low Risk
24,38112,RENT,2.0,PERSONAL,A,6800,7.68,0.18,N,3,0,0,0.05673882980117406,Low Risk
28,30000,RENT,0.0,MEDICAL,D,11500,14.46,0.38,Y,5,1,1,0.9877908105977593,High Risk
27,32160,RENT,1.0,MEDICAL,D,4000,15.99,0.12,N,9,1,1,0.8535119930071559,High Risk
34,30000,RENT,2.0,PERSONAL,A,12000,10.99,0.4,N,6,1,1,0.9654825323196234,High Risk
24,18000,RENT,8.0,PERSONAL,B,6000,12.21,0.33,N,2,1,1,0.9921450087337026,High Risk
34,70000,MORTGAGE,5.0,VENTURE,C,4600,14.79,0.07,N,7,0,0,0.09022140518398232,Low Risk
23,52000,RENT,3.0,EDUCATION,B,7000,10.65,0.13,N,2,0,0,0.06898910188621847,Low Risk
22,66960,RENT,1.0,VENTURE,A,23400,7.49,0.35,N,2,1,1,0.9309921678776237,High Risk
43,72800,MORTGAGE,7.0,HOMEIMPROVEMENT,C,20000,12.84,0.27,Y,12,0,0,0.10372082453204341,Low Risk
34,287300,RENT,1.0,MEDICAL,C,15000,12.41,0.04,Y,8,1,0,0.0726349248866623,Low Risk
42,32000,RENT,5.0,VENTURE,B,10000,10.38,0.31,N,15,1,1,0.9425459448876653,High Risk
27,75288,MORTGAGE,12.0,MEDICAL,B,18050,10.0,0.24,N,10,0,0,0.07407454639860021,Low Risk
41,32004,RENT,2.0,HOMEIMPROVEMENT,D,1500,14.74,0.05,N,17,1,1,0.9599782052255272,High Risk
22,122000,MORTGAGE,6.0,MEDICAL,A,6000,6.92,0.05,N,2,0,0,0.029478619302620586,Low Risk
23,54996,MORTGAGE,7.0,PERSONAL,C,8000,14.35,0.15,N,4,0,0,0.12428548236567595,Low Risk
25,100000,MORTGAGE,9.0,PERSONAL,A,6000,8.9,0.06,N,3,0,0,0.026229928612880416,Low Risk
25,51996,RENT,6.0,MEDICAL,B,8000,10.37,0.15,N,2,0,0,0.08784812322827121,Low Risk
21,30000,RENT,0.0,DEBTCONSOLIDATION,D,13750,15.05,0.46,Y,4,1,1,0.9936264696805581,High Risk
27,25440,MORTGAGE,5.0,EDUCATION,D,1200,10.99,0.05,N,10,0,0,0.3222941647271408,Medium Risk
33,75000,RENT,4.0,HOMEIMPROVEMENT,A,10000,10.99,0.13,N,6,0,0,0.06195730345306841,Low Risk
26,90000,MORTGAGE,10.0,HOMEIMPROVEMENT,B,5175,11.99,0.06,N,2,0,0,0.0491448171842963,Low Risk
23,92004,RENT,2.0,DEBTCONSOLIDATION,B,8000,11.49,0.09,N,4,0,0,0.06964863849640432,Low Risk
30,22000,MORTGAGE,1.0,EDUCATION,B,5375,12.21,0.24,N,9,0,0,0.1373783709885385,Low Risk
24,37000,RENT,2.0,PERSONAL,B,7000,9.99,0.19,N,2,0,0,0.08361088404599885,Low Risk
30,85000,RENT,5.0,PERSONAL,A,4200,5.99,0.05,N,10,0,0,0.03055519910510381,Low Risk
29,84000,MORTGAGE,11.0,MEDICAL,A,15000,6.99,0.18,N,7,0,0,0.03477446074388455,Low Risk
23,50000,MORTGAGE,2.0,PERSONAL,B,4000,11.86,0.08,N,3,0,0,0.0906867473056958,Low Risk
24,69996,MORTGAGE,8.0,EDUCATION,A,3000,6.39,0.04,N,3,0,0,0.035427683142781004,Low Risk
29,40000,RENT,7.0,PERSONAL,C,4000,12.53,0.1,N,10,0,0,0.08460174029230427,Low Risk
26,58000,MORTGAGE,10.0,VENTURE,B,5000,10.62,0.09,N,2,0,0,0.029629343737638463,Low Risk
38,84000,MORTGAGE,17.0,HOMEIMPROVEMENT,A,10800,10.99,0.13,N,15,0,0,0.039355402093436014,Low Risk
33,56136,RENT,12.0,VENTURE,E,19000,15.68,0.34,Y,5,1,1,0.9700672478774373,High Risk
22,20400,RENT,4.0,PERSONAL,B,5000,12.42,0.25,N,2,0,0,0.14168734204042382,Low Risk
21,13000,RENT,0.0,DEBTCONSOLIDATION,C,9250,12.53,0.71,N,3,1,1,0.993095558828149,High Risk
27,47000,RENT,3.0,VENTURE,D,25000,15.7,0.53,Y,10,1,1,0.9689712591049708,High Risk
50,36996,RENT,6.0,DEBTCONSOLIDATION,C,3800,12.53,0.1,N,15,0,0,0.11790171682611085,Low Risk
22,59000,OTHER,1.0,DEBTCONSOLIDATION,D,15000,10.99,0.25,Y,2,1,1,0.8502845911966026,High Risk
22,28000,MORTGAGE,6.0,PERSONAL,B,10000,10.99,0.36,N,3,0,0,0.22291852852921126,Low Risk
25,60000,MORTGAGE,8.0,EDUCATION,C,8000,10.99,0.13,N,3,0,0,0.05707426922558909,Low Risk
37,21600,RENT,4.0,MEDICAL,A,6500,8.49,0.3,N,12,0,0,0.13294215414616586,Low Risk
32,89000,RENT,0.0,MEDICAL,A,12000,8.94,0.13,N,6,0,0,0.03891262646274332,Low Risk
23,39000,MORTGAGE,7.0,VENTURE,C,16000,14.26,0.41,N,3,1,0,0.2849229545920879,Low Risk
28,53000,MORTGAGE,12.0,HOMEIMPROVEMENT,B,17050,12.42,0.32,N,7,0,0,0.19548739137011562,Low Risk
26,62004,MORTGAGE,3.0,MEDICAL,B,4000,9.99,0.06,N,2,0,0,0.07563489138777187,Low Risk
25,126000,MORTGAGE,9.0,EDUCATION,A,15000,7.9,0.12,N,3,0,0,0.025282915724226286,Low Risk
33,33600,OWN,3.0,VENTURE,C,9500,12.99,0.28,N,8,0,0,0.027693807612589275,Low Risk
24,43200,RENT,5.0,VENTURE,B,12000,10.36,0.28,N,4,0,0,0.04141764074060755,Low Risk
24,57996,RENT,1.0,HOMEIMPROVEMENT,A,5000,8.0,0.09,N,3,0,0,0.08668364063105916,Low Risk
24,105508,MORTGAGE,8.0,MEDICAL,A,3500,7.66,0.03,N,4,0,0,0.030048947285860682,Low Risk
21,52000,RENT,5.0,EDUCATION,B,1500,11.99,0.03,N,3,0,0,0.08268758460466923,Low Risk
36,40000,OWN,0.0,PERSONAL,A,5000,8.0,0.13,N,16,0,0,0.01195365999564735,Low Risk
24,20000,RENT,0.0,MEDICAL,C,8000,12.41,0.4,Y,4,1,1,0.9708345659740149,High Risk
22,27804,RENT,2.0,MEDICAL,C,3750,13.85,0.13,Y,4,0,0,0.18823321724941586,Low Risk
29,244800,RENT,8.0,MEDICAL,D,8000,14.09,0.03,N,5,1,1,0.5735691796537741,Medium Risk
24,46500,MORTGAGE,0.0,HOMEIMPROVEMENT,C,16000,12.53,0.34,Y,3,0,0,0.21711695893090655,Low Risk
27,65000,MORTGAGE,0.0,HOMEIMPROVEMENT,D,22000,14.09,0.34,Y,6,0,0,0.2869548143593376,Low Risk
27,60000,RENT,4.0,HOMEIMPROVEMENT,A,7200,8.9,0.12,N,7,0,0,0.04603022581556945,Low Risk
26,22406,RENT,5.0,PERSONAL,A,2500,6.76,0.11,N,4,1,0,0.09392679290861455,Low Risk
22,58000,OTHER,3.0,DEBTCONSOLIDATION,C,15000,13.79,0.26,Y,4,0,0,0.13777548493529979,Low Risk
24,64000,MORTGAGE,2.0,DEBTCONSOLIDATION,E,12000,17.56,0.19,Y,4,1,1,0.8818929798135202,High Risk
26,85000,RENT,3.0,HOMEIMPROVEMENT,C,21000,13.92,0.25,N,3,0,0,0.08980995511832801,Low Risk
26,100000,MORTGAGE,10.0,EDUCATION,C,14000,13.11,0.14,Y,2,0,0,0.04706761635359795,Low Risk
26,50000,OWN,10.0,PERSONAL,A,14400,7.49,0.29,N,4,0,0,0.013855317910495503,Low Risk
35,120000,RENT,4.0,VENTURE,B,12000,10.99,0.1,N,5,0,0,0.024144399879898144,Low Risk
27,126000,MORTGAGE,11.0,PERSONAL,A,5500,7.51,0.04,N,9,0,0,0.024962008181637425,Low Risk
25,34800,RENT,9.0,MEDICAL,D,5600,16.77,0.16,N,4,1,1,0.7786379095638489,High Risk
27,25000,OWN,0.0,EDUCATION,B,5000,10.99,0.2,N,7,0,0,0.023302865474503782,Low Risk
21,30000,MORTGAGE,6.0,PERSONAL,A,3000,5.99,0.1,N,4,0,0,0.09311815619875406,Low Risk
24,105000,MORTGAGE,8.0,PERSONAL,A,11000,5.42,0.1,N,3,0,0,0.024773380079777342,Low Risk
34,14400,RENT,4.0,DEBTCONSOLIDATION,C,1500,12.61,0.1,Y,9,0,0,0.370765914769679,Medium Risk
22,26000,RENT,5.0,PERSONAL,D,11200,16.89,0.43,N,3,1,1,0.978589597884891,High Risk
22,99000,MORTGAGE,6.0,VENTURE,A,18000,8.9,0.18,N,3,0,0,0.009990936541544147,Low Risk
24,60000,RENT,4.0,PERSONAL,B,12500,11.49,0.21,N,3,0,0,0.058526422439356185,Low Risk
22,30000,MORTGAGE,1.0,PERSONAL,B,5500,10.99,0.18,N,3,0,0,0.16724860699782493,Low Risk
24,24000,OWN,5.0,VENTURE,A,4200,6.99,0.17,N,3,0,0,0.008690696171481676,Low Risk
28,42000,RENT,1.0,PERSONAL,E,3200,16.32,0.08,Y,8,1,1,0.7740454169141472,High Risk
24,86376,MORTGAGE,2.0,MEDICAL,A,20000,7.29,0.23,N,3,0,0,0.04454240880141983,Low Risk
23,60000,RENT,7.0,PERSONAL,B,15000,10.62,0.25,N,3,1,0,0.051545470972852885,Low Risk
24,84996,OWN,4.0,DEBTCONSOLIDATION,D,8000,15.57,0.09,Y,4,0,0,0.23109300470152758,Low Risk
32,55000,RENT,0.0,PERSONAL,B,8000,10.0,0.15,N,9,0,0,0.07792847996811837,Low Risk
32,46000,RENT,16.0,PERSONAL,B,10000,10.59,0.22,N,7,0,0,0.07356061459901758,Low Risk
30,31000,RENT,1.0,MEDICAL,C,4800,13.43,0.15,Y,5,0,0,0.18910122917645383,Low Risk
22,23000,MORTGAGE,2.0,DEBTCONSOLIDATION,B,4800,10.0,0.21,N,4,0,0,0.14356060940835447,Low Risk
23,23148,RENT,0.0,DEBTCONSOLIDATION,B,8000,10.99,0.35,N,4,1,1,0.9679081304114449,High Risk
21,28800,RENT,5.0,MEDICAL,B,8000,9.88,0.28,N,2,0,0,0.17435743986955918,Low Risk
24,45000,OWN,4.0,VENTURE,A,11000,7.49,0.24,N,2,0,0,0.004874993727729159,Low Risk
24,122000,RENT,4.0,EDUCATION,B,15000,11.58,0.12,N,3,0,0,0.04443961728769161,Low Risk
32,250000,MORTGAGE,9.0,VENTURE,D,25000,14.59,0.1,N,7,0,0,0.15186731586116778,Low Risk
25,42000,RENT,9.0,MEDICAL,C,10000,14.27,0.24,N,2,0,0,0.17274020524652528,Low Risk
22,35000,OWN,1.0,EDUCATION,B,8000,12.69,0.23,N,4,0,0,0.01520100419204807,Low Risk
26,29000,RENT,10.0,DEBTCONSOLIDATION,A,9200,7.49,0.32,N,3,1,1,0.9614162437932418,High Risk
30,42000,MORTGAGE,14.0,MEDICAL,A,4500,7.49,0.11,N,7,1,0,0.05459186659976432,Low Risk
26,64000,RENT,8.0,DEBTCONSOLIDATION,B,7500,9.83,0.12,N,3,0,0,0.0794402552375684,Low Risk
30,49641,MORTGAGE,9.0,PERSONAL,C,8400,13.11,0.17,Y,6,0,0,0.09203172900451019,Low Risk
28,25200,RENT,5.0,PERSONAL,D,11500,14.46,0.46,Y,6,1,1,0.9775752868340759,High Risk
38,25000,RENT,1.0,EDUCATION,A,1000,8.0,0.04,N,16,0,0,0.09688584773092966,Low Risk
36,34000,RENT,20.0,VENTURE,D,4000,14.59,0.12,N,11,1,0,0.4872809587764669,Medium Risk
31,60000,MORTGAGE,3.0,VENTURE,A,3600,7.68,0.06,N,9,0,0,0.011115908991226624,Low Risk
30,60000,OWN,7.0,VENTURE,D,6000,14.84,0.1,Y,6,0,0,0.021558228045458743,Low Risk
22,68000,MORTGAGE,6.0,EDUCATION,C,9000,15.27,0.13,N,2,0,0,0.10885755594497241,Low Risk
23,60000,MORTGAGE,4.0,PERSONAL,A,20000,6.54,0.33,N,3,0,0,0.07349224225508683,Low Risk
29,60000,RENT,1.0,HOMEIMPROVEMENT,C,6000,14.79,0.1,N,9,0,0,0.1469422986404632,Low Risk
43,51600,RENT,4.0,VENTURE,B,1500,11.86,0.03,N,12,0,0,0.04677896433826175,Low Risk
32,50000,RENT,0.0,HOMEIMPROVEMENT,A,3775,6.17,0.08,N,8,0,0,0.07967613848267796,Low Risk
26,71004,RENT,0.0,HOMEIMPROVEMENT,D,20000,13.36,0.28,Y,2,1,0,0.44340665560294434,Medium Risk
23,120000,MORTGAGE,7.0,DEBTCONSOLIDATION,A,4900,7.14,0.04,N,4,0,0,0.03322570347464479,Low Risk
24,74400,RENT,1.0,MEDICAL,A,3500,7.29,0.05,N,3,0,0,0.04213889901073652,Low Risk
39,108000,MORTGAGE,3.0,HOMEIMPROVEMENT,A,12000,6.99,0.11,N,13,1,0,0.027769885719621343,Low Risk
24,52000,MORTGAGE,8.0,EDUCATION,A,3000,7.66,0.06,N,4,0,0,0.0450892044701376,Low Risk
23,65000,MORTGAGE,7.0,VENTURE,A,6250,6.76,0.1,N,2,0,0,0.01338065658801569,Low Risk
22,34000,RENT,0.0,EDUCATION,D,16000,13.24,0.47,N,3,1,1,0.9882656489851147,High Risk
25,98000,MORTGAGE,2.0,PERSONAL,A,6400,9.63,0.07,N,4,0,0,0.026229928612880416,Low Risk
27,35000,RENT,1.0,VENTURE,A,3500,8.59,0.1,N,6,0,0,0.0318797583573139,Low Risk
30,70000,MORTGAGE,9.0,MEDICAL,A,7000,8.9,0.1,N,9,0,0,0.04221996003737901,Low Risk
29,42000,MORTGAGE,6.0,EDUCATION,A,5500,7.66,0.13,N,10,1,0,0.04695936200647752,Low Risk
25,31200,RENT,2.0,EDUCATION,A,7000,7.88,0.22,N,2,0,0,0.11235123964956216,Low Risk
44,80000,MORTGAGE,28.0,HOMEIMPROVEMENT,D,25000,15.33,0.31,N,11,0,0,0.2542933775876312,Low Risk
24,35000,RENT,1.0,VENTURE,A,12000,6.54,0.34,N,2,1,1,0.9410009618553449,High Risk
33,31500,RENT,16.0,MEDICAL,A,7200,5.79,0.23,N,6,0,0,0.11099323030927834,Low Risk
48,30000,RENT,0.0,DEBTCONSOLIDATION,B,6000,12.42,0.2,N,12,1,0,0.17263088862493778,Low Risk
30,93000,MORTGAGE,11.0,HOMEIMPROVEMENT,C,18000,15.23,0.19,N,9,0,0,0.08266730749004417,Low Risk
41,24000,MORTGAGE,5.0,MEDICAL,A,1500,10.99,0.06,N,15,0,0,0.10065618650771116,Low Risk
24,54996,RENT,2.0,HOMEIMPROVEMENT,B,23600,11.89,0.43,N,4,1,1,0.9792493144472432,High Risk
27,40000,MORTGAGE,7.0,HOMEIMPROVEMENT,B,14675,12.69,0.37,N,10,0,0,0.17647487925142283,Low Risk
26,58000,MORTGAGE,2.0,PERSONAL,A,3000,6.92,0.05,N,4,0,0,0.0459416667473282,Low Risk
24,38400,RENT,8.0,VENTURE,A,4200,6.76,0.11,N,4,0,0,0.02298461497624296,Low Risk
27,104000,RENT,8.0,HOMEIMPROVEMENT,A,12800,7.29,0.12,N,5,0,0,0.031188990129174473,Low Risk
28,73200,RENT,2.0,PERSONAL,A,12000,8.9,0.16,N,10,0,0,0.04052133860671498,Low Risk
35,42000,MORTGAGE,4.0,EDUCATION,C,5000,14.17,0.12,N,8,1,0,0.12507016772706053,Low Risk
23,26000,MORTGAGE,7.0,MEDICAL,A,5000,7.91,0.19,N,2,0,0,0.10713905583548797,Low Risk
25,49000,RENT,5.0,MEDICAL,B,15000,12.18,0.31,N,4,1,1,0.9747479982802449,High Risk
24,29232,MORTGAGE,1.0,PERSONAL,B,11000,11.71,0.38,N,4,1,0,0.23640580799362892,Low Risk
32,55000,MORTGAGE,14.0,HOMEIMPROVEMENT,B,16000,10.59,0.29,N,7,1,0,0.11664484680119426,Low Risk
23,16800,RENT,7.0,EDUCATION,A,6625,6.03,0.39,N,3,1,1,0.9963821812993665,High Risk
29,103000,MORTGAGE,13.0,MEDICAL,A,4500,7.29,0.04,N,6,0,0,0.029659833177025526,Low Risk
28,56000,MORTGAGE,4.0,DEBTCONSOLIDATION,A,15000,7.49,0.27,N,9,0,0,0.05775112515287457,Low Risk
25,57424,RENT,2.0,MEDICAL,D,12000,15.31,0.18,N,4,1,1,0.8744969223762781,High Risk
24,56004,RENT,2.0,MEDICAL,C,14000,12.61,0.25,N,2,0,0,0.11842027728132212,Low Risk
26,75000,MORTGAGE,10.0,DEBTCONSOLIDATION,A,10000,8.94,0.13,N,2,0,0,0.044006365037237774,Low Risk
25,96000,RENT,1.0,HOMEIMPROVEMENT,B,12000,9.99,0.13,N,4,0,0,0.04996014901173538,Low Risk
30,46044,RENT,4.0,MEDICAL,B,5000,10.99,0.11,N,9,0,0,0.10589701624248973,Low Risk
26,64000,RENT,8.0,EDUCATION,B,7500,9.83,0.12,N,4,0,0,0.060215363110864846,Low Risk
26,25000,MORTGAGE,1.0,VENTURE,C,12000,12.09,0.48,N,2,1,0,0.2372460691646828,Low Risk
25,24000,RENT,0.0,VENTURE,E,7000,16.45,0.29,Y,2,1,1,0.8035087919711866,High Risk
44,38400,MORTGAGE,9.0,HOMEIMPROVEMENT,A,2500,10.99,0.07,N,17,0,0,0.11925679670952043,Low Risk
24,40500,MORTGAGE,8.0,DEBTCONSOLIDATION,B,8500,10.99,0.21,N,3,1,0,0.10665531925778764,Low Risk
35,78000,MORTGAGE,9.0,PERSONAL,A,10000,6.54,0.13,N,5,0,0,0.042986229651653156,Low Risk
24,130000,MORTGAGE,3.0,DEBTCONSOLIDATION,B,25000,11.83,0.19,N,3,0,0,0.08705373558704012,Low Risk
29,59000,RENT,3.0,EDUCATION,A,6000,7.88,0.1,N,8,0,0,0.08486630167893781,Low Risk
23,75000,RENT,5.0,DEBTCONSOLIDATION,B,8000,10.74,0.11,N,3,0,0,0.07253239364462555,Low Risk
28,52000,MORTGAGE,10.0,DEBTCONSOLIDATION,A,13600,7.88,0.26,N,5,0,0,0.05465680600437341,Low Risk
24,87000,MORTGAGE,6.0,PERSONAL,B,6000,10.65,0.07,N,4,0,0,0.044125212109331735,Low Risk
25,95000,RENT,4.0,DEBTCONSOLIDATION,B,2400,9.25,0.03,N,2,0,0,0.058886561024106374,Low Risk
22,43000,OWN,2.0,VENTURE,B,22800,12.69,0.53,N,2,0,0,0.024394500173146455,Low Risk
24,42000,RENT,2.0,HOMEIMPROVEMENT,D,6000,14.96,0.14,Y,3,1,1,0.7874815226180802,High Risk
21,87500,MORTGAGE,5.0,EDUCATION,C,25000,13.98,0.29,Y,3,0,0,0.07835854391094814,Low Risk
27,238000,RENT,11.0,HOMEIMPROVEMENT,D,12000,17.27,0.05,N,7,1,0,0.35548357497372596,Medium Risk
22,68000,MORTGAGE,6.0,EDUCATION,A,16000,7.9,0.24,N,3,0,0,0.03715602975746529,Low Risk
62,66000,RENT,2.0,EDUCATION,B,6000,10.99,0.09,N,23,0,0,0.07099248877177716,Low Risk
29,65000,RENT,5.0,VENTURE,B,15000,11.83,0.23,N,9,0,0,0.03923956846850101,Low Risk
24,140000,MORTGAGE,7.0,HOMEIMPROVEMENT,A,20000,6.54,0.14,N,4,0,0,0.03273044464967874,Low Risk
23,72000,RENT,5.0,DEBTCONSOLIDATION,D,3000,16.89,0.04,Y,4,1,1,0.8255974163855192,High Risk
30,110000,OWN,14.0,PERSONAL,C,12000,13.57,0.11,Y,10,0,0,0.010858410484789104,Low Risk
43,75000,RENT,0.0,HOMEIMPROVEMENT,A,12000,7.9,0.16,N,16,0,0,0.05452715218409085,Low Risk
40,52000,MORTGAGE,7.0,DEBTCONSOLIDATION,B,15250,11.86,0.29,N,12,0,0,0.1164797769890583,Low Risk
24,45000,RENT,1.0,DEBTCONSOLIDATION,B,3000,9.99,0.07,N,4,0,0,0.08701715342094782,Low Risk
25,53600,RENT,1.0,EDUCATION,A,7300,8.0,0.14,N,4,0,0,0.04931904909279962,Low Risk
25,60000,MORTGAGE,2.0,PERSONAL,B,6900,9.99,0.12,N,3,0,0,0.0494302642283365,Low Risk
34,69204,RENT,4.0,PERSONAL,B,10000,12.18,0.14,N,6,0,0,0.07068933525400259,Low Risk
23,56000,MORTGAGE,7.0,PERSONAL,B,4500,11.83,0.08,N,4,0,0,0.0857391806711395,Low Risk
22,24000,RENT,0.0,EDUCATION,E,1500,18.79,0.06,Y,3,1,1,0.8115569348788574,High Risk
30,35004,MORTGAGE,3.0,HOMEIMPROVEMENT,B,9500,11.99,0.27,N,8,0,0,0.1473929657593251,Low Risk
28,49000,RENT,2.0,VENTURE,C,3600,13.98,0.07,Y,9,1,0,0.13170823108422214,Low Risk
26,45000,MORTGAGE,2.0,VENTURE,B,12000,10.99,0.27,N,3,0,0,0.05521413762278332,Low Risk
27,60000,RENT,2.0,HOMEIMPROVEMENT,D,5000,15.21,0.08,Y,9,1,1,0.6339059029587443,High Risk
37,49000,RENT,2.0,DEBTCONSOLIDATION,C,3000,10.99,0.06,Y,14,1,0,0.117225413102241,Low Risk
29,140000,RENT,3.0,PERSONAL,B,20000,10.0,0.14,N,9,0,0,0.053649638397638394,Low Risk
25,96000,OWN,0.0,EDUCATION,B,4000,9.88,0.04,N,3,0,0,0.009974981621977332,Low Risk
33,36500,MORTGAGE,4.0,PERSONAL,A,8500,10.99,0.23,N,8,0,0,0.06567940169241315,Low Risk
28,84000,OWN,12.0,VENTURE,D,25000,15.62,0.3,Y,5,0,0,0.033175019551990675,Low Risk
35,31732,MORTGAGE,0.0,DEBTCONSOLIDATION,C,8000,13.92,0.25,N,5,1,0,0.19560388165125975,Low Risk
22,30400,MORTGAGE,2.0,VENTURE,C,9950,15.27,0.33,N,4,1,0,0.47124544105534183,Medium Risk
24,78300,RENT,2.0,VENTURE,A,7000,6.03,0.09,N,3,0,0,0.026021346836092057,Low Risk
33,35000,RENT,5.0,MEDICAL,B,11200,10.36,0.32,N,9,1,1,0.9694244579606932,High Risk
27,39996,OWN,1.0,HOMEIMPROVEMENT,B,8000,12.53,0.2,N,5,0,0,0.020735292490574292,Low Risk
30,51000,MORTGAGE,6.0,HOMEIMPROVEMENT,A,6600,6.92,0.13,N,9,0,0,0.0710837062735364,Low Risk
23,71004,OWN,1.0,EDUCATION,C,15000,13.47,0.21,Y,3,0,0,0.015221699891998357,Low Risk
22,67000,MORTGAGE,7.0,DEBTCONSOLIDATION,A,8800,7.51,0.13,N,2,0,0,0.043324603385397016,Low Risk
26,33189,RENT,4.0,EDUCATION,B,3000,11.12,0.09,N,2,0,0,0.13561538217574484,Low Risk
43,46000,RENT,2.0,MEDICAL,D,13000,15.7,0.28,Y,15,1,1,0.8803599425774579,High Risk
27,120000,MORTGAGE,4.0,DEBTCONSOLIDATION,C,15000,13.49,0.13,Y,6,0,0,0.08157684050018903,Low Risk
24,46180,RENT,1.0,VENTURE,C,2500,13.98,0.05,Y,3,1,0,0.13170823108422214,Low Risk
27,35000,RENT,1.0,VENTURE,B,8000,12.21,0.23,N,8,0,0,0.06596925591802472,Low Risk
23,50000,RENT,6.0,EDUCATION,C,3000,10.99,0.06,Y,2,0,0,0.0883038955756611,Low Risk
24,57996,RENT,8.0,MEDICAL,D,2000,15.37,0.03,N,4,1,1,0.7620847119271771,High Risk
39,61766,MORTGAGE,4.0,EDUCATION,A,5500,7.14,0.09,N,15,0,0,0.03587972975580539,Low Risk
23,45000,MORTGAGE,1.0,MEDICAL,B,10000,12.21,0.22,N,2,0,0,0.11115597931478942,Low Risk
32,307000,OWN,10.0,VENTURE,C,11000,14.26,0.04,Y,10,0,0,0.012730156941889557,Low Risk
25,40000,RENT,2.0,DEBTCONSOLIDATION,A,7000,8.94,0.17,N,3,0,0,0.052511833732638374,Low Risk
28,54080,MORTGAGE,7.0,HOMEIMPROVEMENT,B,13750,11.14,0.25,N,7,0,0,0.12643014588167967,Low Risk
42,22000,RENT,4.0,DEBTCONSOLIDATION,A,1000,7.29,0.05,N,13,0,0,0.09224640883442199,Low Risk
37,51000,MORTGAGE,3.0,DEBTCONSOLIDATION,C,12800,12.84,0.25,N,12,0,0,0.11515444371188996,Low Risk
36,40000,MORTGAGE,2.0,EDUCATION,A,6000,10.99,0.15,N,15,0,0,0.05181860559057633,Low Risk
23,35000,RENT,2.0,HOMEIMPROVEMENT,B,4000,12.18,0.11,N,4,1,0,0.4530529504030153,Medium Risk
23,60000,MORTGAGE,6.0,DEBTCONSOLIDATION,C,7000,12.99,0.12,N,4,0,0,0.08522554975629938,Low Risk
22,29004,MORTGAGE,3.0,VENTURE,B,5000,9.25,0.17,N,4,0,0,0.06557653490720713,Low Risk
26,100000,MORTGAGE,10.0,DEBTCONSOLIDATION,A,12000,5.99,0.12,N,2,0,0,0.03302344451737036,Low Risk
23,30000,RENT,1.0,DEBTCONSOLIDATION,A,1500,7.51,0.05,N,3,0,0,0.10669981855259515,Low Risk
21,65000,MORTGAGE,5.0,DEBTCONSOLIDATION,B,2200,12.42,0.03,N,3,0,0,0.09522250657311342,Low Risk
26,38400,RENT,8.0,VENTURE,D,9100,15.37,0.24,Y,2,0,0,0.3755128664680228,Medium Risk
28,80000,RENT,9.0,PERSONAL,B,18000,11.49,0.23,N,6,0,0,0.049133544500953745,Low Risk
32,101000,RENT,0.0,EDUCATION,D,15000,17.58,0.15,N,8,1,0,0.4581369747603049,Medium Risk
24,50000,MORTGAGE,2.0,PERSONAL,A,6000,7.51,0.12,N,3,0,0,0.04446808858014854,Low Risk
24,100000,MORTGAGE,8.0,VENTURE,F,30000,18.62,0.3,Y,2,0,0,0.2696381788630028,Low Risk
35,38000,MORTGAGE,2.0,MEDICAL,B,15000,10.99,0.39,N,5,0,0,0.1931761608960162,Low Risk
26,100000,RENT,0.0,PERSONAL,A,13500,7.14,0.14,N,3,0,0,0.02730051960502908,Low Risk
24,50000,MORTGAGE,4.0,DEBTCONSOLIDATION,B,5000,10.0,0.1,N,4,0,0,0.08410045384982948,Low Risk
29,61656,RENT,4.0,VENTURE,A,15000,6.91,0.24,N,10,0,0,0.017646483470664564,Low Risk
30,32000,RENT,3.0,HOMEIMPROVEMENT,C,8400,13.98,0.26,N,9,1,1,0.6387804042314955,High Risk
26,12000,OWN,6.0,EDUCATION,B,2500,9.99,0.21,N,3,1,1,0.8456968298009524,High Risk
25,45996,OWN,0.0,HOMEIMPROVEMENT,A,3850,10.99,0.08,N,2,0,0,0.020495073871492728,Low Risk
29,52000,RENT,2.0,HOMEIMPROVEMENT,D,11000,15.62,0.21,Y,10,1,1,0.7841428213677953,High Risk
38,35000,RENT,0.0,PERSONAL,B,5600,11.11,0.16,N,11,0,0,0.0968500118482029,Low Risk
32,40000,MORTGAGE,12.0,EDUCATION,B,9000,10.59,0.23,N,7,0,0,0.060350002303932664,Low Risk
36,100671,MORTGAGE,6.0,MEDICAL,B,12000,10.99,0.12,N,14,0,0,0.05783236971124462,Low Risk
27,48000,OWN,2.0,VENTURE,C,14000,10.99,0.29,N,8,0,0,0.018046566015995778,Low Risk
22,95000,RENT,0.0,EDUCATION,A,5750,10.99,0.06,N,3,0,0,0.031065031591290194,Low Risk
23,79200,MORTGAGE,6.0,EDUCATION,A,8000,7.88,0.1,N,4,0,0,0.04205885001095877,Low Risk
41,24000,RENT,24.0,PERSONAL,A,2000,7.75,0.08,N,17,1,0,0.3221852972843445,Medium Risk
24,38000,RENT,8.0,MEDICAL,C,5000,13.99,0.13,N,4,0,0,0.16455669906126236,Low Risk
29,100000,RENT,7.0,HOMEIMPROVEMENT,B,4000,10.99,0.04,N,7,0,0,0.05528967597720835,Low Risk
40,148350,MORTGAGE,11.0,VENTURE,A,5000,6.03,0.03,N,11,0,0,0.009301341454936591,Low Risk
45,30000,MORTGAGE,5.0,MEDICAL,C,1000,15.23,0.03,Y,11,0,0,0.25829784772235637,Low Risk
22,85000,MORTGAGE,6.0,PERSONAL,A,12500,10.99,0.15,N,2,0,0,0.033784339338270755,Low Risk
28,30000,RENT,3.0,DEBTCONSOLIDATION,D,5600,14.84,0.19,Y,10,1,1,0.8844518127797338,High Risk
33,117000,MORTGAGE,2.0,HOMEIMPROVEMENT,A,18000,10.99,0.15,N,8,0,0,0.03325313730670611,Low Risk
37,78000,RENT,14.0,EDUCATION,C,10200,13.06,0.13,Y,13,0,0,0.09144461888798508,Low Risk
26,48000,RENT,10.0,DEBTCONSOLIDATION,B,4500,11.11,0.09,N,4,0,0,0.1074190589376194,Low Risk
22,31000,RENT,7.0,MEDICAL,D,9250,14.11,0.3,N,4,1,1,0.6952341826727227,High Risk
29,59000,RENT,6.0,EDUCATION,B,13000,11.49,0.22,N,10,0,0,0.14575968974715986,Low Risk
29,98736,OWN,13.0,VENTURE,B,9000,11.89,0.09,N,6,0,0,0.005283297238609546,Low Risk
26,58000,RENT,0.0,HOMEIMPROVEMENT,A,3500,8.59,0.06,N,2,0,0,0.08668364063105916,Low Risk
23,125000,MORTGAGE,6.0,EDUCATION,A,35000,8.9,0.28,N,4,0,0,0.03484520727372555,Low Risk
43,44000,OWN,18.0,MEDICAL,A,8000,9.32,0.18,N,15,0,0,0.023099616762480995,Low Risk
37,49000,MORTGAGE,3.0,MEDICAL,D,4000,15.65,0.08,N,17,1,1,0.7537504957199985,High Risk
44,65000,RENT,16.0,MEDICAL,A,2000,7.9,0.03,N,14,0,0,0.04852631632937039,Low Risk
25,65000,RENT,2.0,DEBTCONSOLIDATION,B,4200,10.99,0.06,N,2,0,0,0.0927129841414809,Low Risk
46,48956,RENT,0.0,MEDICAL,B,2800,10.59,0.06,N,14,0,0,0.09657556111391678,Low Risk
21,38400,MORTGAGE,0.0,EDUCATION,A,4200,10.99,0.11,N,2,0,0,0.06172791853340312,Low Risk
24,165000,MORTGAGE,5.0,PERSONAL,B,20000,10.37,0.12,N,4,0,0,0.04507477577899514,Low Risk
24,96000,MORTGAGE,7.0,PERSONAL,C,6000,13.92,0.06,N,3,0,0,0.04973335674278334,Low Risk
23,26000,RENT,0.0,DEBTCONSOLIDATION,A,3500,6.91,0.13,N,3,0,0,0.09080525315634527,Low Risk
33,57500,RENT,2.0,HOMEIMPROVEMENT,D,21000,16.29,0.37,Y,5,1,1,0.9889097355793918,High Risk
24,59600,RENT,8.0,HOMEIMPROVEMENT,A,10000,5.99,0.17,N,3,0,0,0.10525505898137516,Low Risk
23,18600,RENT,2.0,DEBTCONSOLIDATION,B,1700,9.99,0.09,N,3,0,0,0.31342625818111824,Medium Risk
22,26000,RENT,0.0,DEBTCONSOLIDATION,C,9000,12.73,0.35,N,4,1,1,0.9713492424618952,High Risk
29,35000,RENT,1.0,VENTURE,A,15000,7.9,0.43,N,10,1,1,0.9498827630880047,High Risk
30,65000,MORTGAGE,2.0,HOMEIMPROVEMENT,D,4000,15.21,0.06,N,7,0,1,0.6004547090837976,High Risk
23,125000,MORTGAGE,7.0,EDUCATION,B,5000,10.99,0.04,N,2,0,0,0.04137054775640186,Low Risk
32,70000,OWN,1.0,MEDICAL,A,14400,7.88,0.21,N,10,0,0,0.012550753838304052,Low Risk
34,47300,MORTGAGE,3.0,HOMEIMPROVEMENT,A,12000,7.88,0.25,N,10,0,0,0.07028714009518679,Low Risk
31,110000,MORTGAGE,5.0,VENTURE,D,5000,14.96,0.05,Y,9,0,0,0.15088994819117113,Low Risk
41,100000,MORTGAGE,10.0,EDUCATION,A,6000,8.49,0.06,N,15,0,0,0.025282915724226286,Low Risk
23,28000,MORTGAGE,2.0,VENTURE,B,8400,10.99,0.3,N,2,0,0,0.09430612422458637,Low Risk
22,29000,RENT,6.0,MEDICAL,C,4800,12.99,0.17,Y,4,0,0,0.21315980206291493,Low Risk
30,42000,RENT,0.0,VENTURE,B,1850,11.99,0.04,N,5,0,0,0.06401610736593971,Low Risk
27,81300,RENT,3.0,VENTURE,B,29000,12.69,0.36,N,6,1,1,0.9485425362268742,High Risk
25,95000,RENT,1.0,DEBTCONSOLIDATION,A,7000,6.99,0.07,N,2,0,0,0.03502768455806229,Low Risk
30,37400,MORTGAGE,6.0,MEDICAL,D,12700,17.27,0.34,N,5,1,1,0.664233051574515,High Risk
23,36000,RENT,1.0,EDUCATION,A,7000,7.9,0.19,N,4,0,0,0.05620823262148951,Low Risk
34,138000,RENT,0.0,HOMEIMPROVEMENT,E,21000,18.79,0.15,N,10,1,1,0.6508360727768695,High Risk
47,120000,MORTGAGE,9.0,EDUCATION,B,15000,10.99,0.13,N,12,0,0,0.04203979375165666,Low Risk
23,62000,RENT,1.0,DEBTCONSOLIDATION,A,10000,8.94,0.16,N,2,0,0,0.05101957334308166,Low Risk
38,30132,RENT,4.0,MEDICAL,C,3000,13.85,0.1,Y,14,1,0,0.18144998643174937,Low Risk
38,117960,MORTGAGE,0.0,MEDICAL,A,12000,10.99,0.1,N,17,0,0,0.03566875728632,Low Risk
28,100000,RENT,1.0,EDUCATION,A,10000,7.51,0.1,N,7,0,0,0.02713594608675766,Low Risk
25,101877,RENT,9.0,VENTURE,B,6600,10.99,0.06,N,2,0,0,0.024144399879898144,Low Risk
27,70176,RENT,3.0,VENTURE,A,9000,7.88,0.13,N,8,0,0,0.015683613062804937,Low Risk
33,59000,MORTGAGE,6.0,HOMEIMPROVEMENT,B,5500,9.91,0.09,N,9,0,0,0.1517881961425744,Low Risk
48,83000,RENT,2.0,VENTURE,B,12000,10.99,0.14,N,17,0,0,0.037053074486857115,Low Risk
29,30000,RENT,2.0,MEDICAL,D,6600,15.33,0.22,Y,8,1,1,0.8766946298970167,High Risk
29,40800,RENT,2.0,DEBTCONSOLIDATION,C,3500,11.97,0.09,Y,9,0,0,0.117225413102241,Low Risk
27,170000,RENT,11.0,PERSONAL,D,25000,16.32,0.15,N,10,0,0,0.40049329491856833,Medium Risk
49,74000,MORTGAGE,20.0,DEBTCONSOLIDATION,E,12000,17.99,0.16,N,15,1,1,0.84051921668039,High Risk
25,80000,MORTGAGE,4.0,PERSONAL,A,11000,6.62,0.14,N,3,0,0,0.0243848711684697,Low Risk
27,25740,OWN,3.0,DEBTCONSOLIDATION,D,5000,14.11,0.19,Y,5,0,0,0.18421979488648266,Low Risk
24,54000,MORTGAGE,6.0,HOMEIMPROVEMENT,C,6300,14.65,0.12,Y,2,1,0,0.20693962290422613,Low Risk
25,35360,MORTGAGE,9.0,MEDICAL,A,10000,8.94,0.28,N,2,0,0,0.06571449427040844,Low Risk
22,108803,MORTGAGE,6.0,MEDICAL,C,10000,12.23,0.08,N,4,1,0,0.06180529291478033,Low Risk
24,65200,MORTGAGE,5.0,MEDICAL,B,3000,11.26,0.05,N,3,0,0,0.08489394865247259,Low Risk
25,50000,MORTGAGE,6.0,PERSONAL,A,12800,7.49,0.26,N,4,1,0,0.04910589234600748,Low Risk
23,55392,RENT,3.0,MEDICAL,D,20000,15.2,0.31,Y,4,1,1,0.9898026599035472,High Risk
35,120000,MORTGAGE,2.0,PERSONAL,A,8000,10.99,0.07,N,10,0,0,0.029841832551538144,Low Risk
26,155142,MORTGAGE,6.0,HOMEIMPROVEMENT,D,23000,18.25,0.15,N,2,0,0,0.3445539101884351,Medium Risk
32,150000,MORTGAGE,17.0,VENTURE,C,12000,12.99,0.08,Y,9,0,0,0.042848610373173654,Low Risk
25,76209,MORTGAGE,9.0,DEBTCONSOLIDATION,C,3000,10.99,0.04,Y,4,0,0,0.1044853814416021,Low Risk
23,65000,RENT,2.0,DEBTCONSOLIDATION,C,8000,14.72,0.12,Y,2,0,0,0.21052553087319253,Low Risk
22,36000,RENT,6.0,EDUCATION,B,4000,10.99,0.11,N,2,0,0,0.08868363755815391,Low Risk
24,47160,RENT,5.0,VENTURE,B,11000,11.14,0.23,N,4,0,0,0.04649816908090214,Low Risk
31,86000,RENT,1.0,DEBTCONSOLIDATION,D,25000,16.0,0.29,Y,5,1,1,0.9231029578151967,High Risk
29,118374,MORTGAGE,13.0,VENTURE,C,3500,13.49,0.03,Y,6,0,0,0.04310836291075416,Low Risk
23,59000,MORTGAGE,7.0,EDUCATION,A,9000,8.49,0.15,N,3,0,0,0.0789954545772939,Low Risk
28,59000,MORTGAGE,12.0,VENTURE,A,5000,7.14,0.08,N,8,0,0,0.03139093653452446,Low Risk
28,16560,RENT,4.0,PERSONAL,A,2500,6.99,0.15,N,10,0,0,0.2019033522138685,Low Risk
26,48000,RENT,0.0,EDUCATION,A,6000,8.59,0.13,N,4,0,0,0.04931904909279962,Low Risk
30,52000,MORTGAGE,4.0,PERSONAL,B,14675,9.63,0.28,N,8,0,0,0.07766702668814687,Low Risk
21,67400,MORTGAGE,2.0,VENTURE,E,20000,17.74,0.3,Y,2,1,1,0.5219428829280982,Medium Risk
32,204000,OWN,16.0,EDUCATION,B,25000,11.12,0.12,N,5,0,0,0.011875609987259589,Low Risk
25,125000,RENT,9.0,VENTURE,D,6500,14.61,0.05,N,3,0,0,0.1753145223019975,Low Risk
26,67260,MORTGAGE,9.0,HOMEIMPROVEMENT,A,6500,7.14,0.1,N,2,0,0,0.048169299029726206,Low Risk
31,125000,OWN,5.0,MEDICAL,A,30000,7.51,0.24,N,9,0,0,0.013425608098616773,Low Risk
22,61000,MORTGAGE,1.0,DEBTCONSOLIDATION,C,21000,14.26,0.34,Y,4,0,0,0.24501326639479756,Low Risk
28,59904,MORTGAGE,12.0,MEDICAL,C,3000,12.53,0.05,Y,10,0,0,0.15112171423550086,Low Risk
43,85000,RENT,14.0,EDUCATION,B,9000,11.89,0.11,N,11,0,0,0.049336262070378875,Low Risk
24,60000,MORTGAGE,0.0,PERSONAL,B,15000,11.89,0.25,N,2,0,0,0.06352291974428888,Low Risk
26,56000,RENT,6.0,HOMEIMPROVEMENT,C,8150,12.87,0.15,N,4,0,0,0.14068251386025366,Low Risk
23,14664,MORTGAGE,0.0,DEBTCONSOLIDATION,C,6000,10.99,0.41,N,4,1,1,0.9153769029202341,High Risk
31,123000,RENT,2.0,VENTURE,A,7000,8.49,0.06,N,10,0,0,0.015942533168269126,Low Risk
30,96000,RENT,1.0,VENTURE,B,4000,10.75,0.04,N,5,0,0,0.024856977796890528,Low Risk
32,81400,RENT,2.0,VENTURE,D,20000,14.84,0.25,Y,6,1,1,0.5448466046903366,Medium Risk
23,54000,RENT,5.0,VENTURE,D,13275,17.58,0.25,Y,2,0,0,0.35773651016025876,Medium Risk
22,23000,RENT,3.0,DEBTCONSOLIDATION,B,3500,10.37,0.15,N,4,0,0,0.12351379602396649,Low Risk
25,90000,RENT,4.0,HOMEIMPROVEMENT,A,6000,7.88,0.07,N,3,0,0,0.02985498299909732,Low Risk
25,43738,RENT,0.0,DEBTCONSOLIDATION,A,4500,5.99,0.1,N,3,0,0,0.06673711887468584,Low Risk
24,69000,RENT,2.0,DEBTCONSOLIDATION,B,16000,11.89,0.23,N,4,1,0,0.09786818604534459,Low Risk
28,92000,MORTGAGE,11.0,EDUCATION,F,25000,19.29,0.27,Y,9,0,1,0.5357412936999529,Medium Risk
27,150000,MORTGAGE,4.0,VENTURE,C,6000,13.49,0.04,N,6,0,0,0.038839010723918904,Low Risk
26,29000,RENT,1.0,EDUCATION,C,1000,11.28,0.03,N,3,1,0,0.16436420198321872,Low Risk
23,26004,RENT,8.0,DEBTCONSOLIDATION,B,2200,9.91,0.08,N,2,1,0,0.13265846742844054,Low Risk
33,75000,MORTGAGE,13.0,VENTURE,D,4000,14.11,0.05,N,7,0,0,0.17006405077848316,Low Risk
28,41600,OWN,0.0,VENTURE,B,13000,11.58,0.31,N,9,0,0,0.02253865244064205,Low Risk
30,56628,MORTGAGE,2.0,HOMEIMPROVEMENT,A,12000,8.94,0.21,N,10,0,0,0.07505351827511028,Low Risk
28,80004,MORTGAGE,5.0,MEDICAL,A,12000,6.91,0.15,N,6,0,0,0.03262191881499028,Low Risk
25,70356,RENT,8.0,HOMEIMPROVEMENT,A,7000,7.29,0.1,N,4,0,0,0.05207712858871227,Low Risk
32,64500,MORTGAGE,3.0,EDUCATION,C,19400,13.11,0.3,Y,10,1,0,0.08801620940576789,Low Risk
27,40800,RENT,3.0,VENTURE,A,2000,7.49,0.05,N,9,0,0,0.022350437948062366,Low Risk
24,58000,RENT,2.0,VENTURE,C,3200,14.35,0.06,N,2,0,0,0.15656795195441187,Low Risk
26,40000,RENT,1.0,MEDICAL,C,5000,14.26,0.13,Y,2,0,0,0.18012052025329145,Low Risk
22,60000,MORTGAGE,2.0,MEDICAL,A,10000,10.99,0.17,N,2,0,0,0.042132232344660764,Low Risk
25,120000,MORTGAGE,0.0,HOMEIMPROVEMENT,E,20000,10.99,0.17,N,2,0,0,0.21860514847231274,Low Risk
33,75000,MORTGAGE,2.0,DEBTCONSOLIDATION,B,7500,10.08,0.1,N,9,1,0,0.07241976942399926,Low Risk
35,200004,MORTGAGE,19.0,DEBTCONSOLIDATION,A,6000,7.68,0.03,N,8,0,0,0.036483499384482726,Low Risk
24,45000,RENT,0.0,MEDICAL,E,6000,17.19,0.13,N,3,1,1,0.921922408312318,High Risk
25,70000,RENT,4.0,MEDICAL,B,12000,10.37,0.17,N,3,0,0,0.070199130496878,Low Risk
26,76800,MORTGAGE,2.0,VENTURE,A,12800,6.92,0.17,N,3,0,0,0.016117290282220892,Low Risk
28,82300,RENT,3.0,VENTURE,A,3600,9.63,0.04,N,6,0,0,0.013267548528361402,Low Risk
22,45000,RENT,0.0,VENTURE,B,9000,11.48,0.2,N,4,0,0,0.06363875217500316,Low Risk
38,42552,RENT,3.0,PERSONAL,C,8400,13.49,0.2,N,14,0,0,0.09536190130741706,Low Risk
24,102000,OWN,5.0,PERSONAL,A,23800,8.9,0.23,N,2,0,0,0.010346339868766633,Low Risk
32,30000,MORTGAGE,16.0,EDUCATION,A,7000,6.99,0.23,N,6,0,0,0.10063804918241626,Low Risk
27,42996,RENT,1.0,MEDICAL,C,5000,13.61,0.12,N,6,0,0,0.12572138771807725,Low Risk
28,80000,MORTGAGE,13.0,EDUCATION,B,21000,11.36,0.26,N,10,0,0,0.05606843403524127,Low Risk
26,165000,MORTGAGE,10.0,EDUCATION,C,20000,13.22,0.12,Y,2,0,0,0.05424898123488302,Low Risk
30,44760,RENT,1.0,EDUCATION,B,3300,11.71,0.07,N,8,0,0,0.0893343238050542,Low Risk
23,60000,RENT,4.0,PERSONAL,C,5000,13.98,0.08,Y,2,0,0,0.06697961704206994,Low Risk
24,90000,MORTGAGE,8.0,DEBTCONSOLIDATION,C,19750,13.61,0.22,Y,2,0,0,0.08799403519558605,Low Risk
37,33000,RENT,0.0,VENTURE,A,10000,5.99,0.3,N,11,0,0,0.08530701227375459,Low Risk
25,80000,MORTGAGE,9.0,DEBTCONSOLIDATION,A,10250,5.42,0.13,N,4,0,0,0.03250986687679846,Low Risk
37,42000,RENT,2.0,VENTURE,C,8400,13.49,0.2,N,15,0,0,0.10687308343797823,Low Risk
24,22320,OWN,4.0,MEDICAL,E,1000,16.32,0.04,N,2,1,1,0.5725888643866229,Medium Risk
24,60996,RENT,8.0,HOMEIMPROVEMENT,A,5000,10.99,0.08,N,2,0,0,0.07191023240713933,Low Risk
24,56100,RENT,7.0,MEDICAL,D,25000,16.49,0.38,N,4,1,1,0.9914801105444095,High Risk
22,62000,MORTGAGE,5.0,EDUCATION,B,9000,10.0,0.15,N,2,0,0,0.056722234541100286,Low Risk
22,48132,RENT,5.0,MEDICAL,B,10000,11.71,0.21,N,4,0,0,0.10530056008895301,Low Risk
39,85000,RENT,3.0,PERSONAL,A,10000,9.32,0.12,N,16,0,0,0.03256309066598712,Low Risk
39,62000,OWN,3.0,PERSONAL,A,7200,7.49,0.12,N,12,0,0,0.011385959687294611,Low Risk
21,19000,OWN,0.0,MEDICAL,D,7200,14.74,0.38,Y,4,1,1,0.9513239745257586,High Risk
28,60000,OTHER,5.0,PERSONAL,B,16000,12.18,0.27,N,9,0,0,0.06394339989775397,Low Risk
23,72250,RENT,7.0,MEDICAL,B,30000,10.65,0.35,N,2,1,1,0.971217155315805,High Risk
45,125000,MORTGAGE,0.0,HOMEIMPROVEMENT,A,12000,6.03,0.1,N,14,0,0,0.027769885719621343,Low Risk
27,60000,MORTGAGE,9.0,PERSONAL,A,5000,7.88,0.08,N,5,0,0,0.02912959921558816,Low Risk
23,81000,RENT,5.0,PERSONAL,D,12000,16.29,0.15,Y,4,0,0,0.34091235074762816,Medium Risk
25,28176,OWN,3.0,MEDICAL,B,1000,9.63,0.04,N,4,0,0,0.023530323908542386,Low Risk
32,95000,MORTGAGE,16.0,PERSONAL,B,20000,10.65,0.21,N,5,0,0,0.046014064941288596,Low Risk
22,50000,OWN,3.0,EDUCATION,A,6000,8.94,0.12,N,2,0,0,0.011770507557011999,Low Risk
30,112000,MORTGAGE,4.0,PERSONAL,D,8000,16.02,0.07,Y,10,0,0,0.275543659078537,Low Risk
23,43600,OWN,7.0,EDUCATION,C,15000,10.99,0.34,N,3,0,0,0.027101911005954292,Low Risk
27,140000,RENT,4.0,EDUCATION,A,20000,7.9,0.14,N,6,0,0,0.036821111539185866,Low Risk
51,38000,RENT,7.0,PERSONAL,B,13000,12.42,0.34,N,18,1,1,0.96984159959854,High Risk
25,60000,OWN,1.0,DEBTCONSOLIDATION,D,10000,16.49,0.17,N,3,0,0,0.2934452318655225,Low Risk
26,39000,MORTGAGE,4.0,DEBTCONSOLIDATION,D,5000,13.67,0.13,N,3,1,1,0.762843529501784,High Risk
24,75000,MORTGAGE,4.0,VENTURE,B,16000,12.42,0.21,N,2,0,0,0.03489944669278372,Low Risk
30,64000,MORTGAGE,3.0,HOMEIMPROVEMENT,A,10200,6.62,0.16,N,8,0,0,0.05172567086369934,Low Risk
22,106000,MORTGAGE,6.0,VENTURE,A,35000,10.99,0.33,N,2,0,0,0.04890327542305112,Low Risk
31,200000,OWN,4.0,HOMEIMPROVEMENT,B,23500,10.99,0.12,N,5,0,0,0.013484989983024491,Low Risk
31,47000,RENT,4.0,DEBTCONSOLIDATION,C,4500,11.03,0.1,Y,7,0,0,0.11450549632966417,Low Risk
51,94368,MORTGAGE,4.0,PERSONAL,A,5000,10.99,0.05,N,30,0,0,0.030050849226871856,Low Risk
32,62000,MORTGAGE,6.0,PERSONAL,B,6000,11.36,0.1,N,6,0,0,0.07299398635767522,Low Risk
24,69000,MORTGAGE,4.0,DEBTCONSOLIDATION,D,25000,15.57,0.36,N,2,1,1,0.668144791148047,High Risk
32,70000,RENT,2.0,PERSONAL,A,9850,7.75,0.14,N,9,0,0,0.037858214142150105,Low Risk
34,31800,MORTGAGE,4.0,PERSONAL,A,1700,10.99,0.05,N,9,1,0,0.10897508872908263,Low Risk
24,90100,RENT,6.0,MEDICAL,B,13000,12.69,0.12,N,4,1,0,0.05528136351386643,Low Risk
28,39000,RENT,0.0,PERSONAL,A,6000,8.63,0.15,N,7,0,0,0.08796935582897218,Low Risk
38,80000,MORTGAGE,5.0,DEBTCONSOLIDATION,C,4000,12.98,0.05,Y,13,0,0,0.07958746698280136,Low Risk
23,18000,RENT,0.0,DEBTCONSOLIDATION,B,4500,12.21,0.25,N,3,1,1,0.8899309950833808,High Risk
24,54000,OWN,8.0,EDUCATION,C,1200,13.11,0.02,Y,3,0,0,0.014367618013454887,Low Risk
24,43275,RENT,4.0,MEDICAL,C,17000,13.47,0.39,N,3,1,1,0.9778120691806939,High Risk
26,72000,RENT,2.0,VENTURE,B,3600,10.74,0.05,N,4,0,0,0.0355276084249057,Low Risk
24,92000,MORTGAGE,8.0,VENTURE,B,11000,10.99,0.12,N,3,0,0,0.021559899576924717,Low Risk
32,44808,RENT,5.0,PERSONAL,B,12000,10.99,0.27,N,8,0,0,0.10762849991109018,Low Risk
25,77800,MORTGAGE,9.0,PERSONAL,B,30000,10.99,0.39,N,4,0,0,0.12754083281965167,Low Risk
27,40000,RENT,1.0,VENTURE,C,13000,13.48,0.33,N,7,1,1,0.9713271565753021,High Risk
32,34320,MORTGAGE,0.0,MEDICAL,C,1900,12.84,0.06,Y,7,0,0,0.20639605735368408,Low Risk
31,34000,RENT,0.0,MEDICAL,A,7500,8.94,0.22,N,8,0,0,0.15715536795544346,Low Risk
26,45000,RENT,0.0,MEDICAL,A,10800,6.17,0.24,N,3,0,0,0.05281949923360885,Low Risk
29,84000,MORTGAGE,6.0,DEBTCONSOLIDATION,D,8000,14.96,0.1,N,5,1,1,0.7375737826030654,High Risk
23,30000,RENT,4.0,MEDICAL,B,8000,12.18,0.27,N,2,0,0,0.21042539154918385,Low Risk
28,25000,RENT,1.0,MEDICAL,B,12000,9.83,0.48,N,9,1,1,0.9674606514074271,High Risk
22,101000,RENT,0.0,EDUCATION,A,1475,5.79,0.01,N,3,0,0,0.028366403731870975,Low Risk
24,32000,RENT,5.0,MEDICAL,C,1900,13.49,0.06,Y,2,0,0,0.17149148259119676,Low Risk
24,44208,MORTGAGE,2.0,VENTURE,A,7000,7.51,0.16,N,3,0,0,0.03422414795251253,Low Risk
25,86004,RENT,1.0,PERSONAL,C,15000,12.53,0.17,Y,4,0,0,0.06848624149442521,Low Risk
22,45000,RENT,2.0,EDUCATION,A,3000,10.99,0.07,N,3,0,0,0.05803808979570797,Low Risk
26,61200,RENT,9.0,PERSONAL,B,3200,9.91,0.05,N,2,0,0,0.06538890452936413,Low Risk
25,49000,RENT,2.0,EDUCATION,A,7750,9.63,0.16,N,2,0,0,0.04931904909279962,Low Risk
24,47928,RENT,1.0,MEDICAL,B,6000,12.53,0.13,N,2,0,0,0.1112395719541964,Low Risk
37,56000,MORTGAGE,2.0,HOMEIMPROVEMENT,A,13000,9.63,0.23,N,17,0,0,0.07505351827511028,Low Risk
23,62000,RENT,2.0,MEDICAL,A,4200,5.42,0.07,N,3,0,0,0.04527121841754836,Low Risk
23,69000,MORTGAGE,1.0,VENTURE,B,19000,9.51,0.28,N,2,0,0,0.03419808688264063,Low Risk
44,36000,MORTGAGE,6.0,EDUCATION,A,1000,7.51,0.03,N,14,0,0,0.05396940640827144,Low Risk
32,40000,OWN,2.0,VENTURE,C,7000,12.68,0.17,Y,10,0,0,0.015445985145567108,Low Risk
23,52000,OWN,3.0,MEDICAL,C,9250,13.16,0.18,N,3,0,0,0.019704907226059293,Low Risk
24,65450,MORTGAGE,8.0,MEDICAL,D,5000,16.77,0.06,N,4,1,1,0.6717267125683148,High Risk
22,70000,MORTGAGE,3.0,EDUCATION,D,18000,14.42,0.26,N,3,0,0,0.30554782068040287,Medium Risk
24,47000,RENT,8.0,VENTURE,A,7000,6.62,0.15,N,4,0,0,0.019510878991360732,Low Risk
23,78000,RENT,7.0,DEBTCONSOLIDATION,A,8100,7.29,0.1,N,2,0,0,0.05606956552743499,Low Risk
22,110196,MORTGAGE,6.0,MEDICAL,B,25000,11.49,0.23,N,3,0,0,0.07668375256557268,Low Risk
23,68400,RENT,7.0,EDUCATION,C,7200,14.72,0.11,N,2,0,0,0.10624932364404528,Low Risk
27,104000,RENT,8.0,DEBTCONSOLIDATION,B,11000,10.99,0.11,N,8,0,0,0.07169454282243738,Low Risk
27,15600,OWN,0.0,EDUCATION,A,6400,7.74,0.41,N,9,1,1,0.942394637822381,High Risk
22,82000,MORTGAGE,6.0,DEBTCONSOLIDATION,C,6000,10.99,0.07,N,2,0,0,0.08453318228136483,Low Risk
27,39996,RENT,7.0,DEBTCONSOLIDATION,D,2500,15.65,0.06,N,8,1,1,0.8408853032603786,High Risk
40,58000,MORTGAGE,9.0,EDUCATION,E,8000,18.79,0.14,Y,12,0,0,0.43467874912247256,Medium Risk
27,49000,RENT,3.0,EDUCATION,B,3000,11.71,0.06,N,8,1,0,0.08445368812669297,Low Risk
31,73000,MORTGAGE,8.0,EDUCATION,A,6800,7.74,0.09,N,8,0,0,0.034279223966746805,Low Risk
25,55000,MORTGAGE,9.0,VENTURE,A,6500,7.49,0.12,N,3,0,0,0.01700600145972045,Low Risk
27,65000,MORTGAGE,7.0,HOMEIMPROVEMENT,B,12000,11.36,0.18,N,8,0,0,0.08735210805326993,Low Risk
26,47000,RENT,8.0,PERSONAL,C,3800,13.49,0.08,N,3,0,0,0.09590809638203043,Low Risk
32,30000,MORTGAGE,0.0,VENTURE,A,9000,5.42,0.3,N,9,0,0,0.05804229896146746,Low Risk
36,62000,RENT,3.0,DEBTCONSOLIDATION,B,8000,11.12,0.13,N,13,0,0,0.10145723766097021,Low Risk
24,132000,MORTGAGE,8.0,DEBTCONSOLIDATION,D,1500,17.27,0.01,N,2,1,1,0.7356009396404495,High Risk
24,96000,MORTGAGE,7.0,HOMEIMPROVEMENT,C,6000,13.92,0.06,Y,4,0,0,0.05716601675913839,Low Risk
25,80000,OWN,6.0,EDUCATION,B,25000,11.48,0.31,N,4,0,0,0.022786203394074056,Low Risk
27,83300,RENT,11.0,MEDICAL,D,20000,16.0,0.2,Y,5,1,1,0.686542402433347,High Risk
27,100000,RENT,11.0,VENTURE,B,5000,12.42,0.05,N,8,0,0,0.024293643525025815,Low Risk
23,116000,RENT,7.0,VENTURE,A,11000,8.94,0.09,N,2,0,0,0.011831841034660189,Low Risk
23,44000,RENT,4.0,PERSONAL,B,3000,9.62,0.07,N,4,1,0,0.07646919878449569,Low Risk
22,50000,MORTGAGE,7.0,EDUCATION,A,12800,7.88,0.26,N,3,0,0,0.04715072164744283,Low Risk
22,70000,OWN,4.0,VENTURE,A,1250,5.42,0.02,N,4,0,0,0.004590832737721121,Low Risk
22,52000,MORTGAGE,0.0,EDUCATION,A,10000,7.88,0.19,N,3,0,0,0.04237251925907324,Low Risk
27,54216,MORTGAGE,4.0,PERSONAL,A,9000,5.99,0.17,N,5,0,0,0.04413873328385993,Low Risk
25,56000,RENT,1.0,HOMEIMPROVEMENT,B,6000,10.74,0.11,N,2,0,0,0.12284969852452218,Low Risk
36,21600,OWN,0.0,VENTURE,A,2100,8.49,0.1,N,12,0,0,0.009687554558944265,Low Risk
30,74000,OWN,13.0,MEDICAL,B,10500,10.74,0.14,N,8,0,0,0.01589878835073226,Low Risk
21,46000,RENT,2.0,VENTURE,D,5200,17.27,0.11,Y,4,1,1,0.6375333292050406,High Risk
25,62400,OWN,4.0,DEBTCONSOLIDATION,D,15000,17.58,0.24,N,3,0,0,0.28652744296373817,Low Risk
22,54000,MORTGAGE,6.0,PERSONAL,A,7000,8.94,0.13,N,2,0,0,0.04667936742481541,Low Risk
26,110000,MORTGAGE,1.0,EDUCATION,B,5000,12.69,0.05,N,3,0,0,0.04485848256356178,Low Risk
41,95000,OWN,2.0,MEDICAL,C,21600,13.92,0.23,Y,12,0,0,0.022960649558969023,Low Risk
25,95000,MORTGAGE,5.0,VENTURE,B,18000,10.99,0.19,N,3,0,0,0.021559899576924717,Low Risk
27,68500,RENT,4.0,HOMEIMPROVEMENT,A,8000,6.62,0.12,N,10,0,0,0.05207712858871227,Low Risk
34,75500,RENT,0.0,EDUCATION,D,19200,16.77,0.25,N,10,1,1,0.5730819365882432,Medium Risk
35,79750,MORTGAGE,5.0,DEBTCONSOLIDATION,B,35000,11.99,0.44,N,5,0,0,0.2248833161556405,Low Risk
26,30000,MORTGAGE,0.0,VENTURE,A,3500,8.0,0.12,N,4,0,0,0.047730161443165706,Low Risk
26,22440,OWN,10.0,VENTURE,B,4750,11.86,0.21,N,4,0,0,0.011785918391898265,Low Risk
22,107000,MORTGAGE,1.0,VENTURE,A,10000,7.14,0.09,N,2,0,0,0.0116316059952383,Low Risk
26,70000,RENT,9.0,MEDICAL,C,16525,13.92,0.24,Y,2,0,0,0.10624103385904317,Low Risk
23,54000,RENT,0.0,DEBTCONSOLIDATION,B,12000,12.42,0.22,N,2,1,0,0.10387908627197329,Low Risk
36,44000,RENT,2.0,HOMEIMPROVEMENT,E,6000,10.99,0.14,N,12,1,1,0.5565643866261064,Medium Risk
26,42000,RENT,6.0,VENTURE,A,5000,7.29,0.12,N,2,0,0,0.02132663342966514,Low Risk
22,52000,MORTGAGE,6.0,VENTURE,D,6000,10.99,0.12,Y,3,1,0,0.18196629453440738,Low Risk
21,165000,MORTGAGE,5.0,EDUCATION,A,20000,6.91,0.12,N,4,0,0,0.02728380481375533,Low Risk
64,56000,RENT,0.0,DEBTCONSOLIDATION,E,10000,16.82,0.18,Y,18,1,1,0.9416869170894143,High Risk
23,32000,RENT,0.0,MEDICAL,C,8500,13.16,0.27,Y,4,0,0,0.2555086710381064,Low Risk
24,69000,RENT,0.0,HOMEIMPROVEMENT,E,20000,14.82,0.29,N,4,1,1,0.5811865990986074,Medium Risk
22,31200,RENT,1.0,VENTURE,B,3200,11.99,0.1,N,2,0,0,0.104205985120616,Low Risk
26,95000,RENT,0.0,MEDICAL,B,6000,10.99,0.06,N,2,0,0,0.062347929461010865,Low Risk
33,35000,RENT,12.0,MEDICAL,A,10550,10.99,0.3,N,10,0,0,0.09521041728894772,Low Risk
24,48000,RENT,0.0,EDUCATION,A,6000,10.99,0.13,N,3,0,0,0.058960380984158255,Low Risk
28,30000,MORTGAGE,4.0,HOMEIMPROVEMENT,A,3000,6.76,0.1,N,9,0,0,0.27879197044108767,Low Risk
23,71000,MORTGAGE,7.0,VENTURE,A,8500,5.79,0.12,N,2,0,0,0.01338065658801569,Low Risk
26,72000,RENT,0.0,DEBTCONSOLIDATION,B,9000,10.74,0.13,N,2,0,0,0.07412733600131095,Low Risk
25,51996,RENT,9.0,VENTURE,B,20000,10.99,0.38,N,3,1,1,0.957549354372158,High Risk
24,95000,MORTGAGE,1.0,PERSONAL,B,7450,12.69,0.08,N,4,0,0,0.04707742413197951,Low Risk
37,60000,RENT,7.0,HOMEIMPROVEMENT,A,10000,7.51,0.17,N,11,0,0,0.04302128262000816,Low Risk
29,42108,OWN,0.0,EDUCATION,A,2500,8.0,0.06,N,5,0,0,0.014303060635871032,Low Risk
22,60000,MORTGAGE,1.0,EDUCATION,B,17000,9.45,0.28,N,4,0,0,0.05260616347791315,Low Risk
28,71652,MORTGAGE,11.0,PERSONAL,G,25000,20.03,0.35,N,9,1,1,0.8981988541964195,High Risk
26,50000,MORTGAGE,10.0,MEDICAL,C,13000,11.97,0.26,Y,3,0,0,0.11551435100071533,Low Risk
30,55000,RENT,6.0,EDUCATION,B,17000,10.99,0.31,N,9,1,1,0.9683143382978622,High Risk
27,52800,RENT,2.0,VENTURE,B,8400,11.86,0.16,N,10,0,0,0.06363875217500316,Low Risk
28,75000,RENT,6.0,EDUCATION,A,8000,7.9,0.11,N,6,0,0,0.038207098026043995,Low Risk
35,66000,MORTGAGE,6.0,DEBTCONSOLIDATION,B,9100,12.42,0.14,N,7,0,0,0.09467980703605432,Low Risk
31,105000,RENT,9.0,HOMEIMPROVEMENT,B,15000,10.59,0.14,N,8,0,0,0.047079858723058504,Low Risk
28,39912,MORTGAGE,2.0,EDUCATION,A,10000,8.49,0.25,N,8,1,0,0.04329138759179987,Low Risk
22,48000,RENT,6.0,EDUCATION,C,15000,15.96,0.31,N,3,1,1,0.971665359814073,High Risk
23,26000,RENT,1.0,EDUCATION,B,4000,10.99,0.15,N,4,0,0,0.13147973786386466,Low Risk
26,59500,MORTGAGE,9.0,VENTURE,A,12000,6.62,0.2,N,3,0,0,0.031199486139052098,Low Risk
32,70000,MORTGAGE,8.0,PERSONAL,C,1800,14.65,0.03,Y,6,0,0,0.1080730421222667,Low Risk
24,95000,MORTGAGE,8.0,VENTURE,D,16000,15.33,0.17,N,3,0,0,0.1351444336358128,Low Risk
22,78000,MORTGAGE,2.0,EDUCATION,B,1750,10.65,0.02,N,4,0,0,0.07268487629823679,Low Risk
29,56033,MORTGAGE,7.0,VENTURE,C,16000,14.65,0.29,N,6,0,0,0.13436241009366245,Low Risk
21,34000,RENT,5.0,DEBTCONSOLIDATION,C,7800,13.79,0.23,N,2,1,0,0.2564940200356865,Low Risk
35,30000,RENT,1.0,EDUCATION,C,7500,10.99,0.25,Y,6,1,0,0.18359113728424423,Low Risk
31,85000,RENT,6.0,MEDICAL,B,22000,11.58,0.26,N,5,0,0,0.12758836747980637,Low Risk
41,103000,MORTGAGE,2.0,DEBTCONSOLIDATION,D,20000,14.61,0.19,Y,16,1,1,0.8270323023913497,High Risk
24,20400,RENT,3.0,VENTURE,C,7550,14.79,0.37,N,4,1,1,0.9690014723331973,High Risk
33,50000,RENT,6.0,PERSONAL,D,6000,14.96,0.12,Y,5,0,1,0.534316814663574,Medium Risk
31,41558,RENT,3.0,EDUCATION,E,7750,16.45,0.19,N,7,0,0,0.46796354097088344,Medium Risk
42,55308,OWN,8.0,VENTURE,B,2000,11.49,0.04,N,15,0,0,0.007588140192645558,Low Risk
23,60000,MORTGAGE,6.0,EDUCATION,A,7000,6.54,0.12,N,3,0,0,0.027358331648810096,Low Risk
23,69996,RENT,8.0,EDUCATION,B,13000,11.58,0.19,N,3,0,0,0.0656121129317616,Low Risk
23,75000,RENT,3.0,PERSONAL,B,10000,11.86,0.13,N,2,0,0,0.06916283999707215,Low Risk
30,37200,MORTGAGE,0.0,MEDICAL,C,6600,13.49,0.18,N,9,0,0,0.12796853298013414,Low Risk
27,29238,RENT,8.0,HOMEIMPROVEMENT,C,10000,12.99,0.34,N,6,1,1,0.9948651474877308,High Risk
27,28000,RENT,3.0,VENTURE,C,6000,13.92,0.21,N,6,0,0,0.15086434709017923,Low Risk
26,98000,MORTGAGE,5.0,MEDICAL,A,12000,8.49,0.12,N,3,0,0,0.031374399733280524,Low Risk
31,55000,MORTGAGE,2.0,PERSONAL,A,8000,7.14,0.15,N,10,0,0,0.04413873328385993,Low Risk
26,33996,RENT,2.0,PERSONAL,B,10800,11.12,0.32,N,3,1,1,0.977832624982018,High Risk
28,110000,RENT,2.0,HOMEIMPROVEMENT,C,10000,13.22,0.09,N,5,0,0,0.059799173901025404,Low Risk
29,34000,RENT,4.0,MEDICAL,B,5500,10.99,0.16,N,5,0,0,0.22741304610269536,Low Risk
28,52000,MORTGAGE,10.0,EDUCATION,A,13600,7.88,0.26,N,7,0,0,0.04819768296268074,Low Risk
26,75000,RENT,4.0,VENTURE,B,12000,10.37,0.16,N,4,0,0,0.0249920409134755,Low Risk
34,64000,MORTGAGE,2.0,MEDICAL,A,8000,6.91,0.13,N,5,0,0,0.041849024387999534,Low Risk
25,49963,MORTGAGE,9.0,MEDICAL,B,2100,11.49,0.04,N,3,1,0,0.10581696034593355,Low Risk
39,73000,MORTGAGE,3.0,DEBTCONSOLIDATION,A,10000,7.51,0.14,N,13,0,0,0.042507040302974676,Low Risk
49,64600,MORTGAGE,4.0,MEDICAL,D,10000,16.49,0.13,N,12,1,1,0.6866847811386619,High Risk
24,22000,RENT,3.0,MEDICAL,C,4000,13.92,0.18,N,3,0,0,0.1895337405060986,Low Risk
29,70000,OWN,13.0,PERSONAL,D,25000,15.62,0.36,Y,9,0,0,0.056538387283028006,Low Risk
26,78948,MORTGAGE,3.0,MEDICAL,B,17500,11.83,0.22,N,2,0,0,0.11084426840888294,Low Risk
30,42000,RENT,1.0,PERSONAL,B,12000,9.88,0.29,N,8,0,0,0.09506369311847984,Low Risk
23,82000,MORTGAGE,5.0,PERSONAL,D,5000,16.77,0.06,Y,3,0,0,0.3086520095573173,Medium Risk
24,15000,RENT,3.0,PERSONAL,E,4800,16.95,0.32,N,3,1,1,0.9896493026963911,High Risk
41,32000,RENT,0.0,MEDICAL,C,5000,13.98,0.16,N,15,0,0,0.21908616520909377,Low Risk
80,64000,RENT,7.0,MEDICAL,B,6800,11.71,0.11,N,25,0,0,0.09045179892131293,Low Risk
26,26400,RENT,6.0,PERSONAL,B,6000,10.65,0.23,N,2,0,0,0.13481237622574865,Low Risk
30,37600,RENT,2.0,EDUCATION,C,15000,13.06,0.4,Y,10,1,1,0.9744351369719398,High Risk
33,21600,RENT,3.0,PERSONAL,B,10000,12.53,0.46,N,7,1,1,0.9660149504416868,High Risk
24,64000,MORTGAGE,5.0,VENTURE,D,12000,16.77,0.19,N,2,0,0,0.2281197036639184,Low Risk
34,29000,RENT,0.0,HOMEIMPROVEMENT,A,10800,9.63,0.37,N,10,1,1,0.9941060229011734,High Risk
33,30000,MORTGAGE,8.0,VENTURE,A,12000,7.14,0.4,N,5,0,0,0.10924750615154284,Low Risk
34,38400,MORTGAGE,4.0,EDUCATION,B,6500,9.25,0.17,N,10,0,0,0.07289087754386983,Low Risk
35,32000,RENT,1.0,EDUCATION,A,3125,7.14,0.1,N,9,0,0,0.0960998088013282,Low Risk
23,73500,RENT,1.0,VENTURE,C,12000,12.99,0.16,N,2,1,0,0.0857612747730063,Low Risk
22,55000,RENT,6.0,EDUCATION,A,6000,6.62,0.11,N,2,0,0,0.04549373709250975,Low Risk
27,54000,RENT,0.0,DEBTCONSOLIDATION,D,5000,13.17,0.09,N,8,1,1,0.7813093555964491,High Risk
25,24996,RENT,1.0,PERSONAL,C,4200,14.26,0.17,Y,2,0,0,0.2452893296857975,Low Risk
30,150000,MORTGAGE,8.0,PERSONAL,A,5000,10.99,0.03,N,9,0,0,0.030050849226871856,Low Risk
26,92000,MORTGAGE,0.0,DEBTCONSOLIDATION,B,5600,11.46,0.06,N,3,0,0,0.06840914228122097,Low Risk
26,103000,MORTGAGE,0.0,PERSONAL,C,14000,13.57,0.14,N,4,1,0,0.05093702888209105,Low Risk
32,64000,RENT,1.0,HOMEIMPROVEMENT,B,10000,12.69,0.16,N,8,0,0,0.10252400162289892,Low Risk
28,55000,OWN,0.0,DEBTCONSOLIDATION,D,6700,16.77,0.12,Y,7,0,0,0.33730023763974065,Medium Risk
30,35576,RENT,14.0,EDUCATION,C,19000,13.72,0.53,N,7,1,1,0.975004712233932,High Risk
23,39996,MORTGAGE,5.0,EDUCATION,A,10000,7.51,0.25,N,3,0,0,0.040733787521222205,Low Risk
21,35000,RENT,0.0,MEDICAL,B,3500,9.62,0.1,N,2,0,0,0.09261386299006787,Low Risk
29,39000,OWN,10.0,PERSONAL,C,9000,12.72,0.23,Y,9,0,0,0.024072561148213267,Low Risk
22,15000,RENT,3.0,EDUCATION,D,6000,14.59,0.4,N,4,1,1,0.9913233028161247,High Risk
28,54590,RENT,3.0,EDUCATION,A,5000,6.03,0.09,N,6,0,0,0.046786540034355874,Low Risk
24,49000,RENT,8.0,EDUCATION,A,7000,7.49,0.14,N,3,1,0,0.04650570152172372,Low Risk
33,70000,RENT,0.0,EDUCATION,A,11200,8.94,0.16,N,6,0,0,0.03907905174380944,Low Risk
29,115000,MORTGAGE,13.0,DEBTCONSOLIDATION,A,5000,6.03,0.04,N,9,0,0,0.03322570347464479,Low Risk
35,82008,MORTGAGE,7.0,HOMEIMPROVEMENT,A,7200,6.62,0.09,N,7,0,0,0.0328721781273357,Low Risk
23,42900,OWN,6.0,MEDICAL,A,1000,6.76,0.02,N,3,0,0,0.016345649228480218,Low Risk
24,87600,MORTGAGE,8.0,EDUCATION,A,3000,5.99,0.03,N,2,0,0,0.028440158758069784,Low Risk
23,42500,RENT,1.0,PERSONAL,C,6200,13.92,0.15,N,2,0,0,0.11071648452728969,Low Risk
23,85000,RENT,5.0,EDUCATION,A,10000,6.17,0.12,N,3,0,0,0.028917446381058663,Low Risk
28,138600,MORTGAGE,10.0,DEBTCONSOLIDATION,C,12000,12.99,0.09,N,7,0,0,0.07627966183164325,Low Risk
27,47000,RENT,1.0,MEDICAL,B,13000,10.99,0.28,N,5,0,0,0.13462990916971726,Low Risk
27,44000,MORTGAGE,3.0,EDUCATION,C,5700,13.23,0.13,Y,9,0,0,0.08738440075145996,Low Risk
23,62000,MORTGAGE,3.0,VENTURE,A,4000,8.9,0.06,N,2,0,0,0.015359276002395084,Low Risk
34,72960,MORTGAGE,1.0,MEDICAL,B,11000,12.21,0.15,N,8,0,0,0.0892826997143424,Low Risk
45,126000,MORTGAGE,5.0,VENTURE,B,6000,10.65,0.05,N,12,0,0,0.0159149592316194,Low Risk
24,44000,MORTGAGE,4.0,HOMEIMPROVEMENT,A,2200,8.9,0.05,N,4,1,0,0.1335563535925479,Low Risk
23,62844,RENT,7.0,HOMEIMPROVEMENT,C,7500,11.97,0.12,N,4,1,0,0.21342524686034167,Low Risk
37,55236,MORTGAGE,9.0,VENTURE,A,6500,6.03,0.12,N,16,0,0,0.016676429883813005,Low Risk
36,61000,MORTGAGE,2.0,VENTURE,B,10000,10.25,0.16,N,14,0,0,0.031648855343539804,Low Risk
32,139200,MORTGAGE,5.0,EDUCATION,A,6000,7.9,0.04,N,5,0,0,0.025282915724226286,Low Risk
31,44000,MORTGAGE,0.0,EDUCATION,C,12000,12.53,0.27,Y,6,1,0,0.0992212921023419,Low Risk
27,275000,MORTGAGE,11.0,VENTURE,B,35000,10.99,0.13,N,6,0,0,0.025821053837846466,Low Risk
49,50000,RENT,4.0,DEBTCONSOLIDATION,B,9200,10.99,0.18,N,16,0,0,0.10681505416198901,Low Risk
32,119000,MORTGAGE,10.0,MEDICAL,C,9000,13.47,0.08,N,7,0,0,0.06548912912404478,Low Risk
33,186996,MORTGAGE,0.0,EDUCATION,D,25000,14.46,0.13,Y,8,0,0,0.3735119811043742,Medium Risk
46,48956,RENT,0.0,MEDICAL,B,2800,10.59,0.06,N,13,0,0,0.09657556111391678,Low Risk
27,130000,OWN,12.0,VENTURE,B,21000,10.99,0.16,N,9,0,0,0.006130412326768903,Low Risk
28,240000,RENT,2.0,MEDICAL,B,6000,11.46,0.03,N,6,0,0,0.062347929461010865,Low Risk
29,186063,MORTGAGE,14.0,EDUCATION,B,25000,10.46,0.13,N,6,0,0,0.044609353960921055,Low Risk
23,140000,MORTGAGE,7.0,PERSONAL,A,12000,8.49,0.09,N,3,0,0,0.026229928612880416,Low Risk
28,102500,MORTGAGE,12.0,MEDICAL,A,6000,5.79,0.06,N,8,0,0,0.029478619302620586,Low Risk
23,45204,MORTGAGE,0.0,EDUCATION,B,4750,12.21,0.11,N,4,0,0,0.08430351787868187,Low Risk
25,46144,MORTGAGE,9.0,EDUCATION,A,1500,7.49,0.03,N,2,0,0,0.04685014958726854,Low Risk
34,41979,MORTGAGE,14.0,EDUCATION,C,8150,15.23,0.19,N,10,0,0,0.1472003282591846,Low Risk
30,23000,RENT,5.0,VENTURE,D,3250,14.11,0.14,Y,7,0,0,0.3384978655214541,Medium Risk
32,43625,RENT,2.0,PERSONAL,B,1500,10.99,0.03,N,10,0,0,0.09407466415297279,Low Risk
22,46000,RENT,4.0,PERSONAL,A,11000,7.49,0.24,N,4,0,0,0.04773597423340801,Low Risk
24,56000,MORTGAGE,8.0,DEBTCONSOLIDATION,E,20000,16.7,0.36,Y,4,1,1,0.8175011480745638,High Risk
29,134000,MORTGAGE,2.0,PERSONAL,C,8000,14.22,0.06,N,7,0,0,0.06827317500136021,Low Risk
25,50300,MORTGAGE,3.0,HOMEIMPROVEMENT,E,1000,18.39,0.02,Y,3,0,1,0.5437418175449934,Medium Risk
28,60000,RENT,10.0,HOMEIMPROVEMENT,C,10500,15.27,0.17,Y,6,0,0,0.12845373524047318,Low Risk
29,34999,MORTGAGE,8.0,DEBTCONSOLIDATION,D,6250,15.95,0.18,Y,9,1,1,0.8449429262848019,High Risk
26,54000,RENT,1.0,HOMEIMPROVEMENT,C,1500,13.98,0.03,Y,4,0,0,0.17900065202961185,Low Risk
24,88494,OWN,8.0,MEDICAL,B,24000,10.99,0.27,N,2,0,0,0.02730361751186733,Low Risk
25,65454,MORTGAGE,9.0,DEBTCONSOLIDATION,B,8400,11.99,0.13,N,2,0,0,0.09467980703605432,Low Risk
41,50000,MORTGAGE,24.0,DEBTCONSOLIDATION,A,5000,6.76,0.1,N,12,0,0,0.056043265204962174,Low Risk
25,39996,RENT,2.0,VENTURE,B,10000,10.99,0.25,N,4,0,0,0.05654811417979636,Low Risk
47,95000,MORTGAGE,13.0,EDUCATION,A,5000,6.03,0.05,N,16,0,0,0.023802097307653737,Low Risk
42,32400,RENT,1.0,DEBTCONSOLIDATION,D,8875,16.29,0.27,N,16,1,1,0.9372138468571694,High Risk
22,57000,RENT,0.0,DEBTCONSOLIDATION,C,1800,14.27,0.03,N,3,0,0,0.17753494162608313,Low Risk
24,44400,RENT,4.0,EDUCATION,F,15650,21.74,0.35,N,4,1,1,0.9862834971083472,High Risk
29,43200,OWN,13.0,PERSONAL,A,4625,5.42,0.11,N,6,0,0,0.013208979675358144,Low Risk
23,72000,MORTGAGE,6.0,HOMEIMPROVEMENT,C,12000,13.61,0.17,N,4,1,0,0.19661318012544193,Low Risk
23,40000,MORTGAGE,5.0,EDUCATION,B,18000,9.91,0.45,N,2,0,0,0.11574574539703052,Low Risk
29,55000,MORTGAGE,1.0,VENTURE,A,12625,7.9,0.23,N,6,0,0,0.022181221470247103,Low Risk
32,135000,MORTGAGE,10.0,PERSONAL,B,10000,10.99,0.07,N,6,0,0,0.04439288471336169,Low Risk
24,51000,RENT,1.0,EDUCATION,B,10000,11.83,0.2,N,2,0,0,0.08882188823570976,Low Risk
21,27600,RENT,4.0,EDUCATION,A,7500,6.76,0.27,N,4,0,0,0.1252495254203602,Low Risk
22,84000,MORTGAGE,6.0,PERSONAL,B,12000,11.99,0.14,N,3,0,0,0.05011648269722705,Low Risk
26,78000,RENT,8.0,HOMEIMPROVEMENT,C,20000,13.85,0.26,Y,4,0,0,0.1607096588296832,Low Risk
25,70000,RENT,8.0,VENTURE,D,15000,14.42,0.21,Y,2,0,0,0.2792246008187486,Low Risk
32,31000,RENT,0.0,EDUCATION,B,5000,11.49,0.16,N,8,1,0,0.16583329773025235,Low Risk
28,35000,RENT,4.0,PERSONAL,D,10000,16.77,0.29,Y,8,0,1,0.5628894683608741,Medium Risk
26,40000,RENT,1.0,MEDICAL,A,1400,7.74,0.04,N,3,0,0,0.05601622989158062,Low Risk
22,49800,RENT,1.0,PERSONAL,A,3000,7.88,0.06,N,3,0,0,0.050687993141967806,Low Risk
23,75000,MORTGAGE,3.0,VENTURE,C,10200,12.68,0.14,Y,2,0,0,0.06501918738022892,Low Risk
24,103000,MORTGAGE,8.0,DEBTCONSOLIDATION,C,21000,13.49,0.2,Y,3,0,0,0.09345994555818074,Low Risk
25,30000,RENT,6.0,EDUCATION,B,4000,9.76,0.13,N,3,0,0,0.1250742845876773,Low Risk
29,50000,RENT,1.0,MEDICAL,C,6500,15.96,0.13,N,7,0,0,0.299169173221053,Low Risk
22,52500,RENT,2.0,EDUCATION,B,15000,10.37,0.29,N,3,0,0,0.09480960423047814,Low Risk
31,50000,RENT,1.0,VENTURE,B,10000,10.71,0.2,N,6,0,0,0.044610542139349986,Low Risk
25,76000,MORTGAGE,4.0,HOMEIMPROVEMENT,A,14000,7.66,0.18,N,3,0,0,0.04745484757483891,Low Risk
27,147884,MORTGAGE,4.0,HOMEIMPROVEMENT,B,4500,11.49,0.03,N,5,0,0,0.052336019742469604,Low Risk
24,34000,RENT,1.0,HOMEIMPROVEMENT,B,10000,12.69,0.29,N,2,1,1,0.6755405501106921,High Risk
24,45000,RENT,5.0,VENTURE,A,7000,5.42,0.16,N,4,0,0,0.019510878991360732,Low Risk
22,72000,MORTGAGE,6.0,PERSONAL,B,5000,12.69,0.07,N,3,0,0,0.06848207194402244,Low Risk
22,36000,RENT,3.0,EDUCATION,D,9600,17.27,0.27,Y,4,1,0,0.4880362888472038,Medium Risk
23,33000,RENT,5.0,DEBTCONSOLIDATION,D,4800,14.54,0.15,Y,3,1,1,0.8660386670774394,High Risk
27,90000,MORTGAGE,2.0,PERSONAL,E,20000,16.7,0.22,N,9,0,0,0.3807375803961644,Medium Risk
34,60500,RENT,3.0,DEBTCONSOLIDATION,D,11200,15.62,0.19,Y,10,1,1,0.8352636896790051,High Risk
22,29100,RENT,2.0,PERSONAL,D,6250,16.07,0.21,Y,3,1,1,0.8149073728649412,High Risk
25,79000,OWN,9.0,VENTURE,B,14500,11.48,0.18,N,3,0,0,0.00907914447452024,Low Risk
23,54000,RENT,3.0,VENTURE,A,5500,8.94,0.1,N,3,0,0,0.020937653204216866,Low Risk
22,60000,MORTGAGE,7.0,EDUCATION,D,10000,10.99,0.17,N,3,0,0,0.1449371627481464,Low Risk
24,175000,MORTGAGE,9.0,EDUCATION,A,10000,5.42,0.06,N,3,0,0,0.024119919762554464,Low Risk
29,16000,OWN,3.0,VENTURE,A,3000,7.9,0.19,N,8,1,1,0.8830034899838838,High Risk
31,49000,RENT,8.0,DEBTCONSOLIDATION,B,7000,12.69,0.14,N,6,0,0,0.10681505416198901,Low Risk
23,55000,RENT,3.0,VENTURE,C,14000,11.66,0.25,N,3,0,0,0.08172511424154112,Low Risk
26,50000,MORTGAGE,7.0,VENTURE,A,7200,6.62,0.14,N,2,0,0,0.01700600145972045,Low Risk
23,32535,RENT,6.0,PERSONAL,B,4000,10.99,0.12,N,2,0,0,0.14242744415360006,Low Risk
22,66996,RENT,3.0,EDUCATION,B,20000,12.18,0.3,N,2,0,0,0.09323609891689588,Low Risk
22,57000,RENT,6.0,VENTURE,B,4000,10.99,0.07,N,2,0,0,0.04677896433826175,Low Risk
23,24000,RENT,4.0,VENTURE,B,1500,11.49,0.06,N,2,0,0,0.06889387744375959,Low Risk
24,51600,RENT,8.0,HOMEIMPROVEMENT,B,3000,10.65,0.06,N,3,0,0,0.12660404056891683,Low Risk
25,65000,MORTGAGE,3.0,VENTURE,C,7000,14.72,0.11,N,3,0,0,0.08970438241026363,Low Risk
43,50000,MORTGAGE,11.0,EDUCATION,A,11500,10.99,0.23,N,11,0,0,0.053923110984776944,Low Risk
23,40000,RENT,4.0,VENTURE,A,9000,7.49,0.23,N,3,0,0,0.018739006075680728,Low Risk
28,57000,OWN,7.0,PERSONAL,B,3500,11.83,0.06,N,6,0,0,0.014845430812999388,Low Risk
27,90000,RENT,7.0,VENTURE,C,10000,14.27,0.11,Y,8,0,0,0.06009596932641059,Low Risk
24,98000,MORTGAGE,8.0,VENTURE,A,10000,6.62,0.1,N,3,0,0,0.009427409434547887,Low Risk
26,60000,OWN,8.0,VENTURE,A,9800,10.99,0.16,N,4,0,0,0.004528523958117793,Low Risk
24,18000,MORTGAGE,3.0,VENTURE,C,1200,11.34,0.07,Y,4,0,0,0.3204069757175083,Medium Risk
22,58800,MORTGAGE,4.0,PERSONAL,D,23500,15.33,0.4,N,2,1,1,0.541076944707457,Medium Risk
27,127000,MORTGAGE,6.0,VENTURE,B,21000,10.99,0.17,N,5,0,0,0.02495131511350026,Low Risk
27,56500,RENT,2.0,HOMEIMPROVEMENT,D,14000,13.87,0.25,N,8,1,1,0.5447947830935993,Medium Risk
35,62000,MORTGAGE,0.0,EDUCATION,A,9475,6.03,0.15,N,5,0,0,0.03587972975580539,Low Risk
21,18000,RENT,0.0,DEBTCONSOLIDATION,A,3000,7.9,0.17,N,2,1,1,0.9476499297827534,High Risk
38,60000,RENT,3.0,EDUCATION,C,5000,14.79,0.08,Y,17,0,0,0.08720204984438411,Low Risk
22,50000,RENT,2.0,VENTURE,B,3500,10.99,0.07,N,3,0,0,0.06401610736593971,Low Risk
22,40000,MORTGAGE,6.0,MEDICAL,A,9875,7.9,0.25,N,4,0,0,0.05120092371406585,Low Risk
23,75000,RENT,3.0,PERSONAL,E,23575,14.5,0.31,N,4,1,1,0.967218081648211,High Risk
23,90000,RENT,5.0,VENTURE,D,7500,15.58,0.08,Y,3,0,0,0.18910177709834458,Low Risk
21,8088,RENT,4.0,MEDICAL,C,1200,15.23,0.15,Y,2,0,0,0.31834208331563224,Medium Risk
22,81500,MORTGAGE,0.0,EDUCATION,A,7575,6.54,0.09,N,3,0,0,0.026698554290438076,Low Risk
23,62000,MORTGAGE,4.0,VENTURE,B,9600,9.2,0.15,N,2,0,0,0.024996873676843376,Low Risk
25,40000,RENT,6.0,MEDICAL,B,10000,10.0,0.25,N,4,0,0,0.07828559425181146,Low Risk
25,50000,RENT,0.0,HOMEIMPROVEMENT,B,6400,9.91,0.13,N,4,0,0,0.12284969852452218,Low Risk
32,225000,MORTGAGE,4.0,PERSONAL,C,20000,13.92,0.09,N,10,0,0,0.057296993018804455,Low Risk
24,54000,RENT,0.0,HOMEIMPROVEMENT,D,16000,15.65,0.3,N,4,1,1,0.7875209371382387,High Risk
22,50000,MORTGAGE,6.0,VENTURE,C,10500,14.26,0.21,Y,2,0,0,0.11580719767887776,Low Risk
29,60000,OWN,13.0,VENTURE,A,1000,6.76,0.02,N,8,0,0,0.0037549734043009052,Low Risk
25,48000,MORTGAGE,5.0,EDUCATION,C,16750,10.99,0.35,Y,4,0,0,0.15174746953121976,Low Risk
22,48000,MORTGAGE,4.0,PERSONAL,A,6500,6.17,0.14,N,2,0,0,0.04413873328385993,Low Risk
23,135000,OWN,7.0,VENTURE,A,16000,6.91,0.12,N,3,0,0,0.0033151080485789505,Low Risk
24,40800,RENT,6.0,MEDICAL,B,17500,10.62,0.43,N,4,1,1,0.9716200943713377,High Risk
29,108000,MORTGAGE,0.0,HOMEIMPROVEMENT,C,20000,10.59,0.19,Y,7,0,0,0.06356657742803223,Low Risk
25,100000,MORTGAGE,9.0,MEDICAL,A,12000,8.94,0.12,N,4,0,0,0.031374399733280524,Low Risk
25,22812,RENT,5.0,EDUCATION,D,4125,14.54,0.18,Y,2,0,1,0.5297494858822781,Medium Risk
24,46000,MORTGAGE,9.0,EDUCATION,A,12000,7.88,0.26,N,4,1,0,0.04819768296268074,Low Risk
22,55000,RENT,1.0,VENTURE,C,15000,12.84,0.27,N,3,0,0,0.13375506526841582,Low Risk
22,38400,MORTGAGE,4.0,DEBTCONSOLIDATION,A,10000,5.42,0.26,N,2,0,0,0.06149363040443032,Low Risk
23,48000,RENT,1.0,VENTURE,A,4325,5.42,0.09,N,4,0,0,0.026380402919870333,Low Risk
27,104371,RENT,4.0,EDUCATION,D,15000,16.77,0.14,Y,6,0,0,0.26565703696067416,Low Risk
22,53808,MORTGAGE,5.0,VENTURE,A,6000,8.9,0.11,N,2,0,0,0.0180143034998201,Low Risk
28,50000,RENT,0.0,VENTURE,A,7000,6.92,0.14,N,9,0,0,0.026218684125015712,Low Risk
23,97600,MORTGAGE,7.0,MEDICAL,A,14500,7.51,0.15,N,2,0,0,0.02986542919727496,Low Risk
22,27560,OWN,6.0,EDUCATION,B,2800,11.49,0.1,N,4,0,0,0.01890764196219852,Low Risk
26,104550,MORTGAGE,6.0,MEDICAL,D,15000,15.33,0.12,N,3,1,1,0.6245936544277235,High Risk
25,165000,MORTGAGE,0.0,HOMEIMPROVEMENT,F,25000,19.74,0.15,N,4,0,1,0.5597939944127391,Medium Risk
22,65004,RENT,4.0,VENTURE,E,15000,16.95,0.23,N,3,0,0,0.28223873615382183,Low Risk
46,44782,MORTGAGE,14.0,PERSONAL,D,6000,13.67,0.13,Y,12,0,0,0.3065236604451686,Medium Risk
21,50000,RENT,5.0,VENTURE,B,8500,10.65,0.17,N,2,0,0,0.03239002741587996,Low Risk
40,53000,MORTGAGE,2.0,MEDICAL,B,3000,10.62,0.06,N,17,0,0,0.09650179146615961,Low Risk
29,66000,MORTGAGE,4.0,DEBTCONSOLIDATION,E,8200,17.04,0.12,Y,7,1,1,0.8344681441912353,High Risk
32,83820,MORTGAGE,5.0,EDUCATION,B,12800,9.99,0.15,N,6,0,0,0.042224282347102286,Low Risk
25,45500,RENT,3.0,MEDICAL,C,2000,13.49,0.04,Y,3,0,0,0.11923774899971944,Low Risk
28,60000,RENT,2.0,DEBTCONSOLIDATION,B,3000,11.49,0.05,N,5,0,0,0.07707493547250743,Low Risk
24,74400,RENT,1.0,EDUCATION,A,3500,7.29,0.05,N,4,0,0,0.03705186826269597,Low Risk
29,115000,RENT,0.0,MEDICAL,B,6500,10.65,0.06,N,10,0,0,0.05502479975586238,Low Risk
34,72000,RENT,2.0,HOMEIMPROVEMENT,A,10000,7.51,0.14,N,7,0,0,0.05214038452833558,Low Risk
31,120000,MORTGAGE,6.0,PERSONAL,D,25000,16.32,0.21,Y,7,0,0,0.31315733440058646,Medium Risk
35,65000,MORTGAGE,4.0,VENTURE,A,6500,5.42,0.1,N,5,0,0,0.013120405423529219,Low Risk
23,24290,RENT,0.0,MEDICAL,A,3400,7.51,0.14,N,4,0,0,0.08812771776579952,Low Risk
26,76800,MORTGAGE,2.0,PERSONAL,A,12800,6.92,0.17,N,4,0,0,0.03415201726318605,Low Risk
28,56496,RENT,0.0,DEBTCONSOLIDATION,C,15000,12.61,0.27,N,10,0,0,0.1417851723180269,Low Risk
28,36000,RENT,2.0,VENTURE,A,12000,5.42,0.33,N,10,1,1,0.943081309943567,High Risk
25,50000,RENT,7.0,EDUCATION,E,8500,15.7,0.17,N,4,0,0,0.3529519233968507,Medium Risk
23,64000,RENT,2.0,PERSONAL,B,16000,10.74,0.25,N,3,0,0,0.07088546076180553,Low Risk
23,54000,MORTGAGE,5.0,VENTURE,B,8500,12.42,0.16,N,2,0,0,0.04233118259083901,Low Risk
22,60000,RENT,0.0,DEBTCONSOLIDATION,B,6600,10.59,0.11,N,2,0,0,0.06141196708023081,Low Risk
31,62000,RENT,2.0,PERSONAL,B,12800,9.62,0.21,N,7,0,0,0.06665199802373459,Low Risk
23,35500,MORTGAGE,8.0,EDUCATION,A,9000,7.49,0.25,N,3,0,0,0.049048625541972334,Low Risk
27,40050,RENT,3.0,MEDICAL,D,3600,14.84,0.09,Y,7,0,1,0.7425940549865773,High Risk
26,125000,RENT,3.0,MEDICAL,A,12000,6.99,0.1,N,4,0,0,0.03165798763950705,Low Risk
31,46000,MORTGAGE,11.0,VENTURE,A,7000,7.88,0.15,N,6,0,0,0.017136526849284704,Low Risk
22,37440,RENT,1.0,EDUCATION,C,3200,13.04,0.09,Y,2,0,0,0.10654421628231983,Low Risk
24,57600,RENT,8.0,EDUCATION,C,2500,14.72,0.04,Y,3,0,0,0.14821727171089985,Low Risk
30,48000,MORTGAGE,12.0,PERSONAL,A,15000,10.99,0.31,N,9,0,0,0.11913677087190948,Low Risk
47,37000,MORTGAGE,6.0,PERSONAL,A,7400,8.0,0.2,N,13,0,0,0.05439450958188047,Low Risk
24,40000,RENT,2.0,PERSONAL,B,2000,11.99,0.05,N,4,0,0,0.08389669743225796,Low Risk
26,53000,RENT,2.0,VENTURE,E,18000,17.19,0.34,Y,3,1,1,0.989643048907129,High Risk
23,66000,MORTGAGE,5.0,VENTURE,A,6000,6.62,0.09,N,2,0,0,0.01338065658801569,Low Risk
27,125000,MORTGAGE,7.0,HOMEIMPROVEMENT,D,20000,10.99,0.16,Y,5,0,0,0.17545926728106653,Low Risk
23,58000,RENT,1.0,VENTURE,B,4000,10.74,0.07,N,2,0,0,0.044880474854125184,Low Risk
31,66000,MORTGAGE,9.0,VENTURE,E,22000,16.63,0.33,Y,5,0,0,0.24801836687625994,Low Risk
34,187000,RENT,3.0,VENTURE,A,12000,7.9,0.06,N,10,0,0,0.011831841034660189,Low Risk
22,48000,RENT,6.0,VENTURE,B,5000,10.99,0.1,N,2,0,0,0.04677896433826175,Low Risk
21,32000,RENT,5.0,DEBTCONSOLIDATION,A,6000,5.42,0.19,N,4,0,0,0.1129726109645232,Low Risk
27,80000,MORTGAGE,4.0,DEBTCONSOLIDATION,B,24000,11.12,0.3,N,10,0,0,0.10001966077826464,Low Risk
29,84000,RENT,9.0,DEBTCONSOLIDATION,C,13000,12.53,0.15,Y,7,0,0,0.09048524514533848,Low Risk
38,65000,MORTGAGE,5.0,EDUCATION,B,15000,10.36,0.23,N,17,0,0,0.05748743980729544,Low Risk
22,96384,MORTGAGE,6.0,VENTURE,B,18000,10.25,0.19,N,3,0,0,0.0159149592316194,Low Risk
44,75000,MORTGAGE,6.0,EDUCATION,A,6000,8.9,0.08,N,11,0,0,0.03484755868900318,Low Risk
23,27000,RENT,6.0,MEDICAL,B,10000,10.65,0.37,N,3,1,1,0.9669499219856191,High Risk
41,37000,RENT,2.0,MEDICAL,B,3000,10.99,0.08,N,16,0,0,0.11462193447731903,Low Risk
31,118320,RENT,1.0,HOMEIMPROVEMENT,B,24250,12.53,0.2,N,5,0,0,0.0754051881446875,Low Risk
23,150000,RENT,4.0,EDUCATION,B,25000,10.36,0.17,N,3,0,0,0.05195294954886286,Low Risk
28,57000,RENT,12.0,DEBTCONSOLIDATION,B,20000,11.71,0.35,N,6,1,1,0.9755256840448487,High Risk
25,19200,RENT,6.0,EDUCATION,E,4000,19.03,0.21,Y,4,1,1,0.8976012020894959,High Risk
30,57000,RENT,4.0,VENTURE,C,7500,14.27,0.13,N,5,0,0,0.12373764720806288,Low Risk
23,50000,RENT,7.0,PERSONAL,B,9000,12.18,0.18,N,4,0,0,0.08844984804456994,Low Risk
27,100000,MORTGAGE,11.0,PERSONAL,A,14400,10.99,0.14,N,8,0,0,0.02986731988023084,Low Risk
25,22880,RENT,2.0,VENTURE,C,7000,10.99,0.31,N,3,1,1,0.975085089047834,High Risk
27,62000,MORTGAGE,6.0,DEBTCONSOLIDATION,B,15000,10.99,0.24,N,8,0,0,0.10748559200804549,Low Risk
22,60000,MORTGAGE,6.0,PERSONAL,A,2000,6.54,0.03,N,3,0,0,0.03135047314978469,Low Risk
30,40000,RENT,5.0,MEDICAL,A,3000,7.14,0.07,N,5,0,0,0.05285807791367932,Low Risk
24,104000,MORTGAGE,8.0,EDUCATION,C,25000,12.84,0.24,N,2,0,0,0.05535687113589614,Low Risk
29,100000,RENT,3.0,HOMEIMPROVEMENT,C,15000,12.04,0.15,N,10,0,0,0.05578661405148775,Low Risk
25,32000,MORTGAGE,4.0,DEBTCONSOLIDATION,B,8000,10.36,0.25,N,2,1,0,0.15818086550995816,Low Risk
30,100000,MORTGAGE,9.0,MEDICAL,A,12000,8.9,0.12,N,10,0,0,0.031374399733280524,Low Risk
26,110000,RENT,4.0,VENTURE,B,12000,10.99,0.11,N,2,0,0,0.024144399879898144,Low Risk
24,42000,MORTGAGE,4.0,PERSONAL,E,18250,16.82,0.43,Y,4,1,0,0.3927333675827577,Medium Risk
54,20000,RENT,2.0,MEDICAL,C,5000,10.99,0.25,N,28,0,0,0.17041937756188427,Low Risk
35,33000,RENT,2.0,VENTURE,C,7600,15.27,0.23,N,6,0,0,0.33329909720878353,Medium Risk
42,42000,OWN,4.0,VENTURE,A,12000,6.03,0.29,N,15,0,0,0.006032371579184443,Low Risk
38,40246,MORTGAGE,7.0,HOMEIMPROVEMENT,A,12000,8.9,0.3,N,15,0,0,0.08011136194189125,Low Risk
28,160000,OWN,12.0,PERSONAL,B,23000,11.83,0.14,N,8,0,0,0.012434810471664004,Low Risk
38,94000,RENT,3.0,PERSONAL,D,5000,15.33,0.05,Y,16,0,0,0.3381413697536938,Medium Risk
31,34000,MORTGAGE,3.0,EDUCATION,C,10000,13.85,0.29,Y,6,1,0,0.22773037451926453,Low Risk
29,47133,RENT,5.0,DEBTCONSOLIDATION,B,5100,11.86,0.11,N,7,0,0,0.1074190589376194,Low Risk
21,50350,RENT,3.0,EDUCATION,A,3600,7.88,0.07,N,3,0,0,0.0467029832911868,Low Risk
29,120000,MORTGAGE,2.0,EDUCATION,A,35000,8.9,0.29,N,7,0,0,0.035629146979015015,Low Risk
34,61476,MORTGAGE,12.0,HOMEIMPROVEMENT,A,9200,7.74,0.15,N,7,0,0,0.05113409024583202,Low Risk
27,42000,MORTGAGE,11.0,PERSONAL,A,3500,8.49,0.08,N,9,0,0,0.050892285122957445,Low Risk
24,70000,RENT,3.0,PERSONAL,B,25000,11.86,0.36,N,2,1,1,0.9660948217216115,High Risk
28,31000,RENT,1.0,HOMEIMPROVEMENT,D,7500,15.31,0.24,Y,5,1,1,0.9581874910859772,High Risk
26,120000,MORTGAGE,0.0,DEBTCONSOLIDATION,A,6000,10.99,0.05,N,2,0,0,0.042774181092296464,Low Risk
25,78000,MORTGAGE,4.0,DEBTCONSOLIDATION,B,2400,11.86,0.03,N,4,0,0,0.11755471030008459,Low Risk
31,135000,MORTGAGE,14.0,PERSONAL,B,15000,10.75,0.11,N,6,0,0,0.03905771776199442,Low Risk
22,53000,MORTGAGE,7.0,EDUCATION,A,2500,7.4,0.05,N,3,0,0,0.045831050232470714,Low Risk
26,36000,RENT,3.0,DEBTCONSOLIDATION,D,7000,14.96,0.19,Y,4,1,1,0.8523819805031847,High Risk
26,96000,MORTGAGE,2.0,VENTURE,G,10000,21.14,0.1,N,3,1,1,0.8762402509270125,High Risk
28,24000,MORTGAGE,2.0,EDUCATION,A,1500,7.14,0.06,N,10,0,0,0.08501157853095571,Low Risk
31,65000,RENT,9.0,VENTURE,B,20000,10.65,0.31,N,8,1,1,0.9345344859241191,High Risk
24,23196,RENT,1.0,EDUCATION,D,7500,13.24,0.32,N,2,1,1,0.9818251391918834,High Risk
24,48000,RENT,0.0,PERSONAL,B,4800,9.88,0.1,N,3,0,0,0.07838347510677067,Low Risk
33,40000,RENT,15.0,PERSONAL,B,15000,9.88,0.38,N,5,1,1,0.961378792896302,High Risk
38,46000,RENT,1.0,MEDICAL,B,12000,9.91,0.26,N,16,0,0,0.11301819633456892,Low Risk
34,30000,OWN,3.0,HOMEIMPROVEMENT,C,8875,14.27,0.3,Y,8,0,0,0.06452875113807469,Low Risk
24,27000,RENT,0.0,DEBTCONSOLIDATION,C,10000,12.73,0.37,N,2,1,1,0.9713492424618952,High Risk
25,48000,MORTGAGE,3.0,DEBTCONSOLIDATION,B,4800,10.74,0.1,N,4,0,0,0.08410045384982948,Low Risk
24,72000,RENT,8.0,MEDICAL,A,12000,7.88,0.17,N,4,0,0,0.04242721517901927,Low Risk
42,21120,RENT,12.0,VENTURE,B,6400,11.14,0.3,N,14,0,0,0.0915383603090611,Low Risk
27,65000,MORTGAGE,5.0,VENTURE,B,10000,12.42,0.15,N,6,0,0,0.03349094746954138,Low Risk
22,39124,OWN,6.0,VENTURE,A,5000,7.74,0.13,N,4,0,0,0.00881700653942992,Low Risk
23,95004,RENT,2.0,EDUCATION,A,5000,9.63,0.05,N,4,0,0,0.027770264390102876,Low Risk
24,71000,OWN,4.0,HOMEIMPROVEMENT,A,10000,5.79,0.14,N,3,0,0,0.014577872829156466,Low Risk
24,30000,RENT,3.0,EDUCATION,B,6000,11.71,0.2,N,4,0,0,0.15665991390328105,Low Risk
24,41000,RENT,3.0,EDUCATION,A,6000,8.9,0.15,N,3,0,0,0.05343643784649242,Low Risk
28,46097,MORTGAGE,12.0,DEBTCONSOLIDATION,B,6000,10.75,0.13,N,8,0,0,0.08361528399258497,Low Risk
24,80000,MORTGAGE,8.0,MEDICAL,A,9000,10.99,0.11,N,4,0,0,0.03438317281233302,Low Risk
25,120000,MORTGAGE,9.0,HOMEIMPROVEMENT,B,20000,11.14,0.17,N,4,0,0,0.05689642051446507,Low Risk
28,70356,MORTGAGE,12.0,EDUCATION,B,6000,11.11,0.09,N,5,0,0,0.06455645977790861,Low Risk
35,60350,MORTGAGE,15.0,MEDICAL,E,25000,16.82,0.35,N,5,1,1,0.7654876535286202,High Risk
27,21600,RENT,2.0,MEDICAL,B,8000,10.59,0.37,N,5,1,1,0.9674606514074271,High Risk
27,28800,RENT,0.0,EDUCATION,A,3000,7.88,0.1,N,7,1,0,0.09326119812651355,Low Risk
21,42000,MORTGAGE,3.0,EDUCATION,B,13750,11.36,0.33,N,4,0,0,0.1322953894606659,Low Risk
31,82524,MORTGAGE,4.0,VENTURE,A,12000,6.62,0.15,N,8,0,0,0.01069333656236192,Low Risk
27,20000,RENT,2.0,MEDICAL,B,3600,9.25,0.18,N,7,0,0,0.14724435519722975,Low Risk
27,28800,OWN,0.0,HOMEIMPROVEMENT,A,13000,6.92,0.45,N,10,0,0,0.08441913008654386,Low Risk
27,40000,MORTGAGE,4.0,EDUCATION,A,3500,9.63,0.09,N,9,0,0,0.04355370215036381,Low Risk
21,35000,RENT,5.0,MEDICAL,A,9000,8.94,0.26,N,3,0,0,0.07928212257235832,Low Risk
32,65453,RENT,15.0,MEDICAL,C,5000,11.28,0.06,Y,9,1,0,0.09214576221929081,Low Risk
27,45000,MORTGAGE,1.0,VENTURE,A,4000,10.99,0.09,N,7,0,0,0.032158455041199144,Low Risk
28,38700,RENT,8.0,VENTURE,B,3600,11.12,0.09,N,7,0,0,0.05031394181226611,Low Risk
24,12000,OWN,4.0,VENTURE,B,2500,12.69,0.21,N,3,1,1,0.7086414562740752,High Risk
33,30000,RENT,2.0,DEBTCONSOLIDATION,A,17975,8.49,0.6,N,8,1,1,0.9638474257416703,High Risk
22,80000,MORTGAGE,0.0,MEDICAL,C,2000,14.72,0.03,Y,3,0,0,0.13157547967602454,Low Risk
33,44000,RENT,6.0,DEBTCONSOLIDATION,D,6000,14.96,0.14,N,8,1,1,0.8478652768444886,High Risk
25,38340,RENT,9.0,MEDICAL,B,12000,11.71,0.31,N,2,1,1,0.973778339154422,High Risk
21,159800,MORTGAGE,5.0,MEDICAL,D,30000,15.62,0.16,N,2,1,1,0.7101823702524951,High Risk
24,110000,RENT,4.0,PERSONAL,A,8000,5.99,0.07,N,3,0,0,0.02730051960502908,Low Risk
24,85000,RENT,1.0,VENTURE,A,10500,6.92,0.12,N,3,0,0,0.016543806047644962,Low Risk
33,66000,OWN,3.0,VENTURE,B,5600,10.99,0.08,N,9,0,0,0.006729775999141531,Low Risk
28,92000,MORTGAGE,8.0,PERSONAL,C,7750,14.22,0.08,N,6,1,0,0.06152654615456393,Low Risk
26,30000,OWN,0.0,HOMEIMPROVEMENT,C,15000,13.22,0.5,Y,2,0,0,0.09162670137250187,Low Risk
32,60000,MORTGAGE,2.0,EDUCATION,D,15000,14.83,0.25,N,9,0,0,0.41997443246103827,Medium Risk
23,49000,MORTGAGE,7.0,EDUCATION,C,4000,13.99,0.08,N,3,0,0,0.11299841044516491,Low Risk
27,57996,RENT,8.0,DEBTCONSOLIDATION,C,13000,13.92,0.22,Y,7,0,0,0.12659696975226076,Low Risk
25,30000,RENT,1.0,MEDICAL,B,7000,10.62,0.23,N,3,0,0,0.17059659334588326,Low Risk
26,105000,MORTGAGE,2.0,HOMEIMPROVEMENT,B,7200,10.65,0.07,N,4,0,0,0.04727695593766483,Low Risk
29,63000,RENT,5.0,PERSONAL,D,10000,15.33,0.16,Y,7,0,0,0.4519324924737082,Medium Risk
40,16800,RENT,8.0,PERSONAL,A,5000,8.94,0.3,N,17,1,1,0.9552019848501617,High Risk
24,50000,MORTGAGE,5.0,PERSONAL,A,6000,6.17,0.12,N,2,0,0,0.04413873328385993,Low Risk
23,21000,RENT,3.0,MEDICAL,C,10000,13.16,0.48,Y,4,1,1,0.9708431110156621,High Risk
30,70000,RENT,6.0,PERSONAL,B,5000,11.71,0.07,N,5,0,0,0.07110532312678482,Low Risk
49,120000,MORTGAGE,12.0,MEDICAL,B,12000,10.99,0.1,N,12,0,0,0.05783236971124462,Low Risk
23,15204,MORTGAGE,7.0,PERSONAL,A,2800,8.49,0.18,N,3,1,1,0.9461740144867746,High Risk
25,118000,MORTGAGE,9.0,DEBTCONSOLIDATION,A,2000,7.12,0.02,N,2,0,0,0.036016470281792556,Low Risk
28,60000,RENT,5.0,HOMEIMPROVEMENT,A,7200,5.42,0.12,N,7,0,0,0.04296858832165254,Low Risk
29,12000,OWN,0.0,HOMEIMPROVEMENT,B,4500,11.14,0.38,N,6,1,1,0.9099120973607894,High Risk
30,22452,RENT,2.0,VENTURE,A,12000,7.29,0.53,N,5,1,1,0.9446568022901164,High Risk
25,50000,MORTGAGE,9.0,EDUCATION,A,5000,5.79,0.1,N,2,0,0,0.04325759554372861,Low Risk
22,98000,MORTGAGE,6.0,PERSONAL,B,25000,10.25,0.26,N,3,1,0,0.05078802456905744,Low Risk
23,65000,MORTGAGE,0.0,PERSONAL,A,12000,7.9,0.18,N,3,0,0,0.036966129826804126,Low Risk
24,24000,OWN,1.0,EDUCATION,A,2400,7.49,0.1,N,2,0,0,0.018509874369471012,Low Risk
33,25000,MORTGAGE,0.0,DEBTCONSOLIDATION,C,3000,12.53,0.12,Y,6,0,0,0.15076333478037512,Low Risk
24,39996,RENT,8.0,DEBTCONSOLIDATION,B,12000,12.69,0.3,N,3,0,0,0.11589864167692963,Low Risk
27,30000,RENT,0.0,MEDICAL,C,5000,13.72,0.17,N,8,0,0,0.21908616520909377,Low Risk
35,63600,RENT,3.0,EDUCATION,B,12000,11.49,0.19,N,8,0,0,0.07188455868108679,Low Risk
27,33600,OWN,5.0,EDUCATION,A,5400,5.42,0.16,N,6,0,0,0.022645381255680858,Low Risk
29,65000,MORTGAGE,13.0,PERSONAL,C,16000,12.87,0.25,Y,10,0,0,0.07949970436079475,Low Risk
24,54000,MORTGAGE,5.0,PERSONAL,A,11000,5.42,0.2,N,2,0,0,0.04413873328385993,Low Risk
24,96000,MORTGAGE,6.0,VENTURE,A,12000,5.42,0.13,N,4,0,0,0.009427409434547887,Low Risk
38,112000,RENT,2.0,VENTURE,B,10000,11.26,0.09,N,15,0,0,0.033332795954499984,Low Risk
32,63000,MORTGAGE,12.0,EDUCATION,C,7000,13.57,0.11,Y,7,0,0,0.07605212422013398,Low Risk
36,59617,MORTGAGE,14.0,PERSONAL,D,21000,15.62,0.35,N,14,0,1,0.5724188345243388,Medium Risk
29,74000,RENT,3.0,HOMEIMPROVEMENT,C,16000,13.11,0.22,Y,5,1,0,0.10030586900182707,Low Risk
47,30000,RENT,2.0,HOMEIMPROVEMENT,C,3000,12.99,0.1,N,11,1,1,0.6106589830832533,High Risk
27,36000,RENT,4.0,HOMEIMPROVEMENT,D,3000,15.62,0.08,N,7,1,1,0.716637949823999,High Risk
23,45000,RENT,4.0,PERSONAL,C,4800,13.98,0.11,Y,2,0,0,0.10550833542605635,Low Risk
25,98400,RENT,4.0,PERSONAL,D,16525,15.28,0.17,Y,3,0,0,0.33672946093965406,Medium Risk
24,43300,RENT,4.0,MEDICAL,A,8000,7.29,0.18,N,4,0,0,0.05721153569221321,Low Risk
23,20004,MORTGAGE,2.0,EDUCATION,E,2500,16.82,0.12,Y,2,0,1,0.6529648964939602,High Risk
40,233000,MORTGAGE,6.0,VENTURE,B,15000,11.83,0.06,N,12,0,0,0.021559899576924717,Low Risk
31,33000,RENT,1.0,MEDICAL,D,9750,14.54,0.3,Y,9,1,1,0.8718064495032495,High Risk
22,53000,RENT,2.0,EDUCATION,B,6500,10.65,0.12,N,4,0,0,0.07310694131195725,Low Risk
31,93000,MORTGAGE,10.0,MEDICAL,A,3000,8.49,0.03,N,8,0,0,0.03267377110551068,Low Risk
25,69570,OWN,0.0,PERSONAL,A,1500,7.74,0.02,N,2,0,0,0.011875208126477365,Low Risk
29,120000,OWN,3.0,EDUCATION,A,7500,7.74,0.06,N,8,0,0,0.008072257080656115,Low Risk
26,125000,MORTGAGE,10.0,PERSONAL,A,10200,7.49,0.08,N,2,0,0,0.024773380079777342,Low Risk
23,24000,OWN,0.0,PERSONAL,A,8000,5.79,0.33,N,3,0,0,0.03642135492113117,Low Risk
25,110000,MORTGAGE,9.0,EDUCATION,A,5000,7.14,0.05,N,4,0,0,0.024269015852087867,Low Risk
26,65000,RENT,7.0,EDUCATION,D,6000,16.49,0.09,Y,2,0,0,0.35281046372883346,Medium Risk
26,55000,RENT,1.0,DEBTCONSOLIDATION,C,3000,10.99,0.05,N,2,0,0,0.11126676797984954,Low Risk
21,30000,RENT,5.0,VENTURE,A,12000,5.79,0.4,N,3,1,1,0.9515611251178236,High Risk
25,96000,MORTGAGE,6.0,EDUCATION,B,20000,10.99,0.21,N,2,0,0,0.04949990247005677,Low Risk
34,138000,MORTGAGE,14.0,DEBTCONSOLIDATION,B,25000,11.12,0.18,N,6,0,0,0.08705373558704012,Low Risk
24,99000,MORTGAGE,8.0,EDUCATION,B,12250,9.88,0.12,N,2,0,0,0.03736656341035149,Low Risk
24,42000,MORTGAGE,6.0,MEDICAL,A,3125,8.9,0.07,N,3,0,0,0.05998270636762576,Low Risk
23,75000,MORTGAGE,1.0,EDUCATION,E,4500,10.99,0.06,Y,4,0,0,0.20957292399436503,Low Risk
26,86502,RENT,7.0,PERSONAL,B,8000,10.36,0.09,N,3,0,0,0.045861392260964425,Low Risk
27,45000,RENT,0.0,DEBTCONSOLIDATION,C,5200,13.49,0.12,N,8,0,0,0.11281529440738597,Low Risk
27,90000,RENT,4.0,HOMEIMPROVEMENT,A,19200,6.99,0.21,N,8,0,0,0.03894210876883438,Low Risk
24,60000,RENT,5.0,MEDICAL,A,12000,9.63,0.2,N,2,0,0,0.03670014622609736,Low Risk
25,102211,MORTGAGE,3.0,DEBTCONSOLIDATION,B,15000,11.58,0.15,N,2,0,0,0.07042139281717884,Low Risk
23,72000,RENT,3.0,MEDICAL,A,10800,7.88,0.15,N,2,0,0,0.04242721517901927,Low Risk
46,60070,RENT,2.0,PERSONAL,C,5500,14.22,0.09,Y,17,0,0,0.12769889728736067,Low Risk
30,23000,RENT,3.0,PERSONAL,C,6500,14.72,0.28,N,10,0,0,0.26830474431451845,Low Risk
21,42000,RENT,5.0,EDUCATION,A,1500,5.79,0.04,N,3,0,0,0.053695356017977966,Low Risk
24,105000,RENT,2.0,VENTURE,A,13800,7.66,0.13,N,2,0,0,0.015164148034395471,Low Risk
29,124000,MORTGAGE,13.0,MEDICAL,A,8100,7.51,0.07,N,7,0,0,0.02986542919727496,Low Risk
28,39000,RENT,8.0,EDUCATION,C,4500,13.49,0.12,N,9,1,0,0.14154135290917302,Low Risk
30,43000,RENT,2.0,DEBTCONSOLIDATION,A,14400,6.99,0.33,N,10,1,1,0.9608395340788546,High Risk
24,48200,RENT,3.0,VENTURE,B,5000,10.38,0.1,N,3,0,0,0.032588537623022426,Low Risk
47,18000,RENT,4.0,EDUCATION,A,2000,7.29,0.11,N,11,0,0,0.19438781685547696,Low Risk
26,97700,MORTGAGE,1.0,DEBTCONSOLIDATION,A,10400,9.32,0.11,N,3,0,0,0.034576953741956434,Low Risk
28,39996,RENT,10.0,EDUCATION,D,5525,14.54,0.14,N,10,0,0,0.39811500641083614,Medium Risk
53,138000,RENT,4.0,PERSONAL,B,15000,12.69,0.11,N,21,1,0,0.046920454248046625,Low Risk
22,32644,MORTGAGE,6.0,VENTURE,E,13750,16.45,0.42,Y,4,1,0,0.4364739683859255,Medium Risk
27,65000,RENT,0.0,PERSONAL,B,12000,10.99,0.18,N,5,0,0,0.0748395422894819,Low Risk
22,72644,MORTGAGE,3.0,PERSONAL,A,5900,7.49,0.08,N,3,1,0,0.03493478828889461,Low Risk
22,48000,RENT,2.0,EDUCATION,B,2600,11.12,0.05,N,3,0,0,0.08747590770658902,Low Risk
31,82000,MORTGAGE,15.0,HOMEIMPROVEMENT,A,9000,5.42,0.11,N,9,0,0,0.03351091389504529,Low Risk
23,57188,MORTGAGE,7.0,VENTURE,A,17450,6.62,0.31,N,3,0,0,0.055551461500980844,Low Risk
31,86500,OWN,0.0,VENTURE,C,25000,13.57,0.29,N,9,0,0,0.018212085634328228,Low Risk
22,80000,RENT,5.0,EDUCATION,C,10000,14.27,0.13,N,2,0,0,0.06107037210692419,Low Risk
38,17280,OWN,0.0,VENTURE,D,1000,16.29,0.06,Y,13,0,0,0.2530468204367795,Low Risk
25,49000,RENT,10.0,EDUCATION,A,9600,7.51,0.2,N,2,1,0,0.04745422124517761,Low Risk
25,44000,RENT,7.0,MEDICAL,C,7500,13.92,0.17,N,3,1,0,0.129849653806553,Low Risk
22,76000,RENT,0.0,EDUCATION,C,14400,14.35,0.19,N,2,0,0,0.10137794784322707,Low Risk
44,36000,OWN,5.0,EDUCATION,D,4000,16.29,0.11,N,11,0,0,0.04330603747725865,Low Risk
27,93600,RENT,1.0,DEBTCONSOLIDATION,B,3000,10.36,0.03,N,9,0,0,0.058886561024106374,Low Risk
32,130000,MORTGAGE,3.0,DEBTCONSOLIDATION,B,5000,10.99,0.04,N,9,1,0,0.07083592410817469,Low Risk
24,30000,OWN,7.0,HOMEIMPROVEMENT,C,10000,12.61,0.33,N,3,0,0,0.07729837674509739,Low Risk
30,85000,RENT,5.0,MEDICAL,A,4200,5.99,0.05,N,6,0,0,0.034645447228093366,Low Risk
24,79768,OWN,2.0,EDUCATION,C,12000,13.49,0.15,Y,4,0,0,0.0183955408802386,Low Risk
31,86000,RENT,0.0,PERSONAL,A,2000,5.99,0.02,N,5,0,0,0.033129345531648445,Low Risk
26,43873,OWN,4.0,HOMEIMPROVEMENT,D,17500,16.32,0.4,N,3,0,0,0.06660991722732826,Low Risk
23,75000,OWN,5.0,MEDICAL,D,12500,15.33,0.17,Y,3,0,0,0.15149611281438172,Low Risk
25,365000,MORTGAGE,7.0,VENTURE,B,35000,10.65,0.1,N,2,0,0,0.019082191644106367,Low Risk
25,62000,RENT,0.0,DEBTCONSOLIDATION,A,7400,6.99,0.12,N,2,0,0,0.048146466870903404,Low Risk
41,33000,RENT,6.0,VENTURE,A,9400,8.9,0.28,N,16,0,0,0.07247240311360773,Low Risk
27,42504,RENT,2.0,DEBTCONSOLIDATION,B,7200,10.59,0.17,N,6,0,0,0.08374374713209276,Low Risk
22,33000,OWN,6.0,PERSONAL,B,12000,9.91,0.36,N,2,0,0,0.040719728364568185,Low Risk
23,60000,MORTGAGE,4.0,EDUCATION,A,10000,10.99,0.17,N,4,0,0,0.034453530911858085,Low Risk
36,65000,RENT,7.0,MEDICAL,B,15000,10.59,0.23,N,17,0,0,0.07463987540555075,Low Risk
23,65748,MORTGAGE,6.0,EDUCATION,A,8800,9.63,0.13,N,3,0,0,0.03486139290988845,Low Risk
23,29100,RENT,3.0,EDUCATION,D,5000,14.84,0.17,N,2,0,1,0.5593350781163233,Medium Risk
29,148616,RENT,2.0,EDUCATION,A,29550,8.9,0.2,N,9,0,0,0.038888071828618614,Low Risk
23,86000,MORTGAGE,2.0,PERSONAL,A,15000,6.03,0.17,N,2,0,0,0.029901310025501313,Low Risk
29,72000,RENT,0.0,MEDICAL,C,8000,13.57,0.11,Y,9,0,0,0.10784304516620122,Low Risk
31,50000,MORTGAGE,4.0,VENTURE,A,16000,8.9,0.32,N,8,0,0,0.05870866678661235,Low Risk
30,144000,MORTGAGE,7.0,PERSONAL,A,6000,8.49,0.04,N,7,0,0,0.026229928612880416,Low Risk
27,101877,RENT,9.0,VENTURE,B,12500,11.99,0.12,N,7,0,0,0.024144399879898144,Low Risk
35,148000,MORTGAGE,19.0,DEBTCONSOLIDATION,D,25000,14.62,0.17,Y,10,1,1,0.7450356780133078,High Risk
28,29120,RENT,0.0,VENTURE,D,1500,15.7,0.05,Y,6,1,1,0.7135794013632815,High Risk
24,53000,OWN,8.0,MEDICAL,A,3350,6.76,0.06,N,2,0,0,0.013851968958063617,Low Risk
28,75000,MORTGAGE,6.0,HOMEIMPROVEMENT,A,10500,10.99,0.14,N,9,0,0,0.056632381618500136,Low Risk
22,67000,MORTGAGE,0.0,EDUCATION,B,12000,11.99,0.18,N,4,0,0,0.06691869016402292,Low Risk
22,48000,RENT,7.0,DEBTCONSOLIDATION,E,10000,17.99,0.21,Y,4,1,1,0.8748302168505071,High Risk
27,55000,MORTGAGE,8.0,VENTURE,C,7500,12.22,0.14,Y,6,0,0,0.08194891800252062,Low Risk
22,42200,RENT,6.0,VENTURE,D,12800,15.21,0.3,N,2,1,0,0.3764357959837584,Medium Risk
25,49716,MORTGAGE,6.0,MEDICAL,A,8000,9.32,0.16,N,2,0,0,0.05323738129961423,Low Risk
30,60000,RENT,5.0,PERSONAL,B,12000,10.99,0.2,N,7,0,0,0.058526422439356185,Low Risk
33,42230,RENT,1.0,MEDICAL,A,5500,9.63,0.13,N,10,0,0,0.060779136806554813,Low Risk
27,59004,OWN,8.0,MEDICAL,B,24250,11.49,0.41,N,9,0,0,0.06366426697360468,Low Risk
24,73000,MORTGAGE,4.0,EDUCATION,A,6500,5.42,0.09,N,2,0,0,0.03402264606300045,Low Risk
30,130000,MORTGAGE,14.0,DEBTCONSOLIDATION,B,4000,10.99,0.03,N,8,0,0,0.07083592410817469,Low Risk
26,125000,MORTGAGE,2.0,DEBTCONSOLIDATION,C,20000,13.11,0.16,N,2,0,0,0.08334413864734433,Low Risk
24,82000,RENT,8.0,EDUCATION,B,7000,10.0,0.09,N,4,0,0,0.043889101475847465,Low Risk
25,50160,RENT,0.0,DEBTCONSOLIDATION,D,3000,14.42,0.06,N,2,1,1,0.9113316197106449,High Risk
33,53040,RENT,3.0,MEDICAL,B,8000,9.88,0.15,N,10,0,0,0.08784812322827121,Low Risk
39,69000,RENT,0.0,PERSONAL,D,15000,14.42,0.22,N,12,1,1,0.6220179548989362,High Risk
22,32484,MORTGAGE,6.0,HOMEIMPROVEMENT,A,6250,7.51,0.19,N,4,1,1,0.5293765307024526,Medium Risk
35,50000,RENT,4.0,DEBTCONSOLIDATION,B,7000,11.49,0.14,N,9,0,0,0.10681505416198901,Low Risk
28,39000,RENT,12.0,DEBTCONSOLIDATION,B,5250,11.49,0.13,N,8,0,0,0.1595250547785746,Low Risk
23,95000,MORTGAGE,7.0,PERSONAL,A,6000,7.68,0.06,N,3,0,0,0.024962008181637425,Low Risk
32,66996,MORTGAGE,6.0,MEDICAL,A,8000,10.99,0.12,N,9,0,0,0.05111560709688058,Low Risk
51,80000,RENT,1.0,HOMEIMPROVEMENT,B,12000,12.69,0.15,N,23,0,0,0.0559819244872144,Low Risk
24,90000,RENT,8.0,HOMEIMPROVEMENT,B,10000,10.99,0.11,N,2,0,0,0.04899693502266388,Low Risk
22,24000,RENT,0.0,EDUCATION,B,4500,11.49,0.19,N,2,0,0,0.1469122949367207,Low Risk
22,44004,MORTGAGE,3.0,EDUCATION,D,9000,14.11,0.2,N,4,1,0,0.3392329679640661,Medium Risk
35,24960,RENT,6.0,EDUCATION,A,1400,8.49,0.06,N,10,0,0,0.09688584773092966,Low Risk
29,83004,MORTGAGE,3.0,PERSONAL,B,4500,11.49,0.05,N,10,0,0,0.05041797301367213,Low Risk
22,60000,MORTGAGE,3.0,MEDICAL,C,3250,12.73,0.05,Y,4,0,0,0.07653551014049297,Low Risk
25,168000,MORTGAGE,2.0,PERSONAL,B,35000,10.65,0.21,N,2,0,0,0.05049156122638681,Low Risk
23,120000,MORTGAGE,7.0,DEBTCONSOLIDATION,B,16000,10.37,0.13,N,3,0,0,0.05558451179365601,Low Risk
23,70000,RENT,3.0,EDUCATION,A,12000,7.9,0.17,N,2,0,0,0.03822221314098345,Low Risk
29,74000,RENT,0.0,HOMEIMPROVEMENT,C,16000,13.79,0.22,Y,8,1,0,0.11524483914928008,Low Risk
31,150000,RENT,0.0,HOMEIMPROVEMENT,B,12000,10.74,0.08,N,9,0,0,0.04996014901173538,Low Risk
24,79800,RENT,8.0,HOMEIMPROVEMENT,B,2500,9.62,0.03,N,2,0,0,0.10524654850671764,Low Risk
28,47840,RENT,0.0,MEDICAL,B,12000,10.99,0.25,N,7,0,0,0.1112395719541964,Low Risk
35,76000,RENT,2.0,PERSONAL,C,1000,13.49,0.01,N,8,0,0,0.07951736111448787,Low Risk
21,40000,MORTGAGE,5.0,PERSONAL,A,5000,6.62,0.13,N,2,0,0,0.042692076545631986,Low Risk
29,68000,RENT,1.0,MEDICAL,B,10000,10.65,0.15,N,5,0,0,0.07438342402400563,Low Risk
22,42000,MORTGAGE,6.0,EDUCATION,C,6000,12.99,0.14,Y,2,0,0,0.08556273752179569,Low Risk
29,125000,MORTGAGE,0.0,HOMEIMPROVEMENT,C,10000,14.35,0.08,Y,9,0,0,0.07907713123499863,Low Risk
27,75000,RENT,2.0,DEBTCONSOLIDATION,C,15000,14.35,0.2,N,5,0,0,0.14979627643546514,Low Risk
28,30000,RENT,4.0,DEBTCONSOLIDATION,A,8000,10.99,0.27,N,8,0,0,0.17232771012093584,Low Risk
39,100000,MORTGAGE,9.0,DEBTCONSOLIDATION,A,3000,7.14,0.03,N,11,0,0,0.033733803841552466,Low Risk
26,55000,RENT,0.0,EDUCATION,A,4000,6.92,0.07,N,4,0,0,0.046786540034355874,Low Risk
24,60000,RENT,8.0,EDUCATION,A,16800,6.54,0.28,N,2,0,0,0.04445331225852842,Low Risk
24,105996,MORTGAGE,7.0,MEDICAL,A,3000,7.51,0.03,N,3,0,0,0.03110431332190411,Low Risk
28,48096,RENT,4.0,DEBTCONSOLIDATION,E,1200,17.56,0.02,Y,5,1,1,0.8755201122697351,High Risk
28,44000,RENT,5.0,PERSONAL,C,16000,13.48,0.36,N,5,1,1,0.9718891687072376,High Risk
30,117500,MORTGAGE,0.0,EDUCATION,A,13500,8.49,0.11,N,7,0,0,0.025282915724226286,Low Risk
24,44000,RENT,3.0,DEBTCONSOLIDATION,C,12000,12.23,0.27,N,3,1,0,0.137582606052701,Low Risk
27,85000,RENT,1.0,DEBTCONSOLIDATION,A,7525,10.99,0.09,N,8,0,0,0.0509780786993789,Low Risk
37,32000,RENT,4.0,DEBTCONSOLIDATION,C,10000,13.79,0.31,N,15,1,1,0.9747532782627553,High Risk
31,52249,RENT,7.0,HOMEIMPROVEMENT,A,7000,7.49,0.13,N,7,0,0,0.07670071177931136,Low Risk
27,47000,MORTGAGE,11.0,EDUCATION,A,2650,7.49,0.06,N,9,0,0,0.04685014958726854,Low Risk
42,600000,OTHER,2.0,HOMEIMPROVEMENT,D,25000,14.74,0.04,Y,16,0,0,0.4598702202521279,Medium Risk
30,75000,MORTGAGE,3.0,VENTURE,A,18750,7.9,0.25,N,6,0,0,0.015022206388087623,Low Risk
37,42000,RENT,5.0,DEBTCONSOLIDATION,B,8000,12.69,0.19,N,15,0,0,0.10681505416198901,Low Risk
33,56400,MORTGAGE,3.0,EDUCATION,B,8500,12.42,0.15,N,6,1,0,0.08091025893582474,Low Risk
31,68000,MORTGAGE,2.0,DEBTCONSOLIDATION,B,18000,10.0,0.26,N,10,0,0,0.08503501405877376,Low Risk
32,55000,MORTGAGE,16.0,PERSONAL,C,7000,13.48,0.13,Y,8,0,0,0.09203172900451019,Low Risk
32,703800,RENT,14.0,MEDICAL,D,12000,15.33,0.01,Y,9,1,1,0.6737410130293724,High Risk
23,90000,MORTGAGE,7.0,VENTURE,A,4900,6.99,0.05,N,2,0,0,0.008883628829453538,Low Risk
22,32000,RENT,1.0,EDUCATION,D,5400,16.29,0.17,Y,2,1,1,0.7639659905711143,High Risk
24,51600,RENT,1.0,HOMEIMPROVEMENT,C,3000,12.68,0.06,Y,4,0,0,0.1624369272333834,Low Risk
28,112000,RENT,1.0,MEDICAL,B,6000,12.69,0.05,N,8,0,0,0.062347929461010865,Low Risk
30,64000,RENT,8.0,DEBTCONSOLIDATION,D,16000,15.7,0.25,Y,5,1,1,0.8441620529818498,High Risk
27,24000,OWN,0.0,VENTURE,A,8500,5.42,0.35,N,6,0,0,0.024413498865975547,Low Risk
28,110000,MORTGAGE,12.0,DEBTCONSOLIDATION,A,4800,7.51,0.04,N,9,0,0,0.033476479608445235,Low Risk
30,42000,RENT,5.0,MEDICAL,B,8000,10.0,0.19,N,5,0,0,0.08784812322827121,Low Risk
36,37000,MORTGAGE,5.0,MEDICAL,E,3000,18.39,0.08,Y,15,1,1,0.8328551901065944,High Risk
27,88000,MORTGAGE,4.0,VENTURE,B,14000,12.42,0.16,N,10,0,0,0.03109525038922251,Low Risk
29,67000,OWN,14.0,MEDICAL,A,3600,7.51,0.05,N,10,0,0,0.012535968357369656,Low Risk
40,45996,RENT,4.0,DEBTCONSOLIDATION,D,20000,14.61,0.43,N,11,1,1,0.992675626111067,High Risk
43,60000,MORTGAGE,27.0,HOMEIMPROVEMENT,B,10000,9.88,0.17,N,16,0,0,0.06664072375595784,Low Risk
30,45000,MORTGAGE,4.0,DEBTCONSOLIDATION,B,4450,10.37,0.1,N,6,0,0,0.08410045384982948,Low Risk
33,51996,RENT,4.0,DEBTCONSOLIDATION,A,10000,7.14,0.19,N,6,0,0,0.04989619493924894,Low Risk
23,54860,RENT,0.0,PERSONAL,C,5000,14.17,0.09,N,4,0,0,0.15558736324624764,Low Risk
29,75000,OWN,3.0,HOMEIMPROVEMENT,A,12000,7.51,0.16,N,5,0,0,0.014354138880648114,Low Risk
29,105000,MORTGAGE,13.0,PERSONAL,C,5000,12.53,0.05,N,9,0,0,0.04777556788299987,Low Risk
30,180000,MORTGAGE,13.0,PERSONAL,B,28000,10.65,0.16,N,6,0,0,0.04661243354323494,Low Risk
24,65000,RENT,0.0,PERSONAL,A,4800,7.88,0.07,N,4,0,0,0.03882495065422872,Low Risk
28,65000,OWN,1.0,MEDICAL,C,2500,13.22,0.04,Y,7,0,0,0.020280254741429832,Low Risk
23,125000,MORTGAGE,7.0,MEDICAL,B,10000,9.99,0.08,N,2,0,0,0.050968182733660265,Low Risk
28,55704,MORTGAGE,12.0,EDUCATION,A,8400,7.51,0.15,N,6,0,0,0.04331820606141413,Low Risk
41,40000,RENT,3.0,PERSONAL,A,9200,7.49,0.23,N,15,0,0,0.04503588603233661,Low Risk
29,162480,MORTGAGE,2.0,PERSONAL,B,25000,12.42,0.15,N,10,0,0,0.05609279869685494,Low Risk
27,148000,MORTGAGE,1.0,HOMEIMPROVEMENT,C,28000,12.99,0.19,Y,6,1,0,0.07173248821469896,Low Risk
22,70000,MORTGAGE,6.0,PERSONAL,D,25000,15.31,0.36,Y,4,0,0,0.3404747148394847,Medium Risk
26,80600,MORTGAGE,10.0,HOMEIMPROVEMENT,B,9600,10.99,0.12,N,3,0,0,0.058218452785025576,Low Risk
29,73000,RENT,2.0,HOMEIMPROVEMENT,A,8000,7.4,0.11,N,7,0,0,0.05207712858871227,Low Risk
28,74000,RENT,0.0,DEBTCONSOLIDATION,D,5000,15.21,0.07,N,8,1,1,0.8931557977013658,High Risk
21,140000,MORTGAGE,2.0,EDUCATION,A,18000,7.9,0.13,N,4,0,0,0.024720786207512824,Low Risk
27,140000,RENT,0.0,VENTURE,B,5000,9.99,0.04,N,8,0,0,0.024856977796890528,Low Risk
23,71004,RENT,8.0,EDUCATION,D,20000,14.09,0.28,N,3,0,0,0.3353762129826144,Medium Risk
30,59497,MORTGAGE,4.0,MEDICAL,D,17000,16.89,0.24,N,8,1,1,0.858137608002511,High Risk
40,22800,RENT,0.0,MEDICAL,A,1500,7.29,0.07,N,16,0,0,0.09224640883442199,Low Risk
24,55000,RENT,6.0,DEBTCONSOLIDATION,A,10000,8.94,0.18,N,3,0,0,0.05387354342643136,Low Risk
23,86400,OWN,0.0,EDUCATION,D,16000,11.86,0.19,N,3,0,0,0.022005738439694996,Low Risk
39,38500,RENT,0.0,MEDICAL,B,3000,10.99,0.08,N,16,0,0,0.11462193447731903,Low Risk
26,45000,MORTGAGE,0.0,HOMEIMPROVEMENT,C,4000,13.92,0.09,N,2,0,0,0.16486885389324438,Low Risk
23,60000,RENT,3.0,EDUCATION,E,10000,10.99,0.17,N,2,0,0,0.11251120399120233,Low Risk
35,20000,RENT,2.0,PERSONAL,C,8500,13.57,0.42,N,10,1,1,0.9686553974340959,High Risk
31,60000,RENT,6.0,VENTURE,B,15000,11.12,0.25,N,5,0,0,0.032299870300860435,Low Risk
32,33280,MORTGAGE,6.0,HOMEIMPROVEMENT,B,2400,10.59,0.07,N,10,0,0,0.35931692543307553,Medium Risk
24,35200,RENT,1.0,MEDICAL,D,4000,16.0,0.11,Y,3,1,1,0.8729528145813671,High Risk
32,82000,MORTGAGE,13.0,PERSONAL,B,10000,10.36,0.12,N,6,0,0,0.044125212109331735,Low Risk
21,41000,RENT,5.0,EDUCATION,A,7000,5.79,0.17,N,3,0,0,0.04930833439418562,Low Risk
24,24000,RENT,6.0,DEBTCONSOLIDATION,B,10000,10.99,0.42,N,4,1,1,0.9688618244899395,High Risk
25,57000,RENT,1.0,PERSONAL,C,10000,14.27,0.18,Y,4,0,0,0.15932775896455792,Low Risk
21,17000,RENT,3.0,MEDICAL,A,5750,8.9,0.34,N,2,1,1,0.996468355711508,High Risk
25,21000,RENT,0.0,VENTURE,B,5175,12.53,0.25,N,4,0,0,0.10364049198294897,Low Risk
32,66300,MORTGAGE,5.0,DEBTCONSOLIDATION,A,6075,6.03,0.09,N,10,0,0,0.04219156828150347,Low Risk
30,175000,RENT,1.0,EDUCATION,A,18000,5.79,0.1,N,10,0,0,0.026582216590031883,Low Risk
26,56000,RENT,10.0,DEBTCONSOLIDATION,B,10000,12.69,0.18,N,4,1,0,0.10681505416198901,Low Risk
22,25000,RENT,0.0,EDUCATION,C,2400,13.61,0.1,N,4,0,0,0.13570992462427006,Low Risk
29,92052,MORTGAGE,6.0,HOMEIMPROVEMENT,A,6500,10.99,0.07,N,9,0,0,0.033281438215331915,Low Risk
29,64320,MORTGAGE,13.0,MEDICAL,A,8000,6.03,0.12,N,9,0,0,0.04265449526182917,Low Risk
21,38000,RENT,5.0,EDUCATION,B,12000,10.37,0.32,N,4,1,1,0.964359391867428,High Risk
36,140000,OWN,13.0,VENTURE,B,20800,11.48,0.15,N,11,0,0,0.006130412326768903,Low Risk
25,59000,RENT,4.0,MEDICAL,B,15000,9.99,0.25,N,3,1,0,0.16074558114492607,Low Risk
36,44004,RENT,4.0,DEBTCONSOLIDATION,C,2000,13.61,0.05,Y,13,1,0,0.11609320898442589,Low Risk
22,120000,MORTGAGE,0.0,EDUCATION,D,16800,15.62,0.14,N,4,0,0,0.3307737344078403,Medium Risk
27,48000,RENT,2.0,VENTURE,C,16000,14.22,0.33,N,5,1,1,0.9780568308988328,High Risk
24,43000,RENT,4.0,MEDICAL,B,10000,9.63,0.23,N,3,0,0,0.08784812322827121,Low Risk
22,60000,RENT,0.0,DEBTCONSOLIDATION,C,9000,10.99,0.15,N,2,0,0,0.0817788915089291,Low Risk
26,62100,MORTGAGE,8.0,PERSONAL,C,1600,12.61,0.03,N,4,0,0,0.07837729010357611,Low Risk
34,23000,OWN,2.0,VENTURE,A,2500,10.99,0.11,N,9,0,0,0.011275922778159286,Low Risk
41,21600,RENT,2.0,MEDICAL,A,4000,7.51,0.19,N,14,0,0,0.10143318276723601,Low Risk
36,64583,RENT,2.0,HOMEIMPROVEMENT,A,10000,10.99,0.15,N,14,0,0,0.0678760827550685,Low Risk
23,45000,RENT,7.0,PERSONAL,C,15000,12.84,0.33,N,3,1,1,0.9718891687072376,High Risk
26,67500,RENT,0.0,EDUCATION,B,3000,8.88,0.04,N,2,0,0,0.06189812928879748,Low Risk
31,110000,MORTGAGE,2.0,MEDICAL,A,6000,7.4,0.05,N,6,0,0,0.029478619302620586,Low Risk
30,70000,RENT,0.0,DEBTCONSOLIDATION,C,15000,13.61,0.21,Y,6,0,0,0.11698720614062923,Low Risk
24,70000,MORTGAGE,8.0,DEBTCONSOLIDATION,B,7000,9.99,0.1,N,4,0,0,0.07401243287293191,Low Risk
25,40000,MORTGAGE,0.0,MEDICAL,A,3600,7.49,0.09,N,3,0,0,0.04845706909479472,Low Risk
23,63600,MORTGAGE,4.0,DEBTCONSOLIDATION,B,20000,10.99,0.31,N,3,1,0,0.18230374877173308,Low Risk
26,64999,OWN,5.0,VENTURE,C,10000,13.98,0.15,Y,3,0,0,0.01343258794291538,Low Risk
38,65000,RENT,2.0,VENTURE,A,7000,7.88,0.11,N,11,0,0,0.02069661608442911,Low Risk
26,175000,MORTGAGE,0.0,EDUCATION,D,7500,15.21,0.04,N,3,0,0,0.335179497231653,Medium Risk
28,90000,MORTGAGE,3.0,MEDICAL,B,21000,10.74,0.23,N,7,0,0,0.05628777184262414,Low Risk
25,42000,RENT,6.0,MEDICAL,A,5600,7.49,0.13,N,2,0,0,0.05721153569221321,Low Risk
24,91700,RENT,1.0,EDUCATION,B,6500,9.88,0.07,N,3,0,0,0.039364104764624035,Low Risk
39,138000,MORTGAGE,3.0,HOMEIMPROVEMENT,B,20000,11.14,0.14,N,12,1,0,0.05689642051446507,Low Risk
25,50000,MORTGAGE,5.0,DEBTCONSOLIDATION,A,4000,10.99,0.08,N,4,0,0,0.066151172776429,Low Risk
25,195054,MORTGAGE,9.0,HOMEIMPROVEMENT,B,10000,10.59,0.05,N,2,0,0,0.04454410352014836,Low Risk
47,41000,RENT,2.0,MEDICAL,C,10000,13.79,0.24,N,16,0,0,0.13696129556223727,Low Risk
24,90000,RENT,9.0,VENTURE,D,15000,14.42,0.17,Y,3,0,0,0.18248447222803738,Low Risk
22,81500,MORTGAGE,6.0,PERSONAL,A,20000,6.54,0.25,N,2,0,0,0.0358390870420159,Low Risk
24,51000,RENT,1.0,DEBTCONSOLIDATION,A,3000,8.9,0.06,N,2,0,0,0.05605079729179772,Low Risk
33,51000,RENT,17.0,MEDICAL,D,5000,14.96,0.1,Y,9,1,1,0.7658760926352933,High Risk
25,76000,RENT,4.0,EDUCATION,C,13200,12.23,0.17,N,4,0,0,0.07005293432761413,Low Risk
24,43500,RENT,6.0,MEDICAL,D,10000,13.62,0.23,Y,3,1,1,0.567704608964762,Medium Risk
30,74400,OWN,8.0,VENTURE,A,7500,10.99,0.1,N,7,0,0,0.005535619322483384,Low Risk
26,70000,RENT,3.0,EDUCATION,C,2000,12.84,0.03,Y,2,0,0,0.07409065822239037,Low Risk
21,24000,RENT,4.0,EDUCATION,B,3600,11.99,0.15,N,3,0,0,0.11964761366658772,Low Risk
29,38400,MORTGAGE,0.0,MEDICAL,C,14000,14.27,0.36,Y,8,0,0,0.28953733638971424,Low Risk
23,54000,RENT,6.0,HOMEIMPROVEMENT,E,6000,16.45,0.11,N,2,1,1,0.8098683117126607,High Risk
28,30000,RENT,4.0,MEDICAL,A,8000,10.99,0.27,N,8,0,0,0.16851414423883637,Low Risk
29,70004,RENT,0.0,EDUCATION,B,12500,8.88,0.18,N,7,0,0,0.05950805890114403,Low Risk
28,37000,MORTGAGE,6.0,MEDICAL,A,18250,7.49,0.49,N,10,0,0,0.14064970818152253,Low Risk
22,50000,RENT,1.0,MEDICAL,A,11000,10.99,0.22,N,2,0,0,0.06769302553993986,Low Risk
27,123996,MORTGAGE,11.0,MEDICAL,A,6500,8.0,0.05,N,6,0,0,0.031374399733280524,Low Risk
41,35400,RENT,11.0,VENTURE,C,1500,12.87,0.04,Y,14,0,0,0.09771819270656723,Low Risk
22,26000,RENT,0.0,EDUCATION,B,8000,11.99,0.31,N,4,1,1,0.9674375657646429,High Risk
24,98004,MORTGAGE,5.0,HOMEIMPROVEMENT,A,2500,8.49,0.03,N,3,1,0,0.03447713180669439,Low Risk
26,125000,RENT,0.0,MEDICAL,B,8000,9.63,0.06,N,3,0,0,0.05502479975586238,Low Risk
23,48000,RENT,7.0,PERSONAL,C,7200,14.27,0.15,Y,3,0,0,0.13797560074901366,Low Risk
28,40000,RENT,2.0,PERSONAL,A,7000,8.59,0.17,N,10,0,0,0.049159519911565044,Low Risk
24,27456,RENT,1.0,MEDICAL,C,9250,12.87,0.34,N,3,1,1,0.9752551397468724,High Risk
24,42000,RENT,1.0,HOMEIMPROVEMENT,D,2000,15.62,0.05,Y,2,1,1,0.7943202466986374,High Risk
26,30000,RENT,4.0,PERSONAL,C,5000,10.99,0.17,Y,2,0,0,0.17534644082555764,Low Risk
32,63000,RENT,9.0,DEBTCONSOLIDATION,B,8000,10.74,0.13,N,5,1,0,0.0794402552375684,Low Risk
25,55000,MORTGAGE,3.0,DEBTCONSOLIDATION,A,24200,8.49,0.44,N,3,0,0,0.12901652452089762,Low Risk
30,102000,MORTGAGE,8.0,HOMEIMPROVEMENT,D,15000,15.62,0.15,Y,8,0,0,0.2853591263807517,Low Risk
33,30000,MORTGAGE,1.0,MEDICAL,A,5000,10.99,0.17,N,9,0,0,0.12531447363568782,Low Risk
27,120000,MORTGAGE,11.0,PERSONAL,C,8000,12.61,0.07,N,9,0,0,0.04748908844773617,Low Risk
22,85000,OWN,4.0,EDUCATION,B,4300,10.99,0.05,N,4,0,0,0.010180022812625651,Low Risk
22,54996,RENT,6.0,DEBTCONSOLIDATION,C,2500,14.35,0.05,Y,4,0,0,0.17500958190263483,Low Risk
52,29000,OWN,23.0,PERSONAL,A,7000,7.49,0.24,N,20,0,0,0.029205264747076812,Low Risk
23,133000,MORTGAGE,2.0,EDUCATION,A,24000,10.99,0.18,N,4,0,0,0.03329349621023697,Low Risk
36,65000,MORTGAGE,3.0,VENTURE,C,4000,13.48,0.06,Y,12,0,0,0.06761808060416175,Low Risk
32,75000,MORTGAGE,4.0,HOMEIMPROVEMENT,B,12000,11.71,0.16,N,6,0,0,0.0854988944726978,Low Risk
22,63000,MORTGAGE,2.0,MEDICAL,A,12000,7.66,0.19,N,3,0,0,0.043206498314759624,Low Risk
23,98000,MORTGAGE,7.0,VENTURE,A,10000,10.99,0.1,N,4,0,0,0.01356362266257535,Low Risk
29,65000,MORTGAGE,4.0,DEBTCONSOLIDATION,A,3000,6.03,0.05,N,7,0,0,0.044762063966976025,Low Risk
26,25000,RENT,5.0,EDUCATION,A,6000,8.0,0.24,N,2,0,0,0.09961559898207713,Low Risk
28,72467,RENT,2.0,MEDICAL,B,5000,8.88,0.07,N,7,0,0,0.07481940042445867,Low Risk
23,120000,MORTGAGE,0.0,EDUCATION,C,23000,11.03,0.19,N,2,0,0,0.05560153862495307,Low Risk
22,30004,OWN,6.0,EDUCATION,A,7500,10.99,0.25,N,2,0,0,0.0226109516746984,Low Risk
30,26400,RENT,14.0,DEBTCONSOLIDATION,C,3250,14.35,0.12,N,9,1,0,0.2199096754374663,Low Risk
31,95800,RENT,1.0,HOMEIMPROVEMENT,B,5750,9.45,0.06,N,10,0,0,0.04996014901173538,Low Risk
41,140000,MORTGAGE,3.0,VENTURE,C,25000,13.8,0.18,Y,12,0,0,0.05005600793291512,Low Risk
24,14400,RENT,0.0,DEBTCONSOLIDATION,B,4375,10.99,0.3,N,2,1,1,0.9095004246817603,High Risk
30,75480,RENT,1.0,MEDICAL,C,25000,15.27,0.28,Y,9,1,0,0.30101784896328204,Medium Risk
27,28500,MORTGAGE,6.0,VENTURE,A,2600,7.74,0.09,N,7,0,0,0.0361681345809073,Low Risk
42,100000,MORTGAGE,16.0,DEBTCONSOLIDATION,C,4800,13.47,0.05,Y,13,0,0,0.0820512415242371,Low Risk
31,45000,RENT,5.0,PERSONAL,A,14000,7.91,0.31,N,8,1,1,0.9560470509285303,High Risk
23,114000,OWN,7.0,VENTURE,A,6000,8.49,0.05,N,4,0,0,0.0033972012208019517,Low Risk
25,85000,MORTGAGE,9.0,DEBTCONSOLIDATION,B,24000,10.99,0.28,N,4,0,0,0.1140059339973404,Low Risk
42,98603,MORTGAGE,19.0,MEDICAL,C,24250,14.22,0.21,N,14,1,0,0.11934544309761314,Low Risk
24,37000,RENT,5.0,VENTURE,A,9000,7.14,0.24,N,2,0,0,0.022843224839297828,Low Risk
25,154008,MORTGAGE,1.0,DEBTCONSOLIDATION,B,9600,10.95,0.06,N,4,0,0,0.06840914228122097,Low Risk
26,80000,MORTGAGE,3.0,EDUCATION,A,18000,5.79,0.23,N,4,0,0,0.02572385682450061,Low Risk
36,41000,MORTGAGE,6.0,DEBTCONSOLIDATION,B,6250,10.62,0.15,N,17,0,0,0.08361528399258497,Low Risk
28,46000,MORTGAGE,3.0,EDUCATION,D,16750,14.96,0.36,N,6,0,0,0.3433491478695004,Medium Risk
22,70204,RENT,6.0,PERSONAL,D,15000,15.7,0.21,Y,3,0,0,0.44974157216513727,Medium Risk
31,76000,RENT,4.0,HOMEIMPROVEMENT,A,6000,7.49,0.08,N,5,0,0,0.050930526089146014,Low Risk
23,138000,RENT,1.0,EDUCATION,D,5000,14.91,0.04,N,2,1,0,0.44736894932927546,Medium Risk
26,42000,RENT,10.0,DEBTCONSOLIDATION,A,7000,10.99,0.17,N,2,0,0,0.07598015496451357,Low Risk
22,65000,MORTGAGE,4.0,EDUCATION,A,9000,9.63,0.14,N,3,0,0,0.03486139290988845,Low Risk
25,47000,RENT,1.0,EDUCATION,C,6000,12.87,0.13,Y,3,0,0,0.10098253148747209,Low Risk
22,60000,MORTGAGE,6.0,DEBTCONSOLIDATION,C,18000,12.99,0.3,N,2,0,0,0.0977418159991015,Low Risk
26,74000,RENT,2.0,EDUCATION,C,8000,13.92,0.11,N,3,0,0,0.07926746366520325,Low Risk
27,225000,MORTGAGE,1.0,VENTURE,B,14000,10.99,0.06,N,7,0,0,0.027299512988383123,Low Risk
26,84000,RENT,7.0,DEBTCONSOLIDATION,D,15000,16.0,0.18,Y,3,1,1,0.79468900965832,High Risk
34,30144,MORTGAGE,3.0,DEBTCONSOLIDATION,C,18000,12.84,0.6,Y,5,0,0,0.2928003725640961,Low Risk
30,54000,MORTGAGE,4.0,DEBTCONSOLIDATION,D,12000,15.58,0.22,N,5,1,1,0.8414973410955352,High Risk
36,180000,OTHER,11.0,PERSONAL,B,20000,11.48,0.11,N,15,1,0,0.05118807266171317,Low Risk
33,71000,MORTGAGE,4.0,DEBTCONSOLIDATION,B,5300,11.49,0.07,N,9,0,0,0.09467980703605432,Low Risk
24,123000,MORTGAGE,6.0,PERSONAL,B,4750,10.99,0.04,N,3,0,0,0.04466156197731642,Low Risk
31,96000,OWN,3.0,PERSONAL,B,10000,9.99,0.1,N,6,0,0,0.009653894787260751,Low Risk
47,30000,OWN,1.0,EDUCATION,C,8000,10.99,0.27,N,17,0,0,0.02991900379622954,Low Risk
27,79000,MORTGAGE,4.0,PERSONAL,A,9000,6.76,0.11,N,10,0,0,0.04381258754015096,Low Risk
24,38400,RENT,2.0,DEBTCONSOLIDATION,A,5500,6.92,0.14,N,3,0,0,0.057658811188381634,Low Risk
27,165000,MORTGAGE,6.0,MEDICAL,B,35000,12.42,0.21,N,10,0,0,0.07668375256557268,Low Risk
23,48000,RENT,2.0,DEBTCONSOLIDATION,B,15000,10.75,0.31,N,3,1,1,0.9701407363461417,High Risk
36,64000,MORTGAGE,20.0,DEBTCONSOLIDATION,E,6800,18.39,0.11,Y,12,1,1,0.8572946416659136,High Risk
24,65000,MORTGAGE,1.0,EDUCATION,A,8500,7.51,0.13,N,2,0,0,0.034279223966746805,Low Risk
22,38000,RENT,2.0,EDUCATION,C,1500,13.22,0.04,Y,2,0,0,0.10654421628231983,Low Risk
25,28800,RENT,0.0,DEBTCONSOLIDATION,B,5500,9.76,0.19,N,4,0,0,0.14198422374356964,Low Risk
25,65000,RENT,8.0,EDUCATION,C,6000,13.06,0.09,Y,3,0,0,0.07365859015924958,Low Risk
23,39000,MORTGAGE,0.0,MEDICAL,D,8000,14.11,0.21,N,3,1,1,0.8234356356299974,High Risk
36,75000,RENT,5.0,HOMEIMPROVEMENT,B,10000,11.99,0.13,N,12,0,0,0.08871190912169255,Low Risk
36,136000,MORTGAGE,0.0,VENTURE,C,4800,14.72,0.04,N,15,0,0,0.08069005437377275,Low Risk
24,92000,MORTGAGE,9.0,PERSONAL,E,25000,17.93,0.27,Y,2,0,0,0.3496606974076466,Medium Risk
26,175000,MORTGAGE,7.0,DEBTCONSOLIDATION,B,30000,10.99,0.17,N,2,0,0,0.08705373558704012,Low Risk
38,313000,MORTGAGE,0.0,DEBTCONSOLIDATION,C,21600,10.99,0.07,Y,16,0,0,0.09929387237632713,Low Risk
24,45000,RENT,1.0,DEBTCONSOLIDATION,B,12000,10.99,0.27,N,3,0,0,0.12594104860694091,Low Risk
25,200000,MORTGAGE,2.0,DEBTCONSOLIDATION,B,15500,11.99,0.08,N,2,0,0,0.06840914228122097,Low Risk
31,112000,RENT,5.0,PERSONAL,B,23000,12.18,0.21,N,6,0,0,0.06417784156176896,Low Risk
24,23004,RENT,9.0,DEBTCONSOLIDATION,A,1500,7.68,0.07,N,2,0,0,0.09574538181931733,Low Risk
30,200000,MORTGAGE,0.0,MEDICAL,B,24250,11.48,0.12,N,8,0,0,0.0795583564809352,Low Risk
23,99000,RENT,7.0,EDUCATION,D,20000,15.28,0.2,N,4,0,0,0.3195534627923676,Medium Risk
23,50000,MORTGAGE,6.0,VENTURE,B,17000,12.42,0.34,N,4,0,0,0.10254808143623943,Low Risk
23,85000,MORTGAGE,7.0,DEBTCONSOLIDATION,A,7000,8.63,0.08,N,2,0,0,0.03908674371785225,Low Risk
42,74000,MORTGAGE,7.0,DEBTCONSOLIDATION,A,5300,8.38,0.07,N,12,0,0,0.04500447537381365,Low Risk
34,41600,MORTGAGE,16.0,DEBTCONSOLIDATION,A,17500,6.17,0.42,N,6,0,0,0.13161132464739228,Low Risk
22,137000,MORTGAGE,3.0,MEDICAL,B,25000,9.99,0.18,N,4,0,0,0.06639097812360127,Low Risk
25,49029,RENT,8.0,MEDICAL,B,2000,11.99,0.04,N,2,0,0,0.10589701624248973,Low Risk
43,50000,OWN,3.0,MEDICAL,C,5000,13.35,0.1,Y,12,0,0,0.019850408153569674,Low Risk
40,56472,RENT,4.0,EDUCATION,B,15775,10.59,0.28,N,14,0,0,0.0914862662961467,Low Risk
23,90000,RENT,7.0,EDUCATION,C,7500,11.03,0.08,N,4,0,0,0.04365350191235524,Low Risk
23,45000,MORTGAGE,4.0,EDUCATION,B,9925,11.48,0.22,N,2,0,0,0.07921184486186049,Low Risk
23,80607,RENT,2.0,MEDICAL,B,6000,12.21,0.07,N,2,0,0,0.06762874417868704,Low Risk
42,70000,RENT,6.0,PERSONAL,B,12000,10.99,0.17,N,17,0,0,0.07068933525400259,Low Risk
29,120000,RENT,3.0,EDUCATION,A,15000,6.91,0.13,N,7,0,0,0.026582216590031883,Low Risk
24,80000,MORTGAGE,8.0,MEDICAL,A,5550,8.49,0.07,N,3,0,0,0.030212945998571546,Low Risk
22,41300,RENT,1.0,VENTURE,A,5800,7.43,0.14,N,3,0,0,0.028465288552030933,Low Risk
29,75000,OWN,4.0,EDUCATION,D,5000,15.62,0.07,N,10,0,0,0.03867964950159531,Low Risk
45,51000,MORTGAGE,2.0,MEDICAL,A,7000,7.88,0.14,N,12,0,0,0.049781899676195264,Low Risk
51,62046,RENT,8.0,VENTURE,A,8000,10.99,0.13,N,30,0,0,0.025649228226302074,Low Risk
34,28704,RENT,0.0,MEDICAL,A,7000,9.32,0.24,N,10,0,0,0.10667115604625803,Low Risk
25,37596,MORTGAGE,3.0,PERSONAL,B,12000,11.99,0.32,N,4,0,0,0.1492303988799306,Low Risk
26,58947,RENT,10.0,MEDICAL,A,4500,6.03,0.08,N,2,0,0,0.09458329359472376,Low Risk
24,36000,MORTGAGE,8.0,PERSONAL,C,3500,13.06,0.1,Y,3,0,0,0.09919538576072813,Low Risk
28,56100,RENT,9.0,MEDICAL,D,20000,14.59,0.3,Y,5,1,1,0.7634409155242285,High Risk
24,80000,MORTGAGE,6.0,EDUCATION,A,16000,7.88,0.2,N,3,0,0,0.025516020046789874,Low Risk
23,100000,RENT,4.0,MEDICAL,B,2000,10.62,0.02,N,2,0,0,0.053969307404805704,Low Risk
29,50000,MORTGAGE,9.0,MEDICAL,A,10000,7.88,0.2,N,8,0,0,0.05073197080354485,Low Risk
22,65100,RENT,3.0,EDUCATION,E,6000,16.2,0.09,N,4,0,0,0.3664009032699463,Medium Risk
27,40000,RENT,1.0,VENTURE,C,7200,13.22,0.18,N,6,0,0,0.09545635242777784,Low Risk
24,20000,RENT,3.0,MEDICAL,B,3600,11.71,0.18,N,4,0,0,0.1525354984827833,Low Risk
27,19200,OWN,3.0,PERSONAL,A,8000,8.9,0.42,N,8,1,1,0.9419169136070334,High Risk
28,91000,OWN,11.0,VENTURE,A,7000,6.99,0.08,N,6,0,0,0.0031031806042045194,Low Risk
32,48000,RENT,5.0,DEBTCONSOLIDATION,B,5000,11.49,0.1,N,8,0,0,0.1074190589376194,Low Risk
25,95950,RENT,2.0,HOMEIMPROVEMENT,B,17500,11.71,0.18,N,2,0,0,0.05530719820786409,Low Risk
26,41892,RENT,8.0,DEBTCONSOLIDATION,C,11300,13.22,0.27,Y,4,0,0,0.13958278104742552,Low Risk
22,26000,RENT,6.0,PERSONAL,B,5000,11.99,0.19,N,2,0,0,0.15521570321067038,Low Risk
38,57600,MORTGAGE,2.0,DEBTCONSOLIDATION,B,9000,10.99,0.16,N,12,0,0,0.10372323205231196,Low Risk
41,47000,OWN,2.0,PERSONAL,A,14000,7.88,0.3,N,12,0,0,0.013325318240294242,Low Risk
24,40000,RENT,1.0,VENTURE,B,3825,10.0,0.1,N,3,0,0,0.039791068994079255,Low Risk
24,42996,RENT,2.0,MEDICAL,A,14000,7.51,0.33,N,2,1,1,0.9612893211272422,High Risk
25,44400,MORTGAGE,9.0,DEBTCONSOLIDATION,A,6000,6.03,0.14,N,2,0,0,0.07877806334252832,Low Risk
25,34800,RENT,0.0,MEDICAL,C,1000,13.98,0.03,Y,3,0,0,0.21799266274892662,Low Risk
29,130000,MORTGAGE,7.0,DEBTCONSOLIDATION,C,18000,13.22,0.14,Y,8,0,0,0.08157684050018903,Low Risk
31,32000,OWN,10.0,VENTURE,B,12375,9.91,0.39,N,7,0,0,0.025168960357057537,Low Risk
29,30108,MORTGAGE,4.0,EDUCATION,A,1400,8.9,0.05,N,9,1,0,0.09909460312253021,Low Risk
38,26400,OWN,4.0,HOMEIMPROVEMENT,C,4750,12.73,0.18,Y,14,0,0,0.0508081519735111,Low Risk
27,69000,RENT,1.0,MEDICAL,A,2000,6.99,0.03,N,5,0,0,0.04564297736046657,Low Risk
24,50000,RENT,0.0,PERSONAL,A,6000,7.49,0.12,N,4,0,0,0.04773597423340801,Low Risk
42,78000,MORTGAGE,6.0,EDUCATION,B,20000,10.99,0.26,N,11,0,0,0.09290536886547263,Low Risk
26,80000,OWN,5.0,PERSONAL,C,7000,13.22,0.09,Y,2,0,0,0.00969260653803893,Low Risk
32,22884,RENT,2.0,MEDICAL,C,1200,13.22,0.05,N,7,0,0,0.16310951136293214,Low Risk
22,55000,RENT,3.0,EDUCATION,C,5000,10.99,0.09,Y,3,0,0,0.0883038955756611,Low Risk
23,60000,RENT,5.0,MEDICAL,A,10000,7.14,0.17,N,2,0,0,0.034494020467463936,Low Risk
22,19200,OWN,0.0,VENTURE,B,2400,10.59,0.13,N,3,0,0,0.13643148431347854,Low Risk
23,34000,OWN,7.0,VENTURE,A,10950,7.29,0.32,N,2,0,0,0.030622091629533704,Low Risk
24,24000,RENT,2.0,HOMEIMPROVEMENT,D,3500,15.65,0.15,Y,3,1,1,0.957542491522473,High Risk
29,40000,RENT,0.0,VENTURE,C,9250,14.65,0.23,N,7,0,0,0.18656010840514725,Low Risk
21,32000,MORTGAGE,5.0,DEBTCONSOLIDATION,B,4200,11.58,0.13,N,2,0,0,0.15361568107239087,Low Risk
22,67200,MORTGAGE,2.0,PERSONAL,B,5000,9.99,0.07,N,2,0,0,0.060179120549159734,Low Risk
28,59600,RENT,2.0,DEBTCONSOLIDATION,A,5000,5.79,0.08,N,10,0,0,0.09120361889844196,Low Risk
24,88000,RENT,2.0,HOMEIMPROVEMENT,B,15000,9.99,0.17,N,4,1,0,0.07219587751252556,Low Risk
24,36000,RENT,2.0,VENTURE,D,8000,14.96,0.22,Y,2,1,1,0.6580822081669525,High Risk
24,56000,RENT,8.0,VENTURE,B,12000,11.49,0.21,N,2,0,0,0.04649816908090214,Low Risk
28,112123,RENT,2.0,VENTURE,A,7200,8.59,0.06,N,9,0,0,0.015942533168269126,Low Risk
22,18000,OWN,1.0,HOMEIMPROVEMENT,A,3500,7.49,0.19,N,4,1,1,0.9881082699216482,High Risk
24,79000,RENT,3.0,PERSONAL,C,7000,12.54,0.09,N,3,0,0,0.09365497244752043,Low Risk
23,65004,MORTGAGE,7.0,PERSONAL,A,15000,7.88,0.23,N,3,0,0,0.03751392572668938,Low Risk
25,64000,RENT,7.0,EDUCATION,D,8000,15.28,0.13,N,4,1,0,0.365830608728993,Medium Risk
46,55000,MORTGAGE,3.0,MEDICAL,B,5000,9.91,0.09,N,14,0,0,0.08828738134358136,Low Risk
24,72000,MORTGAGE,4.0,MEDICAL,B,5000,9.25,0.07,N,2,0,0,0.07055696634806373,Low Risk
26,50000,OWN,5.0,MEDICAL,A,3250,7.51,0.07,N,2,0,0,0.014538115992929907,Low Risk
23,75000,MORTGAGE,7.0,VENTURE,A,10200,6.03,0.14,N,3,0,0,0.013074298230147358,Low Risk
38,140000,OWN,13.0,VENTURE,B,24000,12.18,0.17,N,15,0,0,0.006348374163988325,Low Risk
29,67000,MORTGAGE,13.0,VENTURE,A,10000,7.14,0.15,N,8,0,0,0.01338065658801569,Low Risk
46,74500,MORTGAGE,0.0,VENTURE,C,10500,12.09,0.14,N,13,0,0,0.07129298907209274,Low Risk
22,48400,RENT,6.0,VENTURE,C,12000,14.65,0.25,Y,3,1,0,0.14740533642021705,Low Risk
32,40000,RENT,2.0,MEDICAL,C,4000,13.79,0.1,N,6,0,0,0.12345398461213732,Low Risk
35,48000,RENT,6.0,MEDICAL,A,17000,7.88,0.35,N,6,1,1,0.9598385799896216,High Risk
26,63000,MORTGAGE,10.0,HOMEIMPROVEMENT,B,10000,9.25,0.16,N,3,0,0,0.08263563612333552,Low Risk
46,54250,RENT,3.0,PERSONAL,B,3600,10.0,0.07,N,14,0,0,0.07399215386023357,Low Risk
28,50400,RENT,8.0,EDUCATION,D,18500,16.02,0.37,N,5,1,1,0.9711695538338649,High Risk
35,22300,OWN,1.0,PERSONAL,C,3775,15.27,0.17,N,6,0,0,0.03801000761076576,Low Risk
21,30000,OWN,5.0,MEDICAL,A,9000,5.99,0.3,N,4,0,0,0.026610372530922247,Low Risk
25,110000,MORTGAGE,8.0,DEBTCONSOLIDATION,A,5500,6.62,0.05,N,2,0,0,0.03302344451737036,Low Risk
54,39000,MORTGAGE,4.0,PERSONAL,B,20000,10.71,0.51,N,19,0,0,0.19629829828208714,Low Risk
30,72000,MORTGAGE,13.0,VENTURE,A,12000,7.88,0.17,N,8,0,0,0.01348373821486193,Low Risk
36,17640,OWN,4.0,HOMEIMPROVEMENT,A,5875,7.9,0.33,N,12,1,1,0.9655563655555959,High Risk
26,74400,MORTGAGE,10.0,DEBTCONSOLIDATION,A,15000,6.54,0.2,N,4,0,0,0.045808453519041864,Low Risk
29,27852,OWN,7.0,EDUCATION,A,11000,8.49,0.39,N,8,0,0,0.03987641785307671,Low Risk
27,110000,MORTGAGE,3.0,MEDICAL,A,4800,7.74,0.04,N,7,0,0,0.030048947285860682,Low Risk
23,90000,MORTGAGE,6.0,EDUCATION,A,12000,10.99,0.13,N,3,0,0,0.02611844826996505,Low Risk
26,70000,MORTGAGE,3.0,PERSONAL,C,5400,12.53,0.08,N,4,0,0,0.07270290913812533,Low Risk
22,123000,MORTGAGE,6.0,EDUCATION,A,7000,7.51,0.06,N,4,0,0,0.023762807574347927,Low Risk
25,40800,MORTGAGE,9.0,MEDICAL,B,9700,9.63,0.24,N,4,0,0,0.08778037232744171,Low Risk
24,118300,RENT,1.0,PERSONAL,C,15000,12.68,0.13,N,4,0,0,0.053198914585576886,Low Risk
41,115000,MORTGAGE,2.0,PERSONAL,D,20000,14.61,0.17,N,11,0,0,0.42245737158285634,Medium Risk
22,41000,MORTGAGE,4.0,VENTURE,A,6000,8.59,0.15,N,4,0,0,0.019572027696265714,Low Risk
30,40800,RENT,7.0,PERSONAL,B,2400,11.49,0.06,N,9,1,0,0.0889603467785677,Low Risk
22,48255,RENT,3.0,VENTURE,A,2000,6.76,0.04,N,2,0,0,0.02057622288230425,Low Risk
29,57000,OWN,5.0,MEDICAL,B,5000,11.86,0.09,N,10,0,0,0.01866067146028096,Low Risk
29,27996,OWN,5.0,HOMEIMPROVEMENT,A,1800,5.42,0.06,N,6,0,0,0.0552991226961322,Low Risk
21,36000,MORTGAGE,5.0,MEDICAL,B,1000,12.42,0.03,N,2,0,0,0.10844258960093237,Low Risk
22,36000,RENT,3.0,EDUCATION,C,9000,10.99,0.25,Y,2,0,0,0.09412533012643508,Low Risk
30,185000,MORTGAGE,8.0,VENTURE,B,15000,10.99,0.08,N,7,0,0,0.021559899576924717,Low Risk
27,21600,RENT,9.0,PERSONAL,A,6000,7.88,0.28,N,9,0,0,0.12805259190757173,Low Risk
22,36050,RENT,2.0,PERSONAL,D,6700,14.11,0.19,Y,4,1,1,0.6384696978848965,High Risk
40,76000,RENT,1.0,PERSONAL,C,5000,13.72,0.07,Y,15,0,0,0.08814815119372767,Low Risk
31,80000,RENT,0.0,HOMEIMPROVEMENT,A,10000,8.59,0.13,N,6,0,0,0.03385814826207424,Low Risk
24,62400,RENT,8.0,HOMEIMPROVEMENT,B,20000,11.12,0.32,N,2,1,1,0.9717222339777,High Risk
24,90000,MORTGAGE,7.0,EDUCATION,B,35000,10.65,0.39,N,3,0,0,0.08162362029759815,Low Risk
23,32800,OWN,3.0,VENTURE,A,8000,7.29,0.24,N,3,0,0,0.009731834126557462,Low Risk
24,95000,OWN,8.0,PERSONAL,C,4800,13.43,0.05,N,3,0,0,0.01055068126387409,Low Risk
48,32500,RENT,0.0,VENTURE,D,2000,17.27,0.06,N,16,1,1,0.6871619748931623,High Risk
29,50000,MORTGAGE,0.0,HOMEIMPROVEMENT,B,3575,11.49,0.07,N,6,0,0,0.14061656304736958,Low Risk
37,21600,RENT,7.0,MEDICAL,B,3000,12.18,0.14,N,16,0,0,0.13832234777477878,Low Risk
26,63400,OWN,0.0,EDUCATION,B,20000,9.62,0.32,N,3,0,0,0.03150789388169348,Low Risk
33,51996,MORTGAGE,3.0,DEBTCONSOLIDATION,B,14000,8.88,0.27,N,9,0,0,0.08618258097215566,Low Risk
30,65000,RENT,3.0,EDUCATION,B,9000,12.42,0.14,N,5,0,0,0.06704015994943921,Low Risk
29,44400,MORTGAGE,13.0,HOMEIMPROVEMENT,B,21000,10.99,0.47,N,8,0,0,0.19561123008000228,Low Risk
24,41000,OWN,9.0,HOMEIMPROVEMENT,D,10000,15.33,0.24,N,4,0,0,0.07261930467120671,Low Risk
23,42000,MORTGAGE,0.0,DEBTCONSOLIDATION,A,11000,7.88,0.26,N,2,0,0,0.05998289118190363,Low Risk
30,72000,MORTGAGE,14.0,HOMEIMPROVEMENT,B,3000,9.99,0.04,N,9,0,0,0.08430518955808917,Low Risk
27,120000,MORTGAGE,10.0,DEBTCONSOLIDATION,A,7000,5.99,0.06,N,5,0,0,0.03302344451737036,Low Risk
22,107000,MORTGAGE,2.0,MEDICAL,C,17400,13.47,0.16,N,4,0,0,0.06935681521644527,Low Risk
23,115275,RENT,7.0,DEBTCONSOLIDATION,C,7500,11.28,0.07,Y,4,0,0,0.08185620091981825,Low Risk
33,62800,RENT,3.0,PERSONAL,C,16000,13.11,0.25,Y,5,0,0,0.08836384569258655,Low Risk
29,55476,MORTGAGE,1.0,MEDICAL,D,10000,15.33,0.18,Y,8,1,1,0.8552431574757601,High Risk
21,102000,MORTGAGE,0.0,EDUCATION,D,18000,14.96,0.18,N,3,0,0,0.335179497231653,Medium Risk
26,108000,RENT,9.0,EDUCATION,G,24000,20.16,0.22,N,3,1,1,0.8991545646867545,High Risk
34,63996,MORTGAGE,2.0,EDUCATION,A,6400,8.0,0.1,N,9,0,0,0.03831464774591951,Low Risk
25,57000,RENT,5.0,PERSONAL,A,6000,8.0,0.11,N,3,0,0,0.05111915759502619,Low Risk
25,66420,MORTGAGE,1.0,MEDICAL,B,4000,12.18,0.06,N,3,0,0,0.08979753181830404,Low Risk
26,69000,RENT,7.0,EDUCATION,A,6200,7.88,0.09,N,3,0,0,0.03758610575641463,Low Risk
30,72000,MORTGAGE,3.0,MEDICAL,A,14000,6.99,0.19,N,9,0,0,0.03969569940195205,Low Risk
24,40000,MORTGAGE,6.0,VENTURE,B,10000,9.91,0.25,N,3,0,0,0.026061148438253936,Low Risk
23,21360,RENT,0.0,PERSONAL,A,7500,7.14,0.35,N,3,1,1,0.9525686213713908,High Risk
24,61400,RENT,1.0,VENTURE,C,12250,12.23,0.2,N,4,0,0,0.08812690644552253,Low Risk
31,33600,MORTGAGE,15.0,PERSONAL,A,6500,7.14,0.19,N,8,0,0,0.10500139826945096,Low Risk
22,55000,OWN,6.0,EDUCATION,B,25000,10.74,0.45,N,2,0,0,0.028848786016625338,Low Risk
25,46000,RENT,1.0,MEDICAL,B,9500,10.99,0.21,N,3,0,0,0.1112395719541964,Low Risk
25,180488,MORTGAGE,9.0,HOMEIMPROVEMENT,C,24000,12.87,0.13,N,2,0,0,0.06357003376938047,Low Risk
35,130000,RENT,11.0,EDUCATION,E,6600,17.93,0.05,N,5,0,0,0.2750147846236964,Low Risk
22,78996,RENT,1.0,DEBTCONSOLIDATION,D,12000,15.95,0.15,Y,3,1,1,0.9263972551343164,High Risk
25,39396,RENT,0.0,VENTURE,D,6000,15.31,0.15,Y,3,1,1,0.741978007233482,High Risk
22,52000,RENT,6.0,VENTURE,B,10000,11.71,0.19,N,2,0,0,0.04649816908090214,Low Risk
37,70000,MORTGAGE,0.0,VENTURE,B,10000,10.99,0.14,N,11,0,0,0.042269592433078526,Low Risk
22,16800,RENT,2.0,PERSONAL,B,4000,10.25,0.24,N,4,1,1,0.9018254369601272,High Risk
31,70000,MORTGAGE,11.0,EDUCATION,A,2000,7.4,0.03,N,7,0,0,0.03710275800875067,Low Risk
24,55243,MORTGAGE,6.0,MEDICAL,B,2900,9.62,0.04,N,2,1,0,0.0911958592016557,Low Risk
35,82000,MORTGAGE,3.0,PERSONAL,A,18800,7.51,0.23,N,10,0,0,0.030652493965464243,Low Risk
30,125000,MORTGAGE,5.0,MEDICAL,A,8000,7.74,0.06,N,10,0,0,0.02986542919727496,Low Risk
25,82000,RENT,1.0,EDUCATION,E,22000,17.51,0.27,N,2,1,1,0.6923203537785062,High Risk
21,60000,MORTGAGE,2.0,VENTURE,B,6000,10.62,0.1,N,4,0,0,0.024181515870506553,Low Risk
27,50000,RENT,5.0,HOMEIMPROVEMENT,B,12000,10.37,0.24,N,6,0,0,0.11628153352907711,Low Risk
28,30000,RENT,2.0,PERSONAL,A,5200,5.42,0.17,N,7,0,0,0.11360700600470604,Low Risk
39,68640,RENT,2.0,MEDICAL,B,12000,9.33,0.17,N,16,0,0,0.07438342402400563,Low Risk
23,43949,RENT,7.0,MEDICAL,B,3000,11.49,0.07,N,2,0,0,0.10589701624248973,Low Risk
34,36000,RENT,0.0,VENTURE,D,6000,10.99,0.17,N,10,1,0,0.3872948068105378,Medium Risk
27,100000,MORTGAGE,10.0,MEDICAL,B,12000,9.96,0.12,N,10,0,0,0.050968182733660265,Low Risk
23,65000,MORTGAGE,7.0,VENTURE,B,13750,9.62,0.21,N,3,0,0,0.023233201328713267,Low Risk
23,50000,RENT,1.0,DEBTCONSOLIDATION,A,25000,7.9,0.5,N,3,1,1,0.9650417412708293,High Risk
23,113000,MORTGAGE,2.0,VENTURE,A,22400,7.49,0.2,N,2,0,0,0.014259056260774509,Low Risk
25,95111,MORTGAGE,9.0,PERSONAL,C,18000,14.72,0.19,N,4,0,0,0.06891456457094025,Low Risk
22,81996,MORTGAGE,6.0,PERSONAL,B,10000,11.46,0.12,N,3,1,0,0.05011648269722705,Low Risk
39,32400,RENT,3.0,MEDICAL,B,7000,10.99,0.22,N,16,0,0,0.1765531500350857,Low Risk
23,84000,RENT,3.0,MEDICAL,A,15850,8.49,0.19,N,4,0,0,0.03904414245106155,Low Risk
36,250000,MORTGAGE,2.0,VENTURE,A,4000,7.14,0.02,N,12,0,0,0.011476403902881804,Low Risk
28,35496,MORTGAGE,5.0,DEBTCONSOLIDATION,B,5500,11.49,0.15,N,5,0,0,0.10996401011715591,Low Risk
26,48000,MORTGAGE,10.0,VENTURE,A,4000,10.99,0.08,N,2,0,0,0.026189826749760486,Low Risk
23,24000,RENT,4.0,MEDICAL,C,4000,11.66,0.17,N,4,0,0,0.1703129255218836,Low Risk
27,50600,RENT,9.0,VENTURE,B,12000,9.91,0.24,N,7,0,0,0.03239002741587996,Low Risk
22,12000,RENT,0.0,EDUCATION,A,6700,7.66,0.56,N,4,1,1,0.9963224624743284,High Risk
30,28500,MORTGAGE,9.0,EDUCATION,A,4000,7.74,0.14,N,7,0,0,0.08274795781228124,Low Risk
25,86004,MORTGAGE,3.0,PERSONAL,A,15000,6.91,0.17,N,4,1,0,0.029901310025501313,Low Risk
34,35100,MORTGAGE,16.0,EDUCATION,C,9000,13.47,0.26,N,8,0,0,0.09642645714725548,Low Risk
24,87000,MORTGAGE,7.0,HOMEIMPROVEMENT,B,25000,10.99,0.29,N,2,0,0,0.08117158590330517,Low Risk
24,38000,OWN,6.0,MEDICAL,B,1000,10.08,0.03,N,4,0,0,0.01904880492440694,Low Risk
40,54000,RENT,5.0,EDUCATION,D,3000,16.89,0.06,N,15,1,0,0.4461854698353503,Medium Risk
31,38000,RENT,15.0,VENTURE,A,14400,8.94,0.38,N,7,1,1,0.935353015143061,High Risk
30,110000,MORTGAGE,0.0,PERSONAL,B,12000,10.74,0.11,N,8,0,0,0.04146858059745842,Low Risk
36,24000,MORTGAGE,2.0,DEBTCONSOLIDATION,A,1500,9.63,0.06,N,16,0,0,0.09428436121710199,Low Risk
25,69000,RENT,3.0,DEBTCONSOLIDATION,D,10000,14.09,0.14,Y,2,1,1,0.7573400822145743,High Risk
23,47000,RENT,1.0,PERSONAL,C,15000,12.04,0.32,Y,2,1,1,0.9732061975512303,High Risk
29,210000,MORTGAGE,2.0,MEDICAL,B,14000,12.42,0.07,N,6,0,0,0.06127751080502755,Low Risk
23,70000,MORTGAGE,7.0,EDUCATION,C,2000,13.49,0.03,Y,2,0,0,0.06985244339739624,Low Risk
33,18000,RENT,0.0,VENTURE,C,2700,12.61,0.15,Y,9,0,0,0.4145777053298967,Medium Risk
58,85000,MORTGAGE,0.0,PERSONAL,B,8000,11.49,0.09,N,28,0,0,0.053127898371835965,Low Risk
31,95000,RENT,2.0,MEDICAL,C,2500,13.72,0.03,N,5,0,0,0.07340721329779504,Low Risk
22,54996,RENT,0.0,EDUCATION,C,5000,12.54,0.09,Y,3,0,0,0.09838584452238441,Low Risk
22,50000,RENT,7.0,MEDICAL,C,4800,12.68,0.1,N,3,0,0,0.11277661182537381,Low Risk
24,78000,OWN,6.0,HOMEIMPROVEMENT,B,4500,12.69,0.06,N,3,0,0,0.021674628367599355,Low Risk
34,42000,RENT,2.0,EDUCATION,B,6000,10.59,0.14,N,7,0,0,0.07468507472356874,Low Risk
27,107000,MORTGAGE,11.0,VENTURE,B,35000,9.63,0.33,N,7,0,0,0.05124969527697856,Low Risk
22,48000,RENT,6.0,DEBTCONSOLIDATION,A,16500,8.9,0.34,N,3,1,1,0.9608794480375216,High Risk
26,84996,RENT,0.0,MEDICAL,B,9000,11.26,0.11,N,2,0,0,0.06762874417868704,Low Risk
27,48000,RENT,5.0,VENTURE,B,12000,11.71,0.25,N,6,0,0,0.04649816908090214,Low Risk
24,75000,RENT,8.0,EDUCATION,B,17000,9.33,0.23,N,3,0,0,0.0584120956790621,Low Risk
29,26004,MORTGAGE,13.0,DEBTCONSOLIDATION,D,4000,14.74,0.15,Y,9,1,1,0.8425586993939134,High Risk
23,18000,RENT,1.0,PERSONAL,A,7000,7.88,0.39,N,4,1,1,0.996445242618902,High Risk
33,88296,MORTGAGE,0.0,DEBTCONSOLIDATION,E,15000,15.88,0.17,N,8,1,1,0.7537444134827952,High Risk
26,50000,RENT,1.0,HOMEIMPROVEMENT,A,10000,6.91,0.2,N,2,0,0,0.07670071177931136,Low Risk
32,20400,RENT,2.0,DEBTCONSOLIDATION,A,8000,8.49,0.39,N,6,1,1,0.9566965403659673,High Risk
25,33996,RENT,0.0,VENTURE,A,5000,9.38,0.15,N,3,0,0,0.08069157431104569,Low Risk
24,91000,MORTGAGE,5.0,MEDICAL,A,15000,7.88,0.16,N,4,0,0,0.0280038882618835,Low Risk
23,78000,MORTGAGE,7.0,EDUCATION,A,4600,7.66,0.06,N,2,0,0,0.04231402659454836,Low Risk
28,44500,MORTGAGE,5.0,DEBTCONSOLIDATION,B,20000,9.45,0.45,N,8,0,0,0.1576877647044208,Low Risk
31,102672,OWN,4.0,EDUCATION,A,10000,7.9,0.1,N,10,0,0,0.008207611852769681,Low Risk
22,34500,RENT,3.0,EDUCATION,D,12000,14.84,0.35,Y,2,1,1,0.9722284413234525,High Risk
40,132000,RENT,18.0,EDUCATION,C,11200,12.68,0.08,Y,11,0,0,0.04916658012163599,Low Risk
23,75000,RENT,2.0,PERSONAL,B,7000,6.0,0.09,N,3,0,0,0.0567982777258233,Low Risk
33,21600,RENT,3.0,DEBTCONSOLIDATION,B,10000,12.53,0.46,N,8,1,1,0.9688618244899395,High Risk
21,110000,MORTGAGE,0.0,VENTURE,B,14000,9.99,0.13,N,2,0,0,0.020200201245664812,Low Risk
26,36000,MORTGAGE,3.0,HOMEIMPROVEMENT,A,5400,7.51,0.15,N,4,0,0,0.09152969555864846,Low Risk
40,60000,RENT,0.0,DEBTCONSOLIDATION,B,6500,11.11,0.11,N,13,0,0,0.07662690451798507,Low Risk
27,42200,MORTGAGE,6.0,MEDICAL,D,10000,16.49,0.24,Y,6,1,1,0.7527979801510596,High Risk
39,41725,RENT,4.0,VENTURE,D,11500,14.09,0.28,Y,13,0,0,0.32145586588980674,Medium Risk
32,106000,RENT,14.0,DEBTCONSOLIDATION,E,25000,16.63,0.24,Y,7,1,1,0.8453401197343571,High Risk
23,36996,OWN,4.0,MEDICAL,A,10000,7.51,0.27,N,3,0,0,0.017387995690441124,Low Risk
23,42996,MORTGAGE,2.0,VENTURE,D,8500,10.99,0.2,Y,4,0,0,0.29867131887008086,Low Risk
25,85000,RENT,9.0,EDUCATION,A,5750,7.29,0.07,N,4,0,0,0.029572110805799585,Low Risk
26,65000,MORTGAGE,8.0,HOMEIMPROVEMENT,A,11500,7.49,0.18,N,4,0,0,0.048169299029726206,Low Risk
27,75000,MORTGAGE,4.0,PERSONAL,B,20150,11.36,0.27,N,6,0,0,0.07720838084125549,Low Risk
28,81996,MORTGAGE,12.0,EDUCATION,B,3000,12.42,0.04,N,5,0,0,0.047761477982973935,Low Risk
30,52000,MORTGAGE,4.0,EDUCATION,C,4200,10.99,0.08,Y,6,0,0,0.08691710872843048,Low Risk
28,90080,MORTGAGE,9.0,HOMEIMPROVEMENT,A,5500,7.49,0.06,N,6,0,0,0.026544995013468204,Low Risk
25,63300,MORTGAGE,0.0,EDUCATION,C,17600,12.53,0.28,Y,4,0,0,0.09487675947642356,Low Risk
22,26796,MORTGAGE,6.0,VENTURE,A,3000,8.32,0.11,N,3,0,0,0.03626976357857433,Low Risk
28,52828,MORTGAGE,6.0,MEDICAL,A,14500,7.29,0.27,N,7,0,0,0.059267815822365844,Low Risk
22,60000,MORTGAGE,6.0,EDUCATION,A,2500,6.99,0.04,N,3,0,0,0.02985376103708406,Low Risk
28,138996,MORTGAGE,3.0,PERSONAL,C,20000,13.79,0.14,Y,9,0,0,0.059237977491820505,Low Risk
23,13200,RENT,0.0,DEBTCONSOLIDATION,C,3000,10.99,0.23,N,3,1,1,0.8966646586643955,High Risk
24,41000,RENT,2.0,HOMEIMPROVEMENT,D,25000,10.99,0.61,N,3,1,1,0.9911850570011881,High Risk
26,65000,RENT,3.0,MEDICAL,B,9000,11.86,0.14,N,4,0,0,0.08447000971040267,Low Risk
26,48000,RENT,4.0,MEDICAL,B,3000,10.14,0.06,N,3,0,0,0.09126598251113716,Low Risk
29,39000,MORTGAGE,12.0,PERSONAL,A,16000,5.99,0.41,N,8,0,0,0.1764213074439375,Low Risk
22,51000,RENT,6.0,VENTURE,B,7000,12.18,0.14,N,2,0,0,0.04649816908090214,Low Risk
34,59000,RENT,0.0,EDUCATION,D,4100,14.91,0.07,N,10,1,1,0.7755306123756986,High Risk
53,24000,RENT,0.0,EDUCATION,D,5000,14.42,0.21,Y,27,1,1,0.7293901631308993,High Risk
21,85000,RENT,5.0,PERSONAL,B,3200,10.25,0.04,N,4,0,0,0.047731177407839984,Low Risk
21,26000,RENT,4.0,EDUCATION,C,7750,13.16,0.3,Y,3,0,0,0.17747475633386312,Low Risk
23,25000,RENT,1.0,VENTURE,B,4025,9.91,0.16,N,4,0,0,0.08737244519891434,Low Risk
30,50000,MORTGAGE,3.0,PERSONAL,C,6000,10.99,0.12,Y,7,0,0,0.09101824414222928,Low Risk
26,130000,MORTGAGE,7.0,VENTURE,D,6500,15.99,0.05,Y,3,0,0,0.14756980014152668,Low Risk
23,34560,RENT,5.0,DEBTCONSOLIDATION,D,9600,16.02,0.28,Y,3,1,1,0.8931640543761145,High Risk
30,43000,RENT,4.0,VENTURE,D,8000,16.49,0.19,N,5,0,0,0.34221371993746724,Medium Risk
30,50000,OWN,3.0,HOMEIMPROVEMENT,A,5000,5.99,0.1,N,10,0,0,0.020478036081441175,Low Risk
22,30000,MORTGAGE,6.0,PERSONAL,C,2000,12.61,0.07,N,4,0,0,0.1461630701639298,Low Risk
25,36000,RENT,6.0,PERSONAL,B,15000,10.99,0.42,N,3,1,1,0.9717167796656924,High Risk
27,55512,RENT,11.0,MEDICAL,C,4200,14.26,0.08,Y,8,1,0,0.17381535647028995,Low Risk
23,30000,MORTGAGE,0.0,DEBTCONSOLIDATION,C,1000,13.72,0.03,N,4,0,0,0.17038484463136802,Low Risk
22,96000,MORTGAGE,4.0,EDUCATION,B,5500,12.69,0.06,N,3,0,0,0.041120816560993464,Low Risk
34,25000,RENT,0.0,VENTURE,B,5325,10.99,0.21,N,7,0,0,0.10363241721927488,Low Risk
22,26880,RENT,2.0,DEBTCONSOLIDATION,B,1600,11.12,0.06,N,2,0,0,0.14061311916616273,Low Risk
23,65000,MORTGAGE,0.0,EDUCATION,A,8200,6.62,0.13,N,4,0,0,0.033272834255763384,Low Risk
41,92000,MORTGAGE,15.0,MEDICAL,A,12000,7.66,0.13,N,15,0,0,0.029294072227571275,Low Risk
25,55000,RENT,3.0,HOMEIMPROVEMENT,B,6000,10.99,0.11,N,3,0,0,0.13096106578239036,Low Risk
24,40000,MORTGAGE,3.0,VENTURE,B,3200,10.99,0.08,N,2,0,0,0.03774822917478485,Low Risk
25,65004,RENT,0.0,DEBTCONSOLIDATION,C,6000,12.87,0.09,N,4,0,0,0.09965765011472354,Low Risk
44,80000,MORTGAGE,28.0,VENTURE,D,25000,15.33,0.31,Y,17,0,0,0.17002365668603658,Low Risk
22,62322,RENT,7.0,EDUCATION,B,10000,10.99,0.16,N,2,0,0,0.07036110181288106,Low Risk
28,30225,RENT,7.0,PERSONAL,B,2000,12.42,0.07,N,6,0,0,0.14242744415360006,Low Risk
40,133000,RENT,2.0,EDUCATION,D,35000,14.54,0.26,Y,17,1,1,0.5499348398134182,Medium Risk
25,39000,RENT,0.0,HOMEIMPROVEMENT,E,4000,17.74,0.1,N,2,1,1,0.8974531608144398,High Risk
24,33000,RENT,2.0,VENTURE,C,3300,12.99,0.1,N,4,0,0,0.16999695118163122,Low Risk
24,45000,RENT,2.0,PERSONAL,C,4000,13.23,0.09,Y,3,0,0,0.10687011852664552,Low Risk
27,40000,RENT,4.0,VENTURE,D,10000,10.99,0.25,Y,10,0,0,0.18955156839160298,Low Risk
22,51900,MORTGAGE,5.0,VENTURE,B,14100,11.49,0.27,N,2,0,0,0.04529461085319834,Low Risk
32,45000,MORTGAGE,8.0,DEBTCONSOLIDATION,A,2100,6.99,0.05,N,10,0,0,0.0521460996861477,Low Risk
22,47000,OWN,6.0,MEDICAL,A,3000,5.42,0.06,N,3,0,0,0.014346886032585361,Low Risk
34,225000,MORTGAGE,4.0,DEBTCONSOLIDATION,C,3000,13.35,0.01,Y,7,0,0,0.0820512415242371,Low Risk
23,32993,RENT,6.0,MEDICAL,B,4000,11.71,0.12,N,4,1,0,0.1533221435867239,Low Risk
28,73992,RENT,2.0,PERSONAL,B,20000,9.96,0.27,N,7,0,0,0.08843584639032279,Low Risk
24,36000,MORTGAGE,4.0,HOMEIMPROVEMENT,A,14775,6.62,0.41,N,4,0,0,0.19747260519674925,Low Risk
24,65000,MORTGAGE,8.0,EDUCATION,A,3300,7.51,0.05,N,2,0,0,0.0344888998835919,Low Risk
32,58000,RENT,3.0,MEDICAL,B,10000,10.96,0.17,N,10,0,0,0.10530056008895301,Low Risk
28,73073,MORTGAGE,8.0,VENTURE,A,4200,5.79,0.06,N,7,0,0,0.01346428436175272,Low Risk
35,66000,RENT,0.0,HOMEIMPROVEMENT,B,18000,9.99,0.27,N,8,0,0,0.1076954982641379,Low Risk
26,36000,MORTGAGE,10.0,PERSONAL,B,18000,10.39,0.5,N,2,0,0,0.14449968443235384,Low Risk
26,71046,MORTGAGE,10.0,DEBTCONSOLIDATION,B,6500,10.99,0.09,N,4,0,0,0.09467980703605432,Low Risk
27,52656,MORTGAGE,4.0,VENTURE,B,13000,10.99,0.25,N,10,0,0,0.04233118259083901,Low Risk
21,47760,MORTGAGE,2.0,PERSONAL,A,15000,6.03,0.31,N,2,0,0,0.10162972464838362,Low Risk
24,135000,MORTGAGE,0.0,VENTURE,C,12500,10.99,0.09,N,4,0,0,0.04528969274337611,Low Risk
28,67000,RENT,3.0,HOMEIMPROVEMENT,B,12000,10.99,0.18,N,5,0,0,0.09062786404998605,Low Risk
44,80160,MORTGAGE,13.0,DEBTCONSOLIDATION,C,5500,13.92,0.07,Y,13,0,0,0.09470545386955322,Low Risk
24,52559,RENT,9.0,HOMEIMPROVEMENT,B,20000,10.99,0.38,N,3,1,1,0.9779874438233024,High Risk
37,70000,RENT,3.0,EDUCATION,B,4900,12.18,0.07,N,15,0,0,0.06743623170947949,Low Risk
34,35000,RENT,9.0,EDUCATION,A,8000,10.99,0.23,N,10,0,0,0.06621999193423815,Low Risk
23,29730,RENT,2.0,DEBTCONSOLIDATION,A,5000,7.66,0.17,N,4,0,0,0.11575795733740994,Low Risk
27,24840,OWN,0.0,MEDICAL,A,11500,8.49,0.46,N,6,0,0,0.039743653080060753,Low Risk
26,26000,MORTGAGE,4.0,HOMEIMPROVEMENT,B,12000,10.99,0.46,N,3,0,0,0.4231077384215946,Medium Risk
29,38400,OWN,4.0,VENTURE,B,10000,10.99,0.26,N,8,0,0,0.009727025493119497,Low Risk
27,38000,RENT,0.0,MEDICAL,A,12000,6.62,0.32,N,10,1,1,0.9618075187647522,High Risk
30,114000,MORTGAGE,14.0,HOMEIMPROVEMENT,A,15000,6.54,0.13,N,6,1,0,0.028312381746404918,Low Risk
33,50000,MORTGAGE,14.0,DEBTCONSOLIDATION,D,10000,16.89,0.2,N,7,1,1,0.8414973410955352,High Risk
30,90000,MORTGAGE,7.0,DEBTCONSOLIDATION,A,4800,8.9,0.05,N,5,1,0,0.03263031259791989,Low Risk
22,84600,MORTGAGE,4.0,VENTURE,A,6000,10.99,0.07,N,4,0,0,0.015376345339095807,Low Risk
21,32400,RENT,1.0,EDUCATION,B,10000,11.48,0.31,N,2,1,1,0.9678982439301522,High Risk
22,48000,MORTGAGE,5.0,PERSONAL,B,3000,10.99,0.06,N,3,0,0,0.0857391806711395,Low Risk
28,73000,RENT,0.0,PERSONAL,B,32000,11.99,0.44,N,9,1,1,0.9680534096330029,High Risk
22,44400,RENT,3.0,EDUCATION,C,12800,12.73,0.29,N,2,0,0,0.10673692927943894,Low Risk
22,36000,OWN,6.0,EDUCATION,D,12000,15.21,0.33,Y,3,0,0,0.03936399835863216,Low Risk
25,45000,OWN,9.0,MEDICAL,A,3000,6.17,0.07,N,4,0,0,0.014346886032585361,Low Risk
24,58000,RENT,5.0,MEDICAL,A,5000,7.49,0.09,N,2,0,0,0.053136340708455125,Low Risk
23,80400,RENT,4.0,EDUCATION,A,9000,7.51,0.11,N,4,0,0,0.029518345515437656,Low Risk
25,306000,RENT,2.0,DEBTCONSOLIDATION,C,24250,13.85,0.08,N,3,0,0,0.10771563556817829,Low Risk
26,26000,MORTGAGE,7.0,HOMEIMPROVEMENT,B,7000,10.99,0.27,N,4,0,0,0.31536912862982763,Medium Risk
25,99473,MORTGAGE,9.0,PERSONAL,B,8500,11.58,0.09,N,2,0,0,0.04439288471336169,Low Risk
43,98004,MORTGAGE,11.0,PERSONAL,A,6000,5.42,0.06,N,15,0,0,0.024296999560305153,Low Risk
25,78000,RENT,0.0,DEBTCONSOLIDATION,D,9600,14.11,0.12,Y,4,1,1,0.875060065252247,High Risk
26,215000,MORTGAGE,11.0,EDUCATION,A,12000,7.88,0.06,N,2,0,0,0.024303696318815644,Low Risk
25,58000,MORTGAGE,7.0,DEBTCONSOLIDATION,B,7200,11.71,0.12,N,3,0,0,0.10665531925778764,Low Risk
23,58000,RENT,4.0,EDUCATION,C,1200,15.23,0.02,N,4,0,0,0.1560619307510569,Low Risk
34,103363,MORTGAGE,4.0,VENTURE,B,15000,10.99,0.15,N,5,0,0,0.021559899576924717,Low Risk
25,18000,MORTGAGE,1.0,MEDICAL,B,4000,10.99,0.22,N,3,1,1,0.8982506183220944,High Risk
25,39896,MORTGAGE,0.0,MEDICAL,A,9250,9.63,0.23,N,3,1,0,0.05120092371406585,Low Risk
27,70000,RENT,4.0,PERSONAL,B,20000,11.48,0.29,N,8,0,0,0.10022165313149649,Low Risk
26,58000,MORTGAGE,1.0,MEDICAL,D,25000,13.55,0.43,Y,4,1,1,0.6009604008763202,High Risk
24,64000,RENT,4.0,HOMEIMPROVEMENT,B,2500,11.14,0.04,N,3,1,0,0.10249314329445287,Low Risk
32,150000,MORTGAGE,16.0,MEDICAL,A,16000,6.03,0.11,N,10,0,0,0.028914441855558245,Low Risk
22,25600,RENT,5.0,VENTURE,A,9000,8.9,0.35,N,4,1,1,0.9316333618156512,High Risk
30,75000,MORTGAGE,0.0,HOMEIMPROVEMENT,C,15000,12.98,0.2,N,8,0,0,0.09844715391749469,Low Risk
25,37000,RENT,1.0,DEBTCONSOLIDATION,F,4200,10.99,0.11,Y,2,1,1,0.5848923243647207,Medium Risk
33,125000,RENT,0.0,PERSONAL,A,9100,7.88,0.07,N,8,0,0,0.027334548250668552,Low Risk
25,89000,RENT,4.0,VENTURE,B,1300,10.59,0.01,N,4,0,0,0.021248442361933684,Low Risk
26,66300,RENT,0.0,MEDICAL,D,17000,16.77,0.22,Y,3,1,1,0.8430173491974114,High Risk
24,84000,RENT,3.0,MEDICAL,B,13000,11.83,0.15,N,3,0,0,0.06385081244480768,Low Risk
40,50000,MORTGAGE,5.0,HOMEIMPROVEMENT,D,6000,14.96,0.12,Y,16,0,1,0.5781301514523194,Medium Risk
30,25056,MORTGAGE,3.0,HOMEIMPROVEMENT,B,2000,12.42,0.08,N,7,0,0,0.33283088752981266,Medium Risk
41,82000,MORTGAGE,18.0,HOMEIMPROVEMENT,A,12000,7.51,0.15,N,17,0,0,0.033120377385825274,Low Risk
25,31008,RENT,2.0,DEBTCONSOLIDATION,C,12000,13.79,0.39,N,4,1,1,0.9739751795999355,High Risk
21,35000,RENT,5.0,MEDICAL,C,11300,13.49,0.32,N,3,1,1,0.9760836886597068,High Risk
27,34560,MORTGAGE,8.0,HOMEIMPROVEMENT,E,10625,16.4,0.31,N,7,0,1,0.7185603935842484,High Risk
29,45000,MORTGAGE,13.0,EDUCATION,A,13000,9.63,0.29,N,9,0,0,0.05009019058096952,Low Risk
30,70000,RENT,2.0,MEDICAL,C,8000,13.11,0.11,Y,6,0,0,0.10784304516620122,Low Risk
24,83000,RENT,4.0,HOMEIMPROVEMENT,A,8300,7.88,0.1,N,2,0,0,0.03702283007836563,Low Risk
23,54000,MORTGAGE,7.0,MEDICAL,B,8800,10.99,0.16,N,4,0,0,0.10522090203626895,Low Risk
34,51000,MORTGAGE,4.0,PERSONAL,A,6400,10.99,0.13,N,6,0,0,0.05645921445949602,Low Risk
36,60000,RENT,3.0,EDUCATION,A,9500,7.14,0.16,N,12,0,0,0.02972126021767121,Low Risk
25,90000,MORTGAGE,0.0,EDUCATION,B,9000,12.69,0.1,N,3,0,0,0.04184900860685033,Low Risk
37,30000,RENT,0.0,EDUCATION,B,10800,12.21,0.36,N,14,1,1,0.9686070977801439,High Risk
23,33004,OWN,5.0,EDUCATION,A,5000,8.59,0.15,N,4,0,0,0.019221586773056996,Low Risk
29,47340,RENT,5.0,DEBTCONSOLIDATION,B,2000,9.99,0.04,N,6,0,0,0.08701715342094782,Low Risk
24,38000,RENT,0.0,VENTURE,B,12000,11.89,0.32,N,3,1,1,0.9669123103774581,High Risk
23,65000,MORTGAGE,2.0,EDUCATION,B,20000,12.18,0.31,N,4,0,0,0.12601791853969185,Low Risk
23,23000,RENT,2.0,EDUCATION,A,8875,8.9,0.39,N,2,1,1,0.9578175945900992,High Risk
21,22000,RENT,4.0,DEBTCONSOLIDATION,A,2500,7.14,0.11,N,4,0,0,0.09392679290861455,Low Risk
34,52809,RENT,18.0,VENTURE,B,13000,10.62,0.25,N,9,0,0,0.03239002741587996,Low Risk
41,42000,RENT,2.0,MEDICAL,A,5000,7.49,0.12,N,12,0,0,0.05648291042925574,Low Risk
24,80000,MORTGAGE,8.0,PERSONAL,A,9000,10.99,0.11,N,2,0,0,0.029401333593494856,Low Risk
27,130000,RENT,2.0,VENTURE,C,10000,13.47,0.08,Y,6,0,0,0.06405308620372023,Low Risk
29,80000,RENT,13.0,MEDICAL,C,15000,13.72,0.19,Y,5,0,0,0.07074324523084825,Low Risk
21,25000,RENT,0.0,DEBTCONSOLIDATION,D,5000,12.86,0.2,Y,2,1,1,0.8410019969390287,High Risk
27,62570,MORTGAGE,11.0,EDUCATION,D,25000,14.84,0.4,N,5,0,0,0.29296603072000754,Low Risk
28,22188,RENT,9.0,EDUCATION,A,11500,8.49,0.52,N,5,1,1,0.9587395549564754,High Risk
40,36100,RENT,9.0,VENTURE,B,15250,12.53,0.42,N,16,1,1,0.9599400859610818,High Risk
22,60000,OWN,7.0,VENTURE,D,15000,16.49,0.25,Y,2,0,0,0.022556569248129873,Low Risk
26,54500,RENT,7.0,EDUCATION,A,2400,9.32,0.04,N,3,0,0,0.053706970161874965,Low Risk
25,39000,RENT,9.0,MEDICAL,A,5000,7.49,0.13,N,4,0,0,0.08730704322284187,Low Risk
25,60000,MORTGAGE,3.0,DEBTCONSOLIDATION,A,3000,5.99,0.05,N,4,0,0,0.03688318134748813,Low Risk
25,36480,RENT,4.0,DEBTCONSOLIDATION,A,5000,6.54,0.14,N,2,0,0,0.05800290395719545,Low Risk
22,43000,OWN,5.0,VENTURE,B,3500,11.49,0.08,N,3,0,0,0.007588140192645558,Low Risk
22,140000,RENT,0.0,EDUCATION,B,10000,9.99,0.07,N,2,0,0,0.04103115743974111,Low Risk
25,63000,MORTGAGE,9.0,MEDICAL,A,20000,8.49,0.32,N,4,0,0,0.10999827398871222,Low Risk
35,38469,RENT,0.0,HOMEIMPROVEMENT,C,10000,12.23,0.26,Y,7,1,0,0.25638940172900127,Low Risk
21,18000,OWN,4.0,EDUCATION,B,5000,11.11,0.28,N,2,1,1,0.8395252391772442,High Risk
27,65000,MORTGAGE,11.0,HOMEIMPROVEMENT,E,24000,17.74,0.37,Y,6,0,0,0.43477181214551763,Medium Risk
24,88000,MORTGAGE,8.0,DEBTCONSOLIDATION,F,30000,18.62,0.34,N,3,1,1,0.8038547155040929,High Risk
24,42000,RENT,0.0,VENTURE,B,15000,11.58,0.36,N,4,1,1,0.966576751720092,High Risk
28,69000,MORTGAGE,5.0,DEBTCONSOLIDATION,F,25000,19.41,0.36,Y,5,1,1,0.7467999770209596,High Risk
29,80004,RENT,12.0,PERSONAL,B,2000,9.76,0.02,N,10,0,0,0.047731177407839984,Low Risk
21,23040,RENT,0.0,HOMEIMPROVEMENT,A,6000,7.9,0.26,N,2,1,1,0.7730219981438382,High Risk
39,37800,RENT,5.0,DEBTCONSOLIDATION,B,7000,11.49,0.19,N,16,0,0,0.11012808948653115,Low Risk
23,66000,RENT,1.0,EDUCATION,C,14000,12.99,0.21,N,3,0,0,0.07503864768212194,Low Risk
55,75000,RENT,2.0,MEDICAL,B,20000,11.83,0.27,N,23,0,0,0.12307073479250981,Low Risk
23,32000,RENT,0.0,EDUCATION,A,4000,7.68,0.13,N,3,0,0,0.09458374770761172,Low Risk
43,27036,RENT,1.0,PERSONAL,D,13750,15.31,0.51,Y,15,1,1,0.9851668253663894,High Risk
30,39760,MORTGAGE,0.0,DEBTCONSOLIDATION,B,14500,10.75,0.36,N,7,1,0,0.13975660182568642,Low Risk
26,97188,RENT,7.0,VENTURE,D,16000,12.8,0.16,N,3,0,0,0.08485738891901788,Low Risk
31,30000,RENT,2.0,PERSONAL,C,7200,15.96,0.24,Y,6,0,0,0.3893859873855328,Medium Risk
29,84000,MORTGAGE,1.0,HOMEIMPROVEMENT,B,20000,11.83,0.24,N,5,0,0,0.07315605322646164,Low Risk
23,175000,MORTGAGE,3.0,EDUCATION,A,7200,8.38,0.04,N,3,0,0,0.024720786207512824,Low Risk
36,30000,OWN,4.0,VENTURE,B,8000,9.99,0.27,N,15,0,0,0.013534636302508198,Low Risk
30,40000,RENT,1.0,PERSONAL,A,5500,7.74,0.14,N,6,0,0,0.046836524357649824,Low Risk
33,57000,MORTGAGE,7.0,EDUCATION,B,15000,10.39,0.26,N,7,0,0,0.0744336247796815,Low Risk
23,31200,OWN,7.0,EDUCATION,B,6000,10.37,0.19,N,3,0,0,0.024057687900579786,Low Risk
27,22708,RENT,6.0,VENTURE,D,2500,14.84,0.11,Y,8,1,0,0.39650233415896485,Medium Risk
23,8088,RENT,4.0,MEDICAL,B,1000,10.0,0.12,N,4,0,0,0.3205184750132663,Medium Risk
35,58788,MORTGAGE,8.0,DEBTCONSOLIDATION,B,2200,11.99,0.04,N,6,0,0,0.1827724941678786,Low Risk
24,101900,MORTGAGE,0.0,VENTURE,A,13600,6.62,0.13,N,3,0,0,0.0116316059952383,Low Risk
28,85000,MORTGAGE,12.0,MEDICAL,B,18000,12.53,0.21,N,10,0,0,0.0702907230404853,Low Risk
23,59800,MORTGAGE,7.0,VENTURE,C,15000,15.96,0.25,Y,3,0,0,0.21568731722011747,Low Risk
34,106000,MORTGAGE,6.0,HOMEIMPROVEMENT,A,7200,7.29,0.07,N,8,0,0,0.027769885719621343,Low Risk
25,73000,MORTGAGE,8.0,DEBTCONSOLIDATION,C,3500,13.23,0.05,N,2,0,0,0.10291553153312974,Low Risk
35,117000,RENT,8.0,PERSONAL,A,15000,9.63,0.13,N,8,0,0,0.02927991700338719,Low Risk
34,108000,MORTGAGE,4.0,PERSONAL,A,10000,6.91,0.09,N,6,0,0,0.024296999560305153,Low Risk
23,42500,RENT,3.0,EDUCATION,C,12000,13.35,0.28,N,3,0,0,0.10790466378695297,Low Risk
24,39000,MORTGAGE,2.0,HOMEIMPROVEMENT,C,16000,14.22,0.41,N,4,1,0,0.3712382147339686,Medium Risk
28,30000,RENT,12.0,EDUCATION,A,2000,5.42,0.07,N,5,0,0,0.1021564343351461,Low Risk
24,80000,RENT,2.0,MEDICAL,B,24000,10.25,0.3,N,2,0,0,0.10525081793491345,Low Risk
28,44000,MORTGAGE,5.0,DEBTCONSOLIDATION,C,7000,13.06,0.16,N,9,0,0,0.11515444371188996,Low Risk
29,75000,MORTGAGE,4.0,DEBTCONSOLIDATION,C,14400,13.92,0.19,N,9,0,0,0.1060945839065498,Low Risk
35,77268,MORTGAGE,11.0,EDUCATION,C,7500,11.03,0.1,N,7,0,0,0.06746568849082263,Low Risk
24,113000,MORTGAGE,5.0,VENTURE,B,10500,10.99,0.09,N,4,0,0,0.021559899576924717,Low Risk
38,120000,RENT,3.0,DEBTCONSOLIDATION,C,10000,10.28,0.08,Y,12,0,0,0.064778036719567,Low Risk
64,105000,RENT,8.0,HOMEIMPROVEMENT,E,20000,18.64,0.19,N,30,0,0,0.3601818105788682,Medium Risk
23,48562,RENT,4.0,VENTURE,A,3500,8.0,0.07,N,2,0,0,0.021067502932768434,Low Risk
27,110000,RENT,5.0,VENTURE,B,18000,9.91,0.16,N,5,0,0,0.017835105146804954,Low Risk
25,168000,MORTGAGE,2.0,DEBTCONSOLIDATION,B,35000,10.65,0.21,N,4,0,0,0.07037322353692133,Low Risk
21,42000,RENT,5.0,DEBTCONSOLIDATION,A,8500,7.51,0.2,N,4,0,0,0.056952455854962204,Low Risk
26,190000,MORTGAGE,3.0,VENTURE,B,20000,12.18,0.11,N,4,0,0,0.02495131511350026,Low Risk
26,92400,MORTGAGE,8.0,MEDICAL,A,14500,7.88,0.16,N,4,0,0,0.02986542919727496,Low Risk
59,55000,MORTGAGE,15.0,PERSONAL,B,1000,10.59,0.02,N,29,0,0,0.07366375388894592,Low Risk
24,110000,RENT,7.0,HOMEIMPROVEMENT,D,25000,15.7,0.23,Y,2,0,0,0.4199851428331496,Medium Risk
24,60000,OWN,1.0,VENTURE,D,15000,16.89,0.25,Y,2,0,0,0.0524588014279374,Low Risk
32,37000,RENT,1.0,MEDICAL,B,15000,9.62,0.41,N,10,1,1,0.973995620615229,High Risk
24,46800,MORTGAGE,6.0,DEBTCONSOLIDATION,A,12000,6.99,0.26,N,3,0,0,0.05425627232075131,Low Risk
23,51000,MORTGAGE,5.0,DEBTCONSOLIDATION,A,4000,6.03,0.08,N,2,0,0,0.04908882621430709,Low Risk
42,160000,MORTGAGE,0.0,MEDICAL,A,22000,6.99,0.14,N,16,0,0,0.03793057125083517,Low Risk
24,30000,MORTGAGE,8.0,HOMEIMPROVEMENT,C,5000,13.48,0.17,Y,2,1,0,0.3796937014872406,Medium Risk
22,42000,RENT,0.0,EDUCATION,A,5000,8.9,0.12,N,4,0,0,0.0525957257892754,Low Risk
22,90000,MORTGAGE,6.0,EDUCATION,B,6400,9.88,0.07,N,3,0,0,0.03428262141579675,Low Risk
29,45000,RENT,1.0,HOMEIMPROVEMENT,A,6000,5.79,0.13,N,10,1,0,0.07670071177931136,Low Risk
27,22000,MORTGAGE,11.0,EDUCATION,A,2500,7.49,0.11,N,6,0,0,0.08501157853095571,Low Risk
46,27600,RENT,1.0,MEDICAL,B,5050,10.99,0.18,N,11,0,0,0.17562941987714184,Low Risk
29,71400,MORTGAGE,1.0,MEDICAL,A,8000,8.49,0.1,N,10,1,0,0.04221996003737901,Low Risk
26,42000,RENT,1.0,VENTURE,D,1500,14.61,0.04,Y,3,1,1,0.6223262330690656,High Risk
25,57200,MORTGAGE,1.0,EDUCATION,A,2400,7.49,0.04,N,2,0,0,0.04685014958726854,Low Risk
40,75000,MORTGAGE,1.0,VENTURE,A,10000,6.62,0.13,N,17,0,0,0.01580466476909942,Low Risk
24,80000,RENT,5.0,VENTURE,B,12000,9.91,0.15,N,2,0,0,0.017252277435701305,Low Risk
24,120000,MORTGAGE,8.0,PERSONAL,C,20000,12.99,0.17,Y,2,0,0,0.05724461950864246,Low Risk
24,19200,RENT,0.0,EDUCATION,B,6000,10.59,0.31,N,3,1,1,0.9932804609105611,High Risk
33,103000,MORTGAGE,5.0,EDUCATION,A,24000,7.49,0.23,N,10,0,0,0.028919907314915096,Low Risk
32,32000,RENT,1.0,DEBTCONSOLIDATION,E,2600,10.99,0.08,Y,9,1,1,0.8586907162657154,High Risk
23,74196,MORTGAGE,5.0,VENTURE,B,17000,11.26,0.23,N,4,0,0,0.03569871576203708,Low Risk
23,55000,RENT,0.0,VENTURE,C,12300,10.99,0.22,N,4,0,0,0.10682980353874613,Low Risk
23,28872,OWN,7.0,VENTURE,B,2000,10.37,0.07,N,3,0,0,0.008904815790451683,Low Risk
33,42996,RENT,2.0,VENTURE,A,8200,7.88,0.19,N,9,0,0,0.028500726480868297,Low Risk
40,32878,RENT,6.0,HOMEIMPROVEMENT,C,13775,12.98,0.42,N,11,1,1,0.9948651474877308,High Risk
22,40000,RENT,2.0,DEBTCONSOLIDATION,C,5025,13.43,0.13,N,2,0,0,0.10083545332651458,Low Risk
29,54000,RENT,0.0,PERSONAL,D,10000,14.96,0.19,N,9,1,1,0.7149980896539802,High Risk
28,30000,MORTGAGE,5.0,VENTURE,A,15000,10.99,0.5,N,9,0,0,0.1446032004750794,Low Risk
29,28800,RENT,4.0,DEBTCONSOLIDATION,A,10750,7.51,0.37,N,10,1,1,0.9580388470031636,High Risk
31,72000,RENT,6.0,DEBTCONSOLIDATION,B,21000,11.99,0.29,N,6,1,0,0.1329955573103597,Low Risk
36,24000,RENT,3.0,MEDICAL,A,6500,7.29,0.27,N,13,0,0,0.12353426035290731,Low Risk
44,26400,RENT,0.0,EDUCATION,B,5000,10.0,0.19,N,11,0,0,0.14407903345878129,Low Risk
28,30000,RENT,7.0,VENTURE,B,10000,10.38,0.33,N,5,1,1,0.9425459448876653,High Risk
37,53532,MORTGAGE,12.0,DEBTCONSOLIDATION,A,4000,5.42,0.07,N,11,0,0,0.048167965273700784,Low Risk
21,40116,RENT,2.0,VENTURE,A,6500,5.79,0.16,N,3,0,0,0.025188259868537725,Low Risk
22,38400,MORTGAGE,4.0,PERSONAL,B,5000,11.49,0.13,N,3,0,0,0.0919343412333124,Low Risk
26,85000,RENT,1.0,EDUCATION,A,2500,8.59,0.03,N,2,0,0,0.03424543881388485,Low Risk
32,75250,RENT,1.0,DEBTCONSOLIDATION,C,4000,12.99,0.05,N,7,0,0,0.0981287566270817,Low Risk
30,61000,RENT,4.0,EDUCATION,A,12000,6.92,0.2,N,9,0,0,0.039581004721039814,Low Risk
21,110000,RENT,0.0,EDUCATION,C,3500,13.99,0.03,Y,3,0,0,0.07202474972045726,Low Risk
24,25800,RENT,0.0,MEDICAL,A,6000,7.14,0.23,N,4,0,0,0.10069860636170921,Low Risk
35,105000,RENT,11.0,VENTURE,C,7250,10.99,0.07,Y,5,0,0,0.049364737076831894,Low Risk
44,17112,RENT,4.0,DEBTCONSOLIDATION,A,1200,7.66,0.07,N,14,0,0,0.20210979367533471,Low Risk
24,44000,RENT,5.0,PERSONAL,C,2800,14.17,0.06,N,2,1,0,0.14152307779886245,Low Risk
29,40000,MORTGAGE,3.0,MEDICAL,A,6600,8.0,0.17,N,10,0,0,0.05120092371406585,Low Risk
31,294000,MORTGAGE,7.0,VENTURE,A,12000,8.94,0.04,N,6,0,0,0.009990936541544147,Low Risk
33,24000,RENT,10.0,DEBTCONSOLIDATION,B,5000,10.65,0.21,N,7,0,0,0.14376672142254604,Low Risk
24,24000,RENT,3.0,DEBTCONSOLIDATION,B,10000,10.38,0.42,N,4,1,1,0.9645479663566158,High Risk
37,117000,RENT,10.0,EDUCATION,A,10000,7.66,0.09,N,11,0,0,0.026615374407433435,Low Risk
26,30000,RENT,5.0,PERSONAL,C,8000,12.99,0.27,N,2,0,0,0.20982143187665736,Low Risk
23,69996,OWN,2.0,EDUCATION,B,10000,10.99,0.14,N,4,0,0,0.01307195182860384,Low Risk
24,72984,MORTGAGE,3.0,PERSONAL,A,12000,10.99,0.16,N,4,0,0,0.044806593065082216,Low Risk
32,50000,RENT,3.0,VENTURE,D,6500,16.32,0.13,Y,10,0,0,0.35773651016025876,Medium Risk
22,60000,RENT,6.0,MEDICAL,A,8000,7.88,0.13,N,2,0,0,0.03494427144579835,Low Risk
44,63000,RENT,4.0,MEDICAL,A,5500,7.51,0.09,N,13,0,0,0.044721812927822784,Low Risk
24,72000,RENT,8.0,PERSONAL,C,3200,13.92,0.04,N,3,0,0,0.07939232616575569,Low Risk
24,140004,MORTGAGE,4.0,EDUCATION,E,4000,16.45,0.03,N,3,0,0,0.2218771797026504,Low Risk
34,160000,MORTGAGE,14.0,DEBTCONSOLIDATION,C,25000,13.49,0.16,N,5,0,0,0.09415548372468492,Low Risk
24,43400,RENT,2.0,DEBTCONSOLIDATION,E,18000,16.63,0.41,Y,2,1,1,0.9975168929523571,High Risk
25,74000,RENT,3.0,VENTURE,F,10000,18.43,0.14,Y,3,1,0,0.30325634595726464,Medium Risk
24,73000,RENT,0.0,HOMEIMPROVEMENT,A,18500,7.9,0.25,N,2,1,0,0.05636808245363239,Low Risk
27,142000,RENT,2.0,MEDICAL,C,5000,13.16,0.04,Y,9,0,0,0.0773608881616082,Low Risk
35,25000,RENT,0.0,VENTURE,D,3000,15.33,0.12,N,8,1,1,0.6542221680310083,High Risk
32,75000,RENT,3.0,HOMEIMPROVEMENT,A,10000,7.29,0.13,N,10,0,0,0.04997693232977693,Low Risk
30,41000,MORTGAGE,14.0,HOMEIMPROVEMENT,B,18000,9.01,0.44,N,7,0,0,0.18708674783696927,Low Risk
35,30000,MORTGAGE,3.0,HOMEIMPROVEMENT,C,10000,13.43,0.33,N,7,1,1,0.5193774745672891,Medium Risk
29,58800,MORTGAGE,4.0,VENTURE,B,11400,10.99,0.19,N,9,0,0,0.07602671154756525,Low Risk
26,39500,MORTGAGE,6.0,MEDICAL,D,15250,15.05,0.39,N,4,1,1,0.6811465811474552,High Risk
24,110004,RENT,5.0,MEDICAL,A,14000,7.88,0.13,N,2,0,0,0.032072449538090374,Low Risk
23,54996,RENT,4.0,EDUCATION,B,16700,10.37,0.3,N,3,0,0,0.08958748744163222,Low Risk
40,100300,MORTGAGE,2.0,MEDICAL,D,25000,14.83,0.21,N,16,1,1,0.8238640466964491,High Risk
23,33996,RENT,0.0,PERSONAL,D,5000,14.84,0.15,Y,2,1,1,0.8265541484316266,High Risk
38,90000,MORTGAGE,5.0,EDUCATION,A,25000,10.99,0.28,N,17,0,0,0.03761975561228532,Low Risk
25,45000,MORTGAGE,9.0,HOMEIMPROVEMENT,A,6800,6.03,0.15,N,2,0,0,0.0710837062735364,Low Risk
27,49000,RENT,3.0,PERSONAL,D,3000,14.96,0.06,Y,8,0,1,0.5358878360261552,Medium Risk
25,21500,RENT,2.0,MEDICAL,C,7500,11.34,0.35,N,2,1,1,0.972507010831246,High Risk
34,135000,MORTGAGE,7.0,EDUCATION,C,15000,13.47,0.11,Y,7,0,0,0.04706761635359795,Low Risk
32,27840,RENT,3.0,PERSONAL,E,6000,10.99,0.22,Y,5,0,0,0.3528843482689101,Medium Risk
38,47000,RENT,4.0,PERSONAL,C,7000,13.35,0.15,Y,13,0,0,0.09546461714859801,Low Risk
29,62000,MORTGAGE,4.0,PERSONAL,D,3000,14.84,0.05,N,7,0,0,0.41613993746292116,Medium Risk
41,95000,MORTGAGE,5.0,PERSONAL,B,25000,10.99,0.26,N,12,0,0,0.05762942193478452,Low Risk
47,156000,MORTGAGE,5.0,EDUCATION,B,18000,11.99,0.12,N,17,0,0,0.04203979375165666,Low Risk
28,78000,MORTGAGE,0.0,HOMEIMPROVEMENT,A,19700,7.9,0.25,N,9,0,0,0.06294734632097357,Low Risk
31,90000,MORTGAGE,5.0,VENTURE,A,17000,10.99,0.19,N,10,0,0,0.012704882071729762,Low Risk
36,74000,MORTGAGE,9.0,EDUCATION,B,1500,10.62,0.02,N,16,0,0,0.05618998047511371,Low Risk
25,130000,MORTGAGE,2.0,VENTURE,D,19400,16.0,0.15,Y,4,0,0,0.32538026123101826,Medium Risk
24,56500,RENT,1.0,HOMEIMPROVEMENT,B,10000,10.99,0.18,N,4,0,0,0.1381239153963337,Low Risk
39,61000,MORTGAGE,3.0,VENTURE,D,14000,16.29,0.23,Y,17,0,0,0.2435170153110329,Low Risk
28,80000,RENT,8.0,VENTURE,D,14000,14.91,0.17,N,5,0,0,0.16258979219734962,Low Risk
35,60000,RENT,18.0,HOMEIMPROVEMENT,C,15000,13.43,0.25,N,5,0,0,0.0821065607167346,Low Risk
29,92200,RENT,7.0,VENTURE,D,25000,14.96,0.27,N,5,0,0,0.2753919540528733,Low Risk
28,30100,RENT,0.0,PERSONAL,C,7800,14.35,0.26,N,10,0,0,0.2922482898049997,Low Risk
29,97000,OWN,3.0,VENTURE,B,12000,11.83,0.12,N,5,0,0,0.005283297238609546,Low Risk
24,150000,RENT,8.0,PERSONAL,B,5000,10.99,0.03,N,2,0,0,0.047203673375323524,Low Risk
22,77000,MORTGAGE,5.0,EDUCATION,B,21000,11.48,0.27,N,3,0,0,0.07169905676355305,Low Risk
30,42000,RENT,2.0,MEDICAL,B,5000,10.99,0.12,N,7,0,0,0.11186546246364225,Low Risk
23,200000,MORTGAGE,4.0,EDUCATION,B,6000,11.86,0.03,N,3,0,0,0.041120816560993464,Low Risk
38,18720,OWN,22.0,VENTURE,B,2500,11.86,0.13,N,16,0,0,0.11436984195163481,Low Risk
47,165000,MORTGAGE,2.0,HOMEIMPROVEMENT,D,19800,15.65,0.12,N,16,0,0,0.4504606627712117,Medium Risk
22,51000,MORTGAGE,6.0,PERSONAL,B,7000,11.12,0.14,N,3,0,0,0.08524543699298875,Low Risk
25,50000,MORTGAGE,9.0,DEBTCONSOLIDATION,A,18000,7.88,0.36,N,4,0,0,0.11403293403257654,Low Risk
24,44000,RENT,0.0,PERSONAL,A,2000,8.0,0.05,N,4,1,0,0.08831859220361397,Low Risk
25,61000,MORTGAGE,4.0,EDUCATION,A,7000,5.79,0.11,N,4,0,0,0.03657469488369395,Low Risk
21,53851,MORTGAGE,2.0,DEBTCONSOLIDATION,B,12000,10.0,0.22,N,2,0,0,0.08361528399258497,Low Risk
23,87000,MORTGAGE,7.0,MEDICAL,A,17000,7.51,0.2,N,3,0,0,0.03597007015179141,Low Risk
31,31000,RENT,5.0,PERSONAL,A,7500,7.49,0.24,N,9,0,0,0.1129726109645232,Low Risk
27,36200,RENT,2.0,DEBTCONSOLIDATION,B,3600,10.99,0.1,N,10,0,0,0.10771745975307194,Low Risk
32,81000,MORTGAGE,1.0,PERSONAL,B,10000,10.37,0.12,N,10,0,0,0.04683362458633106,Low Risk
29,180000,MORTGAGE,9.0,PERSONAL,A,15000,5.79,0.08,N,6,0,0,0.024773380079777342,Low Risk
27,48000,RENT,5.0,MEDICAL,B,9000,10.99,0.19,N,10,0,0,0.10530056008895301,Low Risk
34,95000,RENT,7.0,MEDICAL,B,10000,9.99,0.11,N,6,0,0,0.05186846475682709,Low Risk
24,42500,MORTGAGE,5.0,PERSONAL,A,4800,7.51,0.11,N,2,0,0,0.04849158486798027,Low Risk
22,60612,MORTGAGE,6.0,PERSONAL,B,5300,10.99,0.09,N,4,0,0,0.07299398635767522,Low Risk
26,17280,RENT,0.0,HOMEIMPROVEMENT,C,3000,10.99,0.17,N,4,1,1,0.9806321556884563,High Risk
23,28685,RENT,3.0,DEBTCONSOLIDATION,C,7000,12.73,0.24,N,2,0,0,0.1688173807688004,Low Risk
22,52000,MORTGAGE,2.0,MEDICAL,B,18000,9.88,0.35,N,4,0,0,0.17365249900926755,Low Risk
27,78000,OWN,4.0,VENTURE,B,6000,12.18,0.08,N,10,0,0,0.00850313285258911,Low Risk
30,34000,RENT,0.0,PERSONAL,B,4000,10.95,0.12,N,9,0,0,0.1951566511831894,Low Risk
22,110000,RENT,6.0,MEDICAL,A,6400,9.32,0.06,N,4,0,0,0.03368905887891832,Low Risk
24,130000,MORTGAGE,8.0,PERSONAL,C,13000,13.61,0.1,N,4,0,0,0.04804349592591049,Low Risk
22,52000,RENT,6.0,EDUCATION,B,12000,11.99,0.23,N,3,0,0,0.0822098338955465,Low Risk
22,39696,MORTGAGE,4.0,EDUCATION,B,14125,12.42,0.36,N,4,1,0,0.11852331248981776,Low Risk
24,62400,RENT,4.0,DEBTCONSOLIDATION,D,20000,14.84,0.32,N,4,1,1,0.9916252175428595,High Risk
30,45000,RENT,14.0,PERSONAL,A,1900,5.79,0.04,N,7,0,0,0.05199075155457315,Low Risk
25,36000,RENT,9.0,DEBTCONSOLIDATION,C,6000,14.72,0.17,N,2,0,0,0.2048583638563018,Low Risk
23,50000,RENT,0.0,EDUCATION,A,3000,6.91,0.06,N,2,0,0,0.04734927666126318,Low Risk
26,50004,RENT,3.0,VENTURE,C,15000,13.72,0.3,Y,4,0,0,0.12870445731044575,Low Risk
46,102000,RENT,0.0,PERSONAL,C,15000,13.22,0.15,Y,17,0,0,0.058757553687830436,Low Risk
31,80000,MORTGAGE,0.0,MEDICAL,B,15000,10.95,0.19,N,8,0,0,0.06286129415746254,Low Risk
27,101000,RENT,2.0,DEBTCONSOLIDATION,B,11200,10.99,0.11,N,6,0,0,0.06964863849640432,Low Risk
21,51800,MORTGAGE,1.0,VENTURE,B,5000,9.99,0.1,N,3,0,0,0.03746671225636939,Low Risk
29,47133,RENT,5.0,MEDICAL,B,5100,11.86,0.11,N,7,0,0,0.10589701624248973,Low Risk
33,56000,RENT,1.0,EDUCATION,A,6500,6.76,0.12,N,6,0,0,0.04563097232235952,Low Risk
22,33996,RENT,1.0,EDUCATION,D,14900,15.37,0.44,Y,2,1,1,0.9871630337214424,High Risk
23,24000,RENT,3.0,EDUCATION,C,2200,15.23,0.09,Y,4,0,0,0.19561913315284468,Low Risk
22,32000,RENT,3.0,DEBTCONSOLIDATION,A,5600,7.9,0.17,N,3,0,0,0.11922960752122155,Low Risk
27,129996,MORTGAGE,2.0,VENTURE,D,12800,14.84,0.1,Y,7,1,0,0.29757308889445455,Low Risk
36,155000,MORTGAGE,9.0,DEBTCONSOLIDATION,A,30000,7.9,0.19,N,17,0,0,0.043136296345531476,Low Risk
21,15996,RENT,3.0,MEDICAL,D,4800,15.37,0.3,Y,3,1,1,0.9517724864761516,High Risk
29,35000,RENT,1.0,PERSONAL,A,10625,7.9,0.3,N,6,0,0,0.0757303553639205,Low Risk
22,65000,RENT,3.0,MEDICAL,A,14000,7.49,0.22,N,2,0,0,0.041884732352142066,Low Risk
22,93218,MORTGAGE,5.0,MEDICAL,B,12000,11.49,0.13,N,3,0,0,0.05783236971124462,Low Risk
37,68000,OWN,20.0,VENTURE,A,7000,7.29,0.1,N,11,0,0,0.004782988198300777,Low Risk
23,60000,MORTGAGE,0.0,EDUCATION,B,10000,11.26,0.17,N,3,0,0,0.055365907396002334,Low Risk
23,68000,MORTGAGE,5.0,MEDICAL,B,11500,9.99,0.17,N,2,0,0,0.07014394427909,Low Risk
21,26500,MORTGAGE,3.0,MEDICAL,D,6000,14.46,0.23,Y,4,1,1,0.7165700439401839,High Risk
30,106000,MORTGAGE,11.0,VENTURE,F,10000,10.99,0.09,N,9,0,0,0.08577099450096355,Low Risk
24,48000,OWN,5.0,VENTURE,A,10400,7.37,0.22,N,3,0,0,0.004874993727729159,Low Risk
23,24000,OWN,5.0,VENTURE,A,12000,10.99,0.5,N,4,0,0,0.026093841376233037,Low Risk
22,33600,OWN,4.0,PERSONAL,C,12000,13.06,0.36,Y,4,0,0,0.043736288028026364,Low Risk
27,51000,OWN,11.0,PERSONAL,A,12000,7.49,0.24,N,7,0,0,0.012075836178089607,Low Risk
22,39300,MORTGAGE,5.0,EDUCATION,D,5325,14.59,0.14,Y,3,0,1,0.5144815515364757,Medium Risk
22,31500,MORTGAGE,3.0,VENTURE,B,4500,9.88,0.14,N,2,0,0,0.05562298073464535,Low Risk
26,42000,RENT,0.0,VENTURE,B,6000,11.12,0.14,N,4,0,0,0.06363875217500316,Low Risk
34,36000,RENT,2.0,DEBTCONSOLIDATION,A,9500,8.59,0.26,N,8,0,0,0.08042979498637473,Low Risk
28,75000,OTHER,4.0,VENTURE,D,7200,15.05,0.1,Y,6,0,0,0.22932891801933708,Low Risk
22,31000,RENT,0.0,DEBTCONSOLIDATION,B,12000,10.25,0.39,N,4,1,1,0.9665767599225422,High Risk
26,47000,MORTGAGE,0.0,PERSONAL,A,3000,5.79,0.06,N,2,0,0,0.0459416667473282,Low Risk
22,33600,RENT,3.0,EDUCATION,B,10000,10.25,0.3,N,3,0,0,0.17052992134651934,Low Risk
25,145000,MORTGAGE,3.0,PERSONAL,B,7500,10.08,0.05,N,2,0,0,0.03905771776199442,Low Risk
40,43000,MORTGAGE,18.0,MEDICAL,C,2500,12.84,0.06,N,14,0,0,0.11902410584549598,Low Risk
29,70000,MORTGAGE,3.0,DEBTCONSOLIDATION,B,20000,10.99,0.29,N,8,0,0,0.10922786476263872,Low Risk
35,45000,RENT,3.0,DEBTCONSOLIDATION,C,15000,10.99,0.33,N,8,1,1,0.9767951108017894,High Risk
39,78200,RENT,18.0,MEDICAL,D,24250,16.0,0.26,Y,13,1,1,0.7991950949219518,High Risk
30,42886,RENT,3.0,PERSONAL,B,12000,10.59,0.28,N,10,0,0,0.0898289699569163,Low Risk
25,135000,RENT,8.0,PERSONAL,B,24000,10.99,0.18,N,2,0,0,0.06289221748737564,Low Risk
26,88000,RENT,10.0,VENTURE,B,10000,12.69,0.11,N,2,0,0,0.03419569057207792,Low Risk
34,220000,MORTGAGE,13.0,DEBTCONSOLIDATION,C,11275,12.99,0.05,Y,8,0,0,0.08157684050018903,Low Risk
36,48450,RENT,2.0,DEBTCONSOLIDATION,C,10000,13.61,0.21,N,15,0,0,0.11218476084144047,Low Risk
34,64000,MORTGAGE,2.0,EDUCATION,A,9000,6.92,0.14,N,6,0,0,0.03587972975580539,Low Risk
24,100000,MORTGAGE,8.0,HOMEIMPROVEMENT,A,12000,6.92,0.12,N,2,0,0,0.028312381746404918,Low Risk
38,90000,MORTGAGE,14.0,VENTURE,B,21000,10.59,0.23,N,11,0,0,0.017644034002847555,Low Risk
34,36000,RENT,1.0,MEDICAL,C,4000,13.61,0.11,N,10,0,0,0.1287697803533452,Low Risk
27,120000,MORTGAGE,0.0,PERSONAL,A,7000,7.49,0.06,N,9,0,0,0.024773380079777342,Low Risk
28,10800,RENT,0.0,DEBTCONSOLIDATION,B,4200,11.83,0.39,N,5,1,1,0.992593740788533,High Risk
24,73399,RENT,0.0,VENTURE,D,27000,10.99,0.37,N,3,1,1,0.9814696424254903,High Risk
37,45000,RENT,1.0,PERSONAL,B,9000,11.71,0.2,N,12,1,0,0.09353783017615708,Low Risk
22,55000,RENT,6.0,VENTURE,C,10000,15.27,0.18,N,3,0,0,0.15309672232236593,Low Risk
26,36000,RENT,1.0,VENTURE,A,7000,8.94,0.19,N,3,0,0,0.032875659664638214,Low Risk
28,51000,OWN,2.0,MEDICAL,E,20400,17.74,0.4,Y,6,1,1,0.7039511505480808,High Risk
23,74000,RENT,3.0,MEDICAL,B,25000,10.36,0.34,N,2,1,1,0.971217155315805,High Risk
23,34800,RENT,6.0,EDUCATION,A,6600,7.49,0.19,N,3,0,0,0.11906922653670131,Low Risk
24,90000,MORTGAGE,4.0,HOMEIMPROVEMENT,A,5000,8.0,0.06,N,4,0,0,0.029823186189546515,Low Risk
32,62000,MORTGAGE,3.0,EDUCATION,B,20000,11.36,0.32,N,9,0,0,0.13009414000593247,Low Risk
31,68000,RENT,0.0,MEDICAL,B,12000,10.99,0.18,N,6,0,0,0.08935149657034014,Low Risk
22,38000,MORTGAGE,4.0,EDUCATION,A,1950,7.37,0.05,N,4,0,0,0.053413838783826405,Low Risk
37,88824,MORTGAGE,8.0,VENTURE,A,3600,6.62,0.04,N,17,0,0,0.011224615203180034,Low Risk
22,48156,MORTGAGE,6.0,DEBTCONSOLIDATION,A,3000,10.99,0.06,N,2,0,0,0.066151172776429,Low Risk
29,36000,RENT,0.0,VENTURE,A,8000,10.99,0.22,N,7,0,0,0.04714546617413427,Low Risk
21,12360,RENT,4.0,VENTURE,B,5000,10.75,0.4,N,4,1,1,0.9911469894900008,High Risk
27,120000,MORTGAGE,4.0,HOMEIMPROVEMENT,D,25000,16.07,0.21,Y,10,0,0,0.3237139743294418,Medium Risk
27,35000,RENT,1.0,MEDICAL,B,8000,12.21,0.23,N,6,0,0,0.11019052041414185,Low Risk
34,10380,RENT,4.0,VENTURE,C,4250,12.68,0.41,Y,5,1,1,0.9928274523500413,High Risk
21,45996,MORTGAGE,2.0,EDUCATION,C,17000,13.16,0.37,Y,4,1,0,0.1657934067295406,Low Risk
24,42000,RENT,9.0,DEBTCONSOLIDATION,E,3000,10.99,0.07,Y,3,1,1,0.5722811186939349,Medium Risk
27,29000,RENT,2.0,PERSONAL,B,10000,12.69,0.34,N,10,1,1,0.9724471486795789,High Risk
22,28800,RENT,6.0,MEDICAL,B,8000,11.49,0.28,N,2,0,0,0.18982941131419379,Low Risk
23,78000,RENT,6.0,VENTURE,C,14400,14.27,0.18,Y,4,0,0,0.12000871909233306,Low Risk
22,50400,MORTGAGE,6.0,EDUCATION,D,12000,14.09,0.24,N,2,0,0,0.3392329679640661,Medium Risk
23,73500,RENT,3.0,PERSONAL,B,15000,11.89,0.2,N,3,0,0,0.07515858352176842,Low Risk
26,55000,MORTGAGE,1.0,EDUCATION,B,10000,10.0,0.18,N,2,0,0,0.07193998574292035,Low Risk
36,28000,MORTGAGE,1.0,VENTURE,D,3075,15.62,0.11,Y,12,1,1,0.5823321994023716,Medium Risk
27,19200,MORTGAGE,3.0,VENTURE,D,1400,16.77,0.07,N,6,0,0,0.3639692603208923,Medium Risk
27,43200,RENT,4.0,MEDICAL,B,4200,10.74,0.1,N,6,0,0,0.08835548566311195,Low Risk
27,51000,RENT,9.0,PERSONAL,B,1600,10.59,0.03,N,8,0,0,0.07646919878449569,Low Risk
35,41000,RENT,2.0,EDUCATION,C,7000,13.49,0.17,Y,7,0,0,0.10098253148747209,Low Risk
34,42000,RENT,5.0,DEBTCONSOLIDATION,A,5500,7.66,0.13,N,7,0,0,0.05589275111805869,Low Risk
22,27600,RENT,3.0,MEDICAL,A,4000,5.42,0.14,N,4,0,0,0.09080525315634527,Low Risk
28,84800,RENT,4.0,DEBTCONSOLIDATION,B,9000,10.99,0.11,N,7,0,0,0.07934494739080447,Low Risk
23,46500,MORTGAGE,1.0,MEDICAL,A,5000,7.49,0.11,N,3,1,0,0.050390189060047004,Low Risk
25,54000,MORTGAGE,7.0,EDUCATION,B,5500,10.59,0.1,N,4,0,0,0.06788306264316554,Low Risk
26,67983,MORTGAGE,7.0,MEDICAL,D,15000,16.49,0.19,Y,3,1,1,0.6887387586725062,High Risk
25,30000,OWN,3.0,HOMEIMPROVEMENT,B,11500,11.36,0.38,N,4,0,0,0.07729837674509739,Low Risk
50,150000,RENT,3.0,DEBTCONSOLIDATION,A,14000,6.91,0.09,N,12,0,0,0.03436106617590926,Low Risk
29,50004,MORTGAGE,1.0,MEDICAL,C,1500,13.11,0.03,N,8,0,0,0.12562845078046198,Low Risk
28,80748,MORTGAGE,5.0,MEDICAL,A,5000,7.51,0.06,N,9,0,0,0.0332509772178046,Low Risk
24,45600,RENT,2.0,VENTURE,C,18250,13.35,0.4,N,4,1,1,0.9765834795653114,High Risk
27,44200,MORTGAGE,11.0,MEDICAL,C,11500,15.27,0.26,Y,10,0,0,0.22051441315556083,Low Risk
28,46551,MORTGAGE,12.0,VENTURE,A,5000,10.99,0.11,N,7,0,0,0.026189826749760486,Low Risk
34,63500,MORTGAGE,18.0,HOMEIMPROVEMENT,A,5125,8.49,0.08,N,5,0,0,0.05792851301062548,Low Risk
26,46999,RENT,2.0,VENTURE,B,10000,10.99,0.21,N,3,0,0,0.06363875217500316,Low Risk
24,10000,RENT,8.0,PERSONAL,A,3000,7.9,0.3,N,3,1,1,0.959475646091254,High Risk
26,8400,RENT,4.0,EDUCATION,A,3500,7.29,0.42,N,3,1,1,0.9964643655949055,High Risk
24,35004,MORTGAGE,5.0,EDUCATION,A,7000,5.42,0.2,N,3,0,0,0.048351638779462594,Low Risk
22,59000,RENT,6.0,PERSONAL,B,12000,10.37,0.2,N,3,0,0,0.12877211830953336,Low Risk
25,47000,RENT,0.0,MEDICAL,B,5000,12.42,0.11,N,4,0,0,0.11186546246364225,Low Risk
22,18000,OWN,3.0,PERSONAL,A,3000,7.9,0.17,N,4,1,1,0.932690771203535,High Risk
22,45000,MORTGAGE,6.0,EDUCATION,A,5000,8.0,0.11,N,3,0,0,0.044313563945284504,Low Risk
46,48000,MORTGAGE,0.0,PERSONAL,A,9600,10.99,0.2,N,17,0,0,0.05641235442546775,Low Risk
25,45000,MORTGAGE,5.0,PERSONAL,B,3800,10.65,0.08,N,2,0,0,0.07127057187392208,Low Risk
25,58650,RENT,5.0,MEDICAL,D,7500,15.37,0.11,N,4,1,1,0.8965894081675075,High Risk
22,44000,RENT,3.0,HOMEIMPROVEMENT,C,3600,13.43,0.08,Y,2,1,0,0.3666107224285592,Medium Risk
22,73700,RENT,3.0,EDUCATION,F,8800,18.21,0.12,Y,3,0,1,0.5809141229174193,Medium Risk
27,34000,MORTGAGE,12.0,VENTURE,C,10625,13.47,0.31,Y,10,0,0,0.3586587005074198,Medium Risk
26,60000,MORTGAGE,10.0,MEDICAL,A,5000,6.92,0.08,N,4,0,0,0.03287829174666825,Low Risk
26,34000,RENT,5.0,VENTURE,A,7500,7.9,0.22,N,4,0,0,0.07132907868950954,Low Risk
30,120000,MORTGAGE,15.0,EDUCATION,A,11000,6.03,0.09,N,5,0,0,0.024119919762554464,Low Risk
29,96000,MORTGAGE,4.0,DEBTCONSOLIDATION,C,15000,10.99,0.16,N,6,0,0,0.07519012871238728,Low Risk
32,51000,RENT,1.0,PERSONAL,C,9000,12.99,0.18,Y,5,0,0,0.10626883289112518,Low Risk
32,39000,RENT,5.0,MEDICAL,D,5000,14.09,0.13,N,10,1,1,0.761767612027545,High Risk
30,54000,RENT,4.0,DEBTCONSOLIDATION,D,20000,14.84,0.37,Y,9,1,1,0.992675626111067,High Risk
24,40000,RENT,8.0,MEDICAL,C,4500,12.84,0.11,N,3,0,0,0.10654455799955746,Low Risk
32,113000,RENT,5.0,HOMEIMPROVEMENT,D,12000,16.29,0.11,N,5,1,0,0.3396991542978429,Medium Risk
21,50000,RENT,4.0,EDUCATION,B,7300,11.71,0.15,N,3,0,0,0.0822098338955465,Low Risk
39,156000,MORTGAGE,2.0,DEBTCONSOLIDATION,B,15000,11.89,0.1,N,11,0,0,0.06840914228122097,Low Risk
36,72000,MORTGAGE,8.0,MEDICAL,A,3500,6.99,0.05,N,13,0,0,0.03918087876871502,Low Risk
24,75000,MORTGAGE,3.0,VENTURE,F,25000,19.74,0.33,N,4,0,0,0.38702185399158756,Medium Risk
26,53000,MORTGAGE,3.0,HOMEIMPROVEMENT,A,2800,6.03,0.05,N,4,0,0,0.0812543532094675,Low Risk
25,36000,RENT,0.0,VENTURE,D,14500,14.54,0.4,Y,2,1,1,0.9852309316971319,High Risk
21,69000,RENT,3.0,MEDICAL,A,15000,8.49,0.22,N,2,0,0,0.04744223044453161,Low Risk
26,42000,RENT,3.0,DEBTCONSOLIDATION,A,4500,7.66,0.11,N,2,0,0,0.057292589564212286,Low Risk
34,80300,MORTGAGE,3.0,PERSONAL,C,15000,12.73,0.19,Y,9,0,0,0.05897693883363447,Low Risk
22,128474,MORTGAGE,6.0,DEBTCONSOLIDATION,A,30000,7.29,0.23,N,2,0,0,0.04207703568401779,Low Risk
43,11340,RENT,4.0,EDUCATION,C,1950,10.99,0.17,N,11,1,1,0.8922201319586339,High Risk
33,57700,RENT,17.0,HOMEIMPROVEMENT,C,4000,10.99,0.07,Y,7,1,0,0.1468605459617971,Low Risk
23,28800,RENT,2.0,VENTURE,C,5000,13.11,0.17,N,3,0,0,0.18472739705888977,Low Risk
36,40500,MORTGAGE,5.0,VENTURE,A,7475,5.42,0.18,N,13,0,0,0.01812060090800679,Low Risk
25,170000,MORTGAGE,0.0,EDUCATION,A,3850,6.17,0.02,N,4,0,0,0.024269015852087867,Low Risk
25,27096,RENT,7.0,DEBTCONSOLIDATION,A,5000,7.9,0.18,N,2,1,0,0.11228202153490771,Low Risk
24,72000,RENT,5.0,MEDICAL,B,20000,11.83,0.28,N,2,0,0,0.1190222019107691,Low Risk
23,9000,OWN,4.0,HOMEIMPROVEMENT,C,2000,13.35,0.22,N,2,1,1,0.9612492754068757,High Risk
32,50000,RENT,6.0,DEBTCONSOLIDATION,B,10000,9.25,0.2,N,8,0,0,0.08374374713209276,Low Risk
25,154000,MORTGAGE,2.0,HOMEIMPROVEMENT,C,9200,12.61,0.06,Y,4,0,0,0.06109795939999182,Low Risk
23,75000,RENT,2.0,PERSONAL,A,3000,10.99,0.04,N,2,0,0,0.04824247552257055,Low Risk
26,36000,RENT,2.0,PERSONAL,A,15000,7.66,0.42,N,3,1,1,0.9653433540456478,High Risk
24,50500,RENT,7.0,HOMEIMPROVEMENT,A,9600,10.99,0.19,N,2,0,0,0.09276156714964469,Low Risk
41,42000,RENT,1.0,VENTURE,B,3200,12.18,0.08,N,16,0,0,0.06401610736593971,Low Risk
29,29496,RENT,5.0,VENTURE,A,6000,5.79,0.2,N,8,0,0,0.04948266749753556,Low Risk
24,54000,MORTGAGE,9.0,MEDICAL,A,10000,9.63,0.19,N,2,1,0,0.05323738129961423,Low Risk
30,30000,OWN,4.0,PERSONAL,D,8000,15.7,0.27,Y,10,0,0,0.08357522313482643,Low Risk
24,60629,RENT,7.0,HOMEIMPROVEMENT,A,10000,7.51,0.16,N,2,0,0,0.05703383230000953,Low Risk
31,42000,RENT,6.0,EDUCATION,D,1200,16.29,0.03,Y,5,0,0,0.4464795637572708,Medium Risk
31,54000,RENT,3.0,HOMEIMPROVEMENT,D,9000,12.49,0.17,N,7,1,0,0.4269119301277014,Medium Risk
25,121000,MORTGAGE,6.0,VENTURE,B,13000,10.99,0.11,N,2,0,0,0.021559899576924717,Low Risk
30,75000,MORTGAGE,11.0,MEDICAL,A,15000,7.88,0.2,N,9,0,0,0.04188989043035341,Low Risk
24,62000,MORTGAGE,6.0,HOMEIMPROVEMENT,B,10000,10.74,0.16,N,2,0,0,0.08263563612333552,Low Risk
33,44000,RENT,10.0,HOMEIMPROVEMENT,B,13000,9.91,0.3,N,6,1,0,0.14056436907503544,Low Risk
25,61200,MORTGAGE,1.0,PERSONAL,A,5650,7.66,0.09,N,2,0,0,0.03783475328958652,Low Risk
28,50000,RENT,4.0,DEBTCONSOLIDATION,B,7200,10.99,0.14,N,7,0,0,0.10681505416198901,Low Risk
23,22000,MORTGAGE,5.0,DEBTCONSOLIDATION,A,1550,7.49,0.07,N,2,1,0,0.09029916767469572,Low Risk
22,48500,RENT,1.0,VENTURE,B,20000,11.36,0.41,N,2,1,1,0.9670931312357691,High Risk
32,85000,MORTGAGE,1.0,EDUCATION,C,7500,10.78,0.09,Y,10,0,0,0.058765534415034994,Low Risk
23,39996,RENT,0.0,EDUCATION,C,6000,11.66,0.15,N,3,0,0,0.08270303343688311,Low Risk
25,45000,MORTGAGE,4.0,VENTURE,C,10400,14.27,0.23,Y,2,0,0,0.11580719767887776,Low Risk
27,102000,RENT,2.0,HOMEIMPROVEMENT,A,10150,10.99,0.1,N,6,0,0,0.03708867260714237,Low Risk
25,31200,RENT,1.0,DEBTCONSOLIDATION,C,6000,13.8,0.19,N,4,1,0,0.19586762464254137,Low Risk
26,108000,MORTGAGE,4.0,PERSONAL,A,9000,5.79,0.08,N,2,0,0,0.024773380079777342,Low Risk
27,39000,RENT,3.0,DEBTCONSOLIDATION,B,2100,10.99,0.05,N,6,0,0,0.1595250547785746,Low Risk
40,45000,MORTGAGE,5.0,HOMEIMPROVEMENT,A,3600,6.62,0.08,N,13,0,0,0.07385866489380195,Low Risk
21,27996,RENT,5.0,EDUCATION,A,3700,8.0,0.13,N,3,0,0,0.091736494787974,Low Risk
30,75000,RENT,2.0,DEBTCONSOLIDATION,C,6000,12.68,0.08,Y,5,0,0,0.10655352482250915,Low Risk
28,40000,RENT,2.0,PERSONAL,B,7500,11.86,0.19,N,8,0,0,0.0834125959811122,Low Risk
26,45000,RENT,10.0,PERSONAL,D,11000,14.61,0.24,N,2,0,1,0.5128012488728345,Medium Risk
33,30000,OWN,1.0,VENTURE,C,5000,12.68,0.17,Y,10,0,0,0.030537790947268634,Low Risk
24,58668,RENT,8.0,MEDICAL,D,6000,15.05,0.1,Y,4,1,1,0.898522758860994,High Risk
24,40000,OWN,6.0,MEDICAL,D,5000,11.86,0.13,N,4,0,0,0.0790739973323909,Low Risk
27,61000,RENT,1.0,VENTURE,B,12000,12.21,0.2,N,5,0,0,0.054308248721976364,Low Risk
22,35000,RENT,3.0,EDUCATION,A,4800,5.42,0.14,N,3,0,0,0.05145003925425793,Low Risk
30,69600,RENT,0.0,PERSONAL,D,15000,14.59,0.22,N,7,1,1,0.6220179548989362,High Risk
22,39996,MORTGAGE,7.0,MEDICAL,B,6000,12.42,0.15,N,4,0,0,0.09396209728127076,Low Risk
27,63000,MORTGAGE,9.0,DEBTCONSOLIDATION,B,4500,8.88,0.07,N,7,0,0,0.07978022731297214,Low Risk
22,53000,MORTGAGE,6.0,PERSONAL,A,5000,5.42,0.09,N,3,0,0,0.044405943835286975,Low Risk
26,72000,MORTGAGE,10.0,MEDICAL,B,17000,10.65,0.24,N,4,0,0,0.07458147817290017,Low Risk
26,260000,OWN,10.0,HOMEIMPROVEMENT,B,28000,10.99,0.11,N,3,0,0,0.013484989983024491,Low Risk
41,150000,RENT,13.0,PERSONAL,F,20000,19.47,0.13,N,15,0,0,0.42276557150872734,Medium Risk
36,26880,OWN,0.0,VENTURE,A,4500,7.66,0.17,N,14,0,0,0.011093263744655692,Low Risk
23,70550,MORTGAGE,7.0,MEDICAL,A,15000,8.9,0.18,N,4,1,0,0.044976379094056225,Low Risk
29,38004,RENT,2.0,EDUCATION,C,1500,12.53,0.04,N,8,1,0,0.10205837907262026,Low Risk
23,61000,RENT,3.0,DEBTCONSOLIDATION,A,2500,7.49,0.04,N,3,0,0,0.05243581731759273,Low Risk
22,45000,MORTGAGE,3.0,EDUCATION,B,15000,11.36,0.33,N,2,0,0,0.1400725281753684,Low Risk
26,157200,MORTGAGE,1.0,DEBTCONSOLIDATION,B,20000,12.18,0.13,N,3,0,0,0.07698853818655112,Low Risk
23,60000,MORTGAGE,6.0,EDUCATION,C,25600,10.99,0.43,N,4,0,0,0.11892402878618565,Low Risk
25,113000,RENT,7.0,MEDICAL,C,25000,12.73,0.22,Y,4,0,0,0.09417557044964601,Low Risk
42,100000,RENT,3.0,VENTURE,D,10000,13.55,0.1,Y,13,0,0,0.09315730764457776,Low Risk
24,54000,MORTGAGE,2.0,VENTURE,A,8700,7.05,0.16,N,4,0,0,0.02094466201692305,Low Risk
22,47000,RENT,6.0,DEBTCONSOLIDATION,C,19200,12.29,0.41,Y,4,1,1,0.9771573505092013,High Risk
25,55000,RENT,2.0,EDUCATION,C,18000,12.84,0.33,N,2,1,1,0.9728850194497521,High Risk
24,36000,MORTGAGE,8.0,HOMEIMPROVEMENT,A,6000,7.14,0.17,N,4,1,0,0.09088492945032056,Low Risk
32,45000,MORTGAGE,4.0,PERSONAL,B,7200,12.69,0.16,N,9,0,0,0.08524543699298875,Low Risk
28,46858,MORTGAGE,4.0,PERSONAL,B,3600,9.91,0.08,N,10,0,0,0.07127057187392208,Low Risk
31,65000,MORTGAGE,15.0,MEDICAL,B,8000,11.49,0.12,N,5,0,0,0.08440462302702215,Low Risk
22,55000,RENT,7.0,MEDICAL,B,10000,10.37,0.18,N,2,0,0,0.08784812322827121,Low Risk
36,9600,MORTGAGE,1.0,VENTURE,B,3250,11.49,0.34,N,15,1,1,0.8841780100414842,High Risk
27,200000,MORTGAGE,6.0,EDUCATION,A,10000,7.51,0.05,N,10,0,0,0.024303696318815644,Low Risk
24,95000,RENT,4.0,HOMEIMPROVEMENT,D,20000,10.99,0.21,Y,3,0,0,0.23685711592295358,Low Risk
22,69000,MORTGAGE,4.0,EDUCATION,A,1000,7.4,0.01,N,2,0,0,0.03628761482910553,Low Risk
21,34000,MORTGAGE,5.0,PERSONAL,A,7200,6.76,0.21,N,2,1,0,0.13872168230522378,Low Risk
29,23850,RENT,0.0,PERSONAL,B,6075,10.99,0.25,N,5,0,0,0.14932500472568314,Low Risk
25,118443,MORTGAGE,7.0,DEBTCONSOLIDATION,A,4900,10.99,0.04,N,2,0,0,0.04433485305996481,Low Risk
35,64000,MORTGAGE,11.0,DEBTCONSOLIDATION,A,14500,7.66,0.23,N,6,0,0,0.04863536090556895,Low Risk
24,64000,MORTGAGE,8.0,EDUCATION,A,5000,7.88,0.08,N,4,1,0,0.0370745802330442,Low Risk
23,120000,RENT,4.0,MEDICAL,C,23750,13.47,0.2,N,2,0,0,0.09866214134884763,Low Risk
22,169000,RENT,1.0,PERSONAL,B,14000,11.14,0.08,N,3,0,0,0.04974988416666193,Low Risk
31,42000,RENT,3.0,VENTURE,B,8000,12.42,0.19,N,7,0,0,0.04649816908090214,Low Risk
23,35520,RENT,3.0,EDUCATION,C,5000,13.57,0.14,N,3,0,0,0.09561204435662798,Low Risk
33,65000,RENT,4.0,MEDICAL,B,10000,11.99,0.15,N,9,0,0,0.08447000971040267,Low Risk
25,27600,RENT,4.0,HOMEIMPROVEMENT,B,3500,10.99,0.13,N,4,1,1,0.5576156163767092,Medium Risk
22,35000,RENT,2.0,MEDICAL,B,5000,11.71,0.14,N,2,0,0,0.11081124435257639,Low Risk
35,90000,RENT,3.0,PERSONAL,B,11000,11.99,0.12,N,10,0,0,0.04404411995189084,Low Risk
24,80000,RENT,6.0,EDUCATION,A,25000,6.62,0.31,N,2,1,1,0.9442217602965053,High Risk
29,44000,MORTGAGE,13.0,MEDICAL,A,24000,6.91,0.55,N,8,0,0,0.20913747343575118,Low Risk
31,36996,RENT,5.0,PERSONAL,A,8000,7.49,0.22,N,6,0,0,0.055615563808988536,Low Risk
23,51000,RENT,2.0,EDUCATION,B,9000,10.99,0.18,N,2,0,0,0.08697311420209806,Low Risk
24,32304,RENT,8.0,MEDICAL,B,1500,9.91,0.05,N,3,1,0,0.14466072329521168,Low Risk
23,28000,RENT,8.0,DEBTCONSOLIDATION,A,8000,7.74,0.29,N,4,0,0,0.1333125101083226,Low Risk
21,18000,RENT,0.0,DEBTCONSOLIDATION,A,3000,7.9,0.17,N,2,1,1,0.9476499297827534,High Risk
41,135000,MORTGAGE,2.0,MEDICAL,B,20000,9.25,0.15,N,13,0,0,0.06225322613672851,Low Risk
25,50000,MORTGAGE,2.0,PERSONAL,A,10000,7.9,0.2,N,4,0,0,0.04667936742481541,Low Risk
23,42000,MORTGAGE,2.0,VENTURE,A,1500,6.17,0.04,N,3,0,0,0.023987784652561055,Low Risk
22,60000,MORTGAGE,6.0,VENTURE,A,11200,5.79,0.19,N,4,0,0,0.010962046040430733,Low Risk
28,27600,RENT,8.0,DEBTCONSOLIDATION,C,4000,15.23,0.14,N,8,0,0,0.24999868661456667,Low Risk
25,31200,RENT,9.0,VENTURE,B,1500,11.12,0.05,N,2,0,0,0.07703790598402352,Low Risk
47,93000,RENT,1.0,PERSONAL,B,10000,10.99,0.11,N,16,0,0,0.04974988416666193,Low Risk
26,44000,RENT,5.0,DEBTCONSOLIDATION,C,4600,13.99,0.1,N,4,1,0,0.16527662518630798,Low Risk
23,25920,RENT,4.0,PERSONAL,D,10000,15.58,0.39,N,4,1,1,0.978589597884891,High Risk
40,550000,MORTGAGE,4.0,VENTURE,B,18000,11.12,0.03,N,12,0,0,0.021559899576924717,Low Risk
21,36895,RENT,6.0,MEDICAL,A,4200,9.32,0.11,N,3,0,0,0.06273549684595633,Low Risk
22,30000,RENT,7.0,MEDICAL,A,7200,8.9,0.24,N,2,1,0,0.11957634876099217,Low Risk
29,35000,RENT,12.0,DEBTCONSOLIDATION,A,1800,5.42,0.05,N,5,0,0,0.0605359914562174,Low Risk
26,29000,RENT,0.0,HOMEIMPROVEMENT,D,3400,15.62,0.12,Y,4,1,1,0.9654529403647429,High Risk
22,100000,MORTGAGE,6.0,DEBTCONSOLIDATION,A,15000,8.94,0.15,N,3,0,0,0.034576953741956434,Low Risk
28,53000,RENT,0.0,MEDICAL,C,12000,14.22,0.23,N,10,0,0,0.18922298824867695,Low Risk
34,275004,MORTGAGE,2.0,VENTURE,D,25000,16.32,0.09,Y,9,0,0,0.32760203940086463,Medium Risk
26,80171,RENT,3.0,HOMEIMPROVEMENT,C,18000,13.85,0.22,N,3,0,0,0.06974128201018906,Low Risk
22,49140,OWN,0.0,EDUCATION,C,3000,13.16,0.06,N,2,0,0,0.014905166057271782,Low Risk
27,21600,RENT,0.0,HOMEIMPROVEMENT,D,6000,18.07,0.28,N,7,1,1,0.9510126340917365,High Risk
30,22000,OWN,4.0,VENTURE,B,6000,11.89,0.27,N,8,0,0,0.013260390241043156,Low Risk
25,90000,RENT,2.0,HOMEIMPROVEMENT,B,12000,11.48,0.13,N,3,0,0,0.051944757731157254,Low Risk
23,45000,RENT,0.0,VENTURE,B,4500,9.25,0.1,N,4,0,0,0.044880474854125184,Low Risk
29,62000,MORTGAGE,0.0,PERSONAL,C,10000,12.41,0.16,Y,9,0,0,0.08840469898363486,Low Risk
25,12000,OWN,9.0,EDUCATION,C,4500,13.16,0.38,Y,4,1,1,0.8437063913706713,High Risk
23,60000,MORTGAGE,7.0,VENTURE,A,7200,10.99,0.12,N,4,0,0,0.01683333315258581,Low Risk
21,12000,RENT,5.0,EDUCATION,A,3000,8.9,0.25,N,4,1,1,0.9486021191300341,High Risk
28,26496,RENT,2.0,MEDICAL,D,5000,14.83,0.19,Y,10,1,1,0.8645377960051107,High Risk
26,102000,MORTGAGE,3.0,EDUCATION,B,20000,11.36,0.2,N,4,0,0,0.04949990247005677,Low Risk
22,40000,RENT,0.0,EDUCATION,C,6000,12.87,0.15,Y,3,0,0,0.08825816307088505,Low Risk
27,125000,OWN,7.0,PERSONAL,B,13200,11.14,0.11,N,8,0,0,0.010359248090026002,Low Risk
25,175000,RENT,2.0,PERSONAL,A,25000,8.9,0.14,N,2,0,0,0.03949566757381675,Low Risk
23,46932,OWN,4.0,EDUCATION,A,7000,5.79,0.15,N,4,0,0,0.011488406411948355,Low Risk
25,75000,MORTGAGE,4.0,VENTURE,B,24000,9.91,0.32,N,2,0,0,0.06681151516008135,Low Risk
36,65004,RENT,3.0,EDUCATION,D,20000,15.33,0.31,N,15,1,1,0.9606833807324583,High Risk
23,115000,RENT,2.0,EDUCATION,A,35000,7.9,0.3,N,4,0,0,0.05222185812086543,Low Risk
32,84456,RENT,5.0,HOMEIMPROVEMENT,B,10000,9.88,0.12,N,7,0,0,0.05461094544126386,Low Risk
27,100000,MORTGAGE,11.0,PERSONAL,A,12000,10.99,0.12,N,6,0,0,0.02986731988023084,Low Risk
32,52800,RENT,3.0,PERSONAL,D,15000,16.29,0.28,N,6,0,1,0.5623381399492215,Medium Risk
28,100000,MORTGAGE,12.0,DEBTCONSOLIDATION,B,12000,10.99,0.12,N,8,0,0,0.07042139281717884,Low Risk
31,70000,RENT,4.0,EDUCATION,A,5500,7.68,0.08,N,10,0,0,0.03758610575641463,Low Risk
33,38400,MORTGAGE,0.0,EDUCATION,B,10000,9.91,0.26,N,8,0,0,0.07961035116814409,Low Risk
23,54000,MORTGAGE,2.0,VENTURE,A,7000,6.62,0.13,N,3,0,0,0.02094466201692305,Low Risk
32,46000,RENT,4.0,MEDICAL,A,9000,7.51,0.2,N,5,0,0,0.05249673355966756,Low Risk
20,135000,MORTGAGE,1.0,VENTURE,C,15000,15.96,0.11,Y,2,0,0,0.1155642678934185,Low Risk
27,62400,MORTGAGE,12.0,DEBTCONSOLIDATION,A,12000,5.42,0.19,N,8,0,0,0.04619681298164864,Low Risk
22,79000,RENT,3.0,DEBTCONSOLIDATION,A,10000,7.88,0.13,N,2,0,0,0.05720144558469949,Low Risk
26,63180,OWN,4.0,HOMEIMPROVEMENT,C,5825,13.43,0.09,Y,2,0,0,0.01852562238383913,Low Risk
24,98000,RENT,2.0,DEBTCONSOLIDATION,E,15000,14.93,0.15,N,2,1,1,0.8007373128811824,High Risk
24,85500,MORTGAGE,3.0,HOMEIMPROVEMENT,B,12000,11.49,0.14,N,4,0,0,0.058218452785025576,Low Risk
23,24000,MORTGAGE,1.0,DEBTCONSOLIDATION,D,2800,16.07,0.12,N,3,1,1,0.9012387668747134,High Risk
30,63000,MORTGAGE,14.0,DEBTCONSOLIDATION,A,3500,7.49,0.06,N,7,0,0,0.04647587709943411,Low Risk
30,76080,MORTGAGE,8.0,HOMEIMPROVEMENT,B,12000,11.14,0.16,N,5,0,0,0.0854988944726978,Low Risk
30,115000,RENT,3.0,DEBTCONSOLIDATION,B,20000,11.11,0.17,N,7,0,0,0.09043007873017596,Low Risk
25,42000,RENT,2.0,MEDICAL,B,2000,9.25,0.05,N,3,0,0,0.09657556111391678,Low Risk
51,52250,RENT,4.0,VENTURE,C,9200,13.61,0.18,N,24,0,0,0.08517997411132959,Low Risk
27,68000,RENT,10.0,DEBTCONSOLIDATION,A,16500,7.88,0.24,N,7,0,0,0.048714994913676715,Low Risk
24,75000,MORTGAGE,4.0,HOMEIMPROVEMENT,A,15000,6.03,0.2,N,2,0,0,0.04759585659475994,Low Risk
28,34000,RENT,4.0,PERSONAL,A,5000,7.9,0.15,N,5,1,0,0.13696865552487217,Low Risk
26,54000,MORTGAGE,10.0,MEDICAL,A,8500,5.42,0.16,N,3,1,0,0.050088856122831864,Low Risk
27,165000,MORTGAGE,6.0,HOMEIMPROVEMENT,C,35000,12.99,0.21,N,9,0,0,0.06486855444157048,Low Risk
29,60000,RENT,2.0,HOMEIMPROVEMENT,A,14000,7.51,0.23,N,5,0,0,0.043848283484747355,Low Risk
31,70000,RENT,0.0,VENTURE,B,9000,10.0,0.13,N,5,0,0,0.03531184861422995,Low Risk
22,58000,RENT,6.0,EDUCATION,A,1500,5.42,0.03,N,2,0,0,0.049559061608551926,Low Risk
28,70000,MORTGAGE,12.0,DEBTCONSOLIDATION,A,9000,5.42,0.13,N,7,1,0,0.043003336217057646,Low Risk
28,64000,MORTGAGE,3.0,VENTURE,C,5000,13.23,0.08,Y,7,0,0,0.07250099524993797,Low Risk
21,37200,RENT,5.0,MEDICAL,C,4000,13.49,0.11,Y,4,0,0,0.12215089630334922,Low Risk
24,35000,RENT,0.0,MEDICAL,A,1800,7.14,0.05,N,2,0,0,0.0616365263202038,Low Risk
37,86000,RENT,0.0,PERSONAL,A,6000,7.14,0.07,N,17,0,0,0.02978799680901397,Low Risk
61,78000,MORTGAGE,1.0,PERSONAL,D,8525,14.54,0.11,Y,27,1,1,0.601525299382553,High Risk
23,30000,RENT,0.0,DEBTCONSOLIDATION,B,4000,10.36,0.13,N,3,0,0,0.13716336197255646,Low Risk
25,49200,MORTGAGE,6.0,MEDICAL,A,5600,7.49,0.11,N,2,0,0,0.050088856122831864,Low Risk
24,52000,RENT,1.0,EDUCATION,C,8000,11.78,0.15,N,3,0,0,0.09470970208946096,Low Risk
34,120000,MORTGAGE,10.0,EDUCATION,B,20000,10.37,0.17,N,10,0,0,0.043134784470342906,Low Risk
28,71250,RENT,2.0,PERSONAL,F,21000,10.99,0.29,Y,9,1,1,0.5150530377936636,Medium Risk
25,34980,MORTGAGE,1.0,VENTURE,B,6000,11.48,0.17,N,2,0,0,0.11296543310966284,Low Risk
27,39000,RENT,4.0,DEBTCONSOLIDATION,B,7200,10.65,0.18,N,5,1,0,0.125986491046745,Low Risk
31,46992,RENT,1.0,MEDICAL,B,11000,11.14,0.23,N,9,0,0,0.1112395719541964,Low Risk
23,45000,RENT,0.0,EDUCATION,C,1000,14.26,0.02,Y,2,0,0,0.14970633979988032,Low Risk
23,45000,MORTGAGE,7.0,VENTURE,A,5000,6.76,0.11,N,3,0,0,0.017111894298164326,Low Risk
24,95000,RENT,3.0,PERSONAL,A,12000,7.88,0.13,N,3,0,0,0.027868783562362102,Low Risk
36,27000,OWN,4.0,HOMEIMPROVEMENT,A,6000,7.14,0.22,N,15,0,0,0.04308087162605964,Low Risk
22,60000,RENT,5.0,MEDICAL,A,15000,10.99,0.25,N,4,0,0,0.04738389357597166,Low Risk
26,49680,RENT,1.0,MEDICAL,C,5875,12.99,0.12,Y,3,0,0,0.13161538673364295,Low Risk
25,77000,MORTGAGE,1.0,DEBTCONSOLIDATION,F,7200,18.53,0.09,N,3,1,1,0.8093549462771291,High Risk
23,40000,RENT,3.0,VENTURE,B,1000,10.62,0.03,N,4,0,0,0.028850921660359113,Low Risk
31,400000,MORTGAGE,5.0,HOMEIMPROVEMENT,A,28000,7.49,0.07,N,6,0,0,0.03386192685675285,Low Risk
36,72000,RENT,12.0,DEBTCONSOLIDATION,C,2800,10.99,0.04,Y,16,0,0,0.10686191192255026,Low Risk
24,24148,RENT,1.0,EDUCATION,B,9975,11.48,0.41,N,4,1,1,0.9666972996952164,High Risk
33,98000,RENT,2.0,EDUCATION,A,20000,6.91,0.2,N,5,0,0,0.034751764419485055,Low Risk
26,52500,MORTGAGE,0.0,PERSONAL,B,15250,9.63,0.29,N,2,0,0,0.08225707241577943,Low Risk
22,31200,RENT,3.0,PERSONAL,B,7500,9.91,0.24,N,4,0,0,0.1505483712271524,Low Risk
22,63800,MORTGAGE,7.0,DEBTCONSOLIDATION,B,25000,11.36,0.39,N,4,0,0,0.19811206537096224,Low Risk
29,49000,RENT,2.0,DEBTCONSOLIDATION,D,12000,15.37,0.24,N,7,1,1,0.9223705114145283,High Risk
32,107400,OWN,2.0,MEDICAL,D,25000,15.21,0.23,N,10,0,0,0.33976313504037786,Medium Risk
31,96588,RENT,2.0,HOMEIMPROVEMENT,B,20000,10.95,0.21,N,9,0,0,0.07299042805471458,Low Risk
24,156000,MORTGAGE,8.0,EDUCATION,B,15000,10.25,0.1,N,3,0,0,0.03736656341035149,Low Risk
25,153000,MORTGAGE,9.0,EDUCATION,C,14500,13.85,0.09,N,3,0,0,0.047111144138755515,Low Risk
26,36000,MORTGAGE,2.0,PERSONAL,A,7000,7.49,0.19,N,2,0,0,0.051456626120962884,Low Risk
31,26988,RENT,4.0,VENTURE,A,5800,6.62,0.21,N,9,0,0,0.04376623568889774,Low Risk
23,50508,OWN,8.0,PERSONAL,B,7500,10.83,0.15,N,4,0,0,0.014753352913119501,Low Risk
27,26400,RENT,9.0,EDUCATION,B,10000,10.25,0.38,N,9,1,1,0.9630303956273513,High Risk
23,87000,RENT,1.0,DEBTCONSOLIDATION,B,7500,10.33,0.09,N,2,0,0,0.06275491044778314,Low Risk
27,47900,OWN,1.0,VENTURE,C,7500,13.47,0.16,N,6,0,0,0.015628245059359714,Low Risk
33,66500,RENT,13.0,VENTURE,B,10000,10.95,0.15,N,6,0,0,0.0368211796867629,Low Risk
29,68500,RENT,4.0,VENTURE,B,10000,12.53,0.15,N,7,0,0,0.0368211796867629,Low Risk
38,47000,RENT,2.0,VENTURE,A,3000,10.99,0.06,N,11,0,0,0.04066018512433385,Low Risk
28,56000,RENT,7.0,EDUCATION,F,20000,18.25,0.36,N,6,1,1,0.9872281433478635,High Risk
32,60000,MORTGAGE,4.0,PERSONAL,B,13250,11.83,0.22,N,10,0,0,0.056339091542791576,Low Risk
22,66000,MORTGAGE,6.0,VENTURE,B,2400,10.99,0.04,N,2,0,0,0.0336959699686168,Low Risk
23,135000,MORTGAGE,8.0,EDUCATION,F,10000,18.43,0.07,N,4,0,0,0.44534885408860575,Medium Risk
25,52000,RENT,9.0,MEDICAL,C,17000,12.98,0.33,Y,2,1,1,0.9778120691806939,High Risk
23,70000,MORTGAGE,1.0,PERSONAL,B,5000,11.12,0.07,N,3,0,0,0.07251280111193292,Low Risk
22,50004,RENT,6.0,PERSONAL,B,10000,12.21,0.2,N,2,0,0,0.08844984804456994,Low Risk
30,98000,MORTGAGE,12.0,VENTURE,B,12000,8.88,0.12,N,7,0,0,0.0159149592316194,Low Risk
23,27864,RENT,0.0,MEDICAL,A,4600,6.03,0.17,N,3,0,0,0.1063456019128911,Low Risk
27,31200,RENT,3.0,PERSONAL,B,7000,9.88,0.22,N,9,0,0,0.1505483712271524,Low Risk
23,90000,RENT,4.0,DEBTCONSOLIDATION,C,13000,12.73,0.14,N,2,0,0,0.0719873217832697,Low Risk
37,79000,RENT,2.0,DEBTCONSOLIDATION,B,6000,10.0,0.08,N,16,0,0,0.09201530781408629,Low Risk
26,86604,MORTGAGE,5.0,HOMEIMPROVEMENT,A,4300,7.66,0.05,N,2,0,0,0.035818054468645034,Low Risk
29,80000,MORTGAGE,14.0,HOMEIMPROVEMENT,A,25000,7.49,0.31,N,7,0,0,0.0777333178090596,Low Risk
45,140000,RENT,10.0,EDUCATION,A,8175,5.99,0.06,N,17,0,0,0.026071982890611,Low Risk
22,28800,RENT,0.0,VENTURE,A,3500,10.99,0.12,N,2,0,0,0.07079185647493523,Low Risk
23,36000,RENT,3.0,VENTURE,C,15000,13.49,0.42,Y,3,1,1,0.9735984215410143,High Risk
26,35000,MORTGAGE,0.0,MEDICAL,A,8000,5.42,0.23,N,2,0,0,0.053722599691264486,Low Risk
27,53004,MORTGAGE,10.0,EDUCATION,B,5600,11.86,0.11,N,6,0,0,0.08091025893582474,Low Risk
27,70000,RENT,4.0,EDUCATION,B,20000,11.48,0.29,N,9,0,0,0.09520412223776381,Low Risk
21,55000,RENT,5.0,DEBTCONSOLIDATION,C,4000,13.35,0.07,Y,2,0,0,0.11609320898442589,Low Risk
24,26000,RENT,0.0,PERSONAL,E,4200,16.0,0.16,N,2,1,1,0.8357979161104695,High Risk
30,48996,RENT,1.0,HOMEIMPROVEMENT,E,10000,15.45,0.2,N,5,1,1,0.7327083633769857,High Risk
22,30000,RENT,2.0,EDUCATION,A,2500,8.49,0.08,N,2,1,0,0.10575438964801749,Low Risk
30,90000,MORTGAGE,8.0,EDUCATION,E,20000,14.82,0.22,Y,8,0,0,0.1299770547643146,Low Risk
22,29000,RENT,2.0,EDUCATION,B,10500,9.99,0.36,N,3,1,1,0.9679521736073724,High Risk
21,12000,RENT,4.0,VENTURE,B,3200,11.49,0.27,N,2,1,1,0.852406082976932,High Risk
24,18500,MORTGAGE,8.0,PERSONAL,A,5000,9.32,0.27,N,3,1,1,0.9528036699813772,High Risk
25,18840,MORTGAGE,5.0,EDUCATION,B,3000,9.91,0.16,N,2,1,1,0.8913340659293757,High Risk
28,25000,MORTGAGE,12.0,HOMEIMPROVEMENT,C,10625,14.27,0.42,Y,6,0,1,0.5308360263292362,Medium Risk
25,30000,OWN,4.0,EDUCATION,D,10000,14.61,0.33,N,3,0,0,0.054548411168153045,Low Risk
23,21000,RENT,6.0,DEBTCONSOLIDATION,A,7500,6.91,0.36,N,4,1,1,0.9525686213713908,High Risk
26,62000,MORTGAGE,5.0,MEDICAL,A,10000,7.88,0.16,N,2,0,0,0.043206498314759624,Low Risk
23,35000,RENT,3.0,DEBTCONSOLIDATION,C,10000,13.22,0.29,N,2,0,0,0.13897924751487717,Low Risk
35,48000,RENT,6.0,EDUCATION,A,17000,7.88,0.35,N,8,1,1,0.9553849266508397,High Risk
27,50000,OWN,4.0,PERSONAL,B,5125,9.99,0.1,N,10,0,0,0.01424245790655276,Low Risk
22,48000,OWN,4.0,PERSONAL,B,2400,11.46,0.05,N,3,0,0,0.014845430812999388,Low Risk
22,27500,RENT,1.0,VENTURE,B,4250,10.99,0.15,N,2,0,0,0.09747938379162759,Low Risk
34,37500,MORTGAGE,14.0,MEDICAL,B,12000,10.99,0.32,N,7,0,0,0.17405500338298116,Low Risk
29,92000,MORTGAGE,6.0,EDUCATION,B,24000,10.99,0.26,N,6,0,0,0.05461481331786263,Low Risk
29,68004,MORTGAGE,9.0,PERSONAL,B,10000,10.99,0.15,N,9,0,0,0.0680803060972139,Low Risk
27,112548,MORTGAGE,11.0,DEBTCONSOLIDATION,A,24000,10.99,0.21,N,7,0,0,0.05597431635114535,Low Risk
23,60000,RENT,4.0,PERSONAL,B,12500,10.25,0.21,N,3,0,0,0.04840686508459723,Low Risk
21,33009,OWN,5.0,VENTURE,B,12000,11.48,0.36,N,4,0,0,0.029245730201454097,Low Risk
25,42000,RENT,1.0,DEBTCONSOLIDATION,B,6000,10.99,0.14,N,2,0,0,0.10387908627197329,Low Risk
22,45000,MORTGAGE,5.0,DEBTCONSOLIDATION,C,5000,12.61,0.11,Y,2,0,0,0.11433573304823992,Low Risk
36,33600,OWN,4.0,PERSONAL,A,3000,8.49,0.09,N,14,0,0,0.020913142304833147,Low Risk
36,59617,MORTGAGE,14.0,HOMEIMPROVEMENT,D,21000,15.62,0.35,N,13,0,1,0.5572911995688761,Medium Risk
33,44400,MORTGAGE,3.0,VENTURE,C,2000,14.22,0.05,Y,9,1,0,0.11645542050146028,Low Risk
33,125000,MORTGAGE,2.0,MEDICAL,A,20000,7.88,0.16,N,5,0,0,0.03385998686576909,Low Risk
38,61000,RENT,0.0,EDUCATION,B,1000,9.45,0.02,N,12,0,0,0.0663974030265732,Low Risk
59,175000,RENT,3.0,PERSONAL,B,12000,10.59,0.07,N,27,0,0,0.04129464887542546,Low Risk
27,44004,RENT,4.0,DEBTCONSOLIDATION,D,10000,10.99,0.23,Y,10,1,1,0.6844786545630833,High Risk
30,90000,RENT,14.0,PERSONAL,D,10000,15.62,0.11,Y,6,0,0,0.32016609194227824,Medium Risk
32,24000,OWN,2.0,PERSONAL,D,5000,16.29,0.21,N,9,0,0,0.11864526535928421,Low Risk
23,60000,MORTGAGE,6.0,EDUCATION,C,7000,12.99,0.12,Y,2,0,0,0.05748146814614647,Low Risk
31,55000,RENT,3.0,PERSONAL,B,6000,10.38,0.11,N,6,0,0,0.07356061459901758,Low Risk
21,90996,MORTGAGE,5.0,PERSONAL,B,6000,9.99,0.07,N,2,0,0,0.03664485519040367,Low Risk
44,71000,MORTGAGE,11.0,EDUCATION,A,9000,10.99,0.13,N,11,0,0,0.04277018953003652,Low Risk
21,27200,RENT,0.0,MEDICAL,C,5000,10.99,0.18,N,3,0,0,0.1860962819872473,Low Risk
23,80000,MORTGAGE,3.0,EDUCATION,A,6000,5.99,0.07,N,4,0,0,0.023212736739074806,Low Risk
43,47000,OWN,2.0,VENTURE,A,10000,7.88,0.21,N,16,0,0,0.005949128570225301,Low Risk
39,90000,MORTGAGE,9.0,HOMEIMPROVEMENT,D,22000,12.67,0.24,Y,15,0,0,0.17051488354428712,Low Risk
27,53400,MORTGAGE,8.0,PERSONAL,B,4000,9.99,0.07,N,6,0,0,0.07127057187392208,Low Risk
26,110400,MORTGAGE,3.0,PERSONAL,F,9800,10.99,0.09,Y,3,0,0,0.2298396137724738,Low Risk
23,98280,MORTGAGE,7.0,EDUCATION,A,9400,6.62,0.1,N,3,0,0,0.023583022183128882,Low Risk
26,45000,RENT,3.0,PERSONAL,D,8000,15.33,0.18,Y,4,0,1,0.5293777813044495,Medium Risk
46,50000,RENT,0.0,MEDICAL,B,4350,10.99,0.09,N,15,0,0,0.11186546246364225,Low Risk
27,40000,RENT,4.0,VENTURE,D,10000,10.99,0.25,N,7,0,0,0.17928940000585408,Low Risk
22,46000,RENT,3.0,DEBTCONSOLIDATION,B,11000,10.59,0.24,N,2,0,0,0.08374374713209276,Low Risk
29,90000,MORTGAGE,14.0,HOMEIMPROVEMENT,B,15000,11.11,0.17,N,9,0,0,0.04636294843324525,Low Risk
24,45000,RENT,5.0,EDUCATION,A,1000,7.4,0.02,N,3,0,0,0.050656656096884356,Low Risk
27,82000,RENT,4.0,DEBTCONSOLIDATION,B,19200,9.99,0.23,N,8,0,0,0.08727922985440452,Low Risk
29,53313,RENT,13.0,MEDICAL,B,19850,10.99,0.37,N,7,1,1,0.9751413811542209,High Risk
26,33280,RENT,11.0,DEBTCONSOLIDATION,D,5000,14.11,0.15,N,4,1,1,0.8294650585678117,High Risk
34,480000,MORTGAGE,5.0,PERSONAL,D,14000,14.61,0.03,N,9,0,0,0.2559184977202647,Low Risk
24,100000,RENT,1.0,DEBTCONSOLIDATION,A,5000,10.99,0.05,N,3,0,0,0.04620386453899246,Low Risk
23,92004,RENT,6.0,PERSONAL,C,30000,15.23,0.33,Y,3,1,1,0.9565891400247069,High Risk
27,42000,OWN,4.0,EDUCATION,C,10000,14.65,0.24,N,7,0,0,0.018652257403248614,Low Risk
22,80000,MORTGAGE,7.0,DEBTCONSOLIDATION,B,1500,10.37,0.02,N,4,0,0,0.056950089354454725,Low Risk
35,126400,MORTGAGE,0.0,DEBTCONSOLIDATION,B,13000,10.38,0.1,N,8,0,0,0.05558451179365601,Low Risk
34,397800,MORTGAGE,5.0,MEDICAL,D,14000,14.61,0.03,Y,5,1,1,0.5989406592373704,Medium Risk
24,44000,RENT,1.0,DEBTCONSOLIDATION,D,4000,17.58,0.09,N,2,1,1,0.9228214963779416,High Risk
23,42996,RENT,2.0,EDUCATION,C,6000,12.84,0.14,Y,2,0,0,0.09890811671580038,Low Risk
27,25000,RENT,2.0,PERSONAL,B,5000,9.62,0.2,N,7,0,0,0.14404412437765746,Low Risk
21,59000,MORTGAGE,5.0,HOMEIMPROVEMENT,B,5000,9.99,0.08,N,2,1,0,0.3872263522700794,Medium Risk
25,77004,MORTGAGE,9.0,PERSONAL,B,15000,9.63,0.19,N,2,0,0,0.05872153732286255,Low Risk
26,38004,MORTGAGE,3.0,VENTURE,C,10000,13.35,0.26,N,2,0,0,0.08908299018745473,Low Risk
23,54996,MORTGAGE,7.0,EDUCATION,B,2100,11.49,0.04,N,3,0,0,0.07967368562921483,Low Risk
24,69600,RENT,2.0,PERSONAL,A,10000,8.38,0.14,N,2,0,0,0.04052133860671498,Low Risk
23,130000,RENT,3.0,MEDICAL,B,8000,11.99,0.06,N,3,0,0,0.05884637995563548,Low Risk
23,75000,RENT,7.0,VENTURE,C,18000,12.73,0.24,N,2,0,0,0.06889333911850555,Low Risk
27,69638,MORTGAGE,5.0,EDUCATION,B,16725,10.74,0.24,N,9,0,0,0.05748743980729544,Low Risk
28,56000,RENT,7.0,DEBTCONSOLIDATION,F,20000,18.25,0.36,Y,10,1,1,0.9924001654208681,High Risk
47,52000,RENT,5.0,EDUCATION,B,12000,11.99,0.23,N,14,0,0,0.08396666730210813,Low Risk
28,130000,MORTGAGE,12.0,PERSONAL,B,13000,10.75,0.1,N,10,0,0,0.03905771776199442,Low Risk
23,43955,RENT,7.0,EDUCATION,D,7800,15.62,0.18,N,3,0,0,0.4446254899418303,Medium Risk
25,32004,RENT,0.0,MEDICAL,C,7200,12.84,0.22,N,4,0,0,0.20654901723576588,Low Risk
32,35100,MORTGAGE,3.0,VENTURE,D,10000,15.95,0.28,Y,5,0,0,0.31577401247528347,Medium Risk
45,43000,MORTGAGE,6.0,VENTURE,C,3600,13.49,0.08,N,15,0,0,0.07828389305602461,Low Risk
22,73000,MORTGAGE,6.0,MEDICAL,A,5000,7.49,0.07,N,2,0,0,0.03993713618031061,Low Risk
27,91224,MORTGAGE,6.0,MEDICAL,A,15000,7.88,0.16,N,10,0,0,0.0280038882618835,Low Risk
25,78000,MORTGAGE,0.0,VENTURE,A,14000,7.51,0.18,N,3,0,0,0.020945093756449845,Low Risk
24,90000,RENT,6.0,HOMEIMPROVEMENT,D,15000,17.27,0.17,Y,4,0,0,0.34643405451615394,Medium Risk
21,12000,RENT,5.0,PERSONAL,A,3000,8.9,0.25,N,3,1,1,0.9514871621412638,High Risk
48,30000,MORTGAGE,21.0,HOMEIMPROVEMENT,B,2100,12.42,0.07,N,14,0,0,0.3703981713708235,Medium Risk
24,80000,RENT,6.0,MEDICAL,A,6400,7.49,0.08,N,4,0,0,0.02997007116945967,Low Risk
24,76800,RENT,0.0,EDUCATION,A,6400,7.51,0.08,N,3,0,0,0.03674618963712903,Low Risk
22,45020,RENT,6.0,EDUCATION,B,8300,10.99,0.18,N,4,0,0,0.0822098338955465,Low Risk
24,88000,MORTGAGE,2.0,DEBTCONSOLIDATION,G,25000,18.84,0.28,Y,2,1,1,0.9746369562071294,High Risk
29,100000,RENT,1.0,MEDICAL,B,15000,9.88,0.15,N,9,0,0,0.05502479975586238,Low Risk
25,59000,MORTGAGE,6.0,MEDICAL,A,5100,8.32,0.09,N,3,0,0,0.0952983464885526,Low Risk
25,185000,RENT,6.0,VENTURE,C,15000,15.27,0.08,N,2,0,0,0.07096311424384842,Low Risk
22,65000,MORTGAGE,0.0,PERSONAL,A,7200,8.9,0.11,N,2,0,0,0.036966129826804126,Low Risk
26,50000,MORTGAGE,0.0,EDUCATION,A,10000,7.74,0.2,N,2,0,0,0.04331820606141413,Low Risk
27,70000,MORTGAGE,4.0,HOMEIMPROVEMENT,D,8000,14.46,0.11,N,7,0,0,0.4200786082624222,Medium Risk
43,90000,RENT,9.0,MEDICAL,C,18000,13.11,0.2,N,12,0,0,0.06390332204811433,Low Risk
34,74000,MORTGAGE,13.0,VENTURE,C,10000,15.96,0.14,Y,10,1,0,0.12403829702266302,Low Risk
22,50000,OWN,4.0,PERSONAL,B,5000,12.62,0.1,N,3,0,0,0.014845430812999388,Low Risk
23,42000,RENT,2.0,EDUCATION,A,7000,7.88,0.17,N,3,0,0,0.050310999842908107,Low Risk
27,105000,MORTGAGE,5.0,EDUCATION,B,20000,11.48,0.19,N,6,0,0,0.04849307364145797,Low Risk
22,32769,RENT,3.0,VENTURE,A,7000,7.29,0.21,N,3,0,0,0.04948266749753556,Low Risk
39,57000,MORTGAGE,0.0,DEBTCONSOLIDATION,A,3000,9.63,0.05,N,14,0,0,0.05312073748189093,Low Risk
32,48000,OWN,5.0,EDUCATION,A,3000,5.79,0.06,N,7,0,0,0.01201177431080024,Low Risk
25,80000,RENT,2.0,PERSONAL,C,12375,10.91,0.15,N,4,0,0,0.051521065352488196,Low Risk
23,69996,OWN,2.0,VENTURE,B,10000,10.99,0.14,N,3,0,0,0.008555880491734794,Low Risk
22,50000,MORTGAGE,0.0,PERSONAL,B,2500,12.18,0.05,N,4,0,0,0.0906867473056958,Low Risk
21,20004,OWN,2.0,EDUCATION,B,2500,9.63,0.12,N,3,0,0,0.018796197639912915,Low Risk
27,65000,RENT,12.0,MEDICAL,C,5000,13.99,0.08,Y,7,0,0,0.12087557015123485,Low Risk
23,75000,MORTGAGE,3.0,EDUCATION,A,4900,7.74,0.07,N,4,0,0,0.03297249112206309,Low Risk
26,44000,MORTGAGE,4.0,PERSONAL,B,11500,9.63,0.26,N,3,1,0,0.07306039926353888,Low Risk
26,60000,MORTGAGE,7.0,DEBTCONSOLIDATION,A,16000,7.9,0.27,N,3,0,0,0.04550937346530241,Low Risk
23,55000,MORTGAGE,6.0,EDUCATION,B,8000,9.88,0.15,N,3,0,0,0.06643833926401801,Low Risk
35,35000,MORTGAGE,4.0,MEDICAL,C,5200,15.23,0.15,N,6,0,0,0.2093256135908333,Low Risk
25,111262,MORTGAGE,2.0,PERSONAL,B,20000,12.53,0.18,N,3,0,0,0.05426020023301486,Low Risk
21,90200,RENT,2.0,PERSONAL,C,19125,13.92,0.21,N,4,0,0,0.05339407948140093,Low Risk
31,92000,RENT,3.0,PERSONAL,D,17000,14.54,0.18,Y,10,0,0,0.3223171308566942,Medium Risk
22,33996,RENT,6.0,VENTURE,D,15000,14.96,0.44,Y,4,1,1,0.9771154458735815,High Risk
31,95000,MORTGAGE,1.0,DEBTCONSOLIDATION,B,25000,10.08,0.26,N,6,0,0,0.07499372065912317,Low Risk
35,34000,RENT,1.0,PERSONAL,B,9250,10.59,0.27,N,10,1,0,0.24351858340106478,Low Risk
26,54996,RENT,8.0,EDUCATION,B,20000,12.18,0.36,N,4,1,1,0.9688047390049175,High Risk
34,30636,RENT,4.0,DEBTCONSOLIDATION,B,10000,10.37,0.33,N,10,1,1,0.9665767599225422,High Risk
36,34000,RENT,2.0,DEBTCONSOLIDATION,B,8000,10.99,0.24,N,16,0,0,0.2226664250276082,Low Risk
35,30996,RENT,18.0,EDUCATION,C,4200,14.79,0.14,Y,6,0,0,0.21920129266441418,Low Risk
23,45000,RENT,0.0,EDUCATION,C,1775,12.72,0.04,Y,2,0,0,0.09838584452238441,Low Risk
22,35000,RENT,6.0,DEBTCONSOLIDATION,B,12000,11.71,0.34,N,4,1,1,0.973384284681,High Risk
23,41496,OWN,4.0,VENTURE,E,7200,10.99,0.17,N,2,0,0,0.03650627693159454,Low Risk
24,54080,MORTGAGE,8.0,PERSONAL,A,8000,8.63,0.15,N,4,0,0,0.04667936742481541,Low Risk
32,50004,RENT,5.0,EDUCATION,D,2200,15.65,0.04,Y,9,0,0,0.4464795637572708,Medium Risk
29,55000,OWN,4.0,VENTURE,B,10000,11.36,0.18,N,8,0,0,0.007540730660156937,Low Risk
47,28500,RENT,2.0,EDUCATION,A,5000,5.42,0.18,N,15,0,0,0.10193275605854095,Low Risk
26,42996,RENT,10.0,MEDICAL,B,8500,10.2,0.2,N,2,0,0,0.08784812322827121,Low Risk
23,90000,MORTGAGE,2.0,EDUCATION,A,5000,5.42,0.06,N,4,0,0,0.022241067202094456,Low Risk
22,42996,RENT,3.0,EDUCATION,C,4000,10.99,0.09,N,4,0,0,0.08820813302721309,Low Risk
28,80004,MORTGAGE,2.0,VENTURE,B,22750,11.49,0.28,N,6,0,0,0.04375025846714615,Low Risk
22,35000,MORTGAGE,7.0,VENTURE,A,4000,7.29,0.11,N,2,0,0,0.01930797196276999,Low Risk
32,93000,MORTGAGE,0.0,DEBTCONSOLIDATION,A,10000,5.42,0.11,N,10,0,0,0.032393688754719714,Low Risk
23,48000,RENT,8.0,PERSONAL,B,4000,10.37,0.08,N,3,1,0,0.07399215386023357,Low Risk
26,34515,MORTGAGE,11.0,DEBTCONSOLIDATION,A,5400,7.68,0.16,N,4,0,0,0.12063656189079705,Low Risk
42,40000,RENT,0.0,DEBTCONSOLIDATION,B,7200,10.75,0.18,N,17,0,0,0.07459145665613355,Low Risk
22,47800,MORTGAGE,5.0,PERSONAL,C,1500,13.43,0.03,Y,4,0,0,0.09256080178008233,Low Risk
22,31500,RENT,3.0,DEBTCONSOLIDATION,D,2900,10.99,0.09,N,4,1,1,0.7423748082464506,High Risk
21,39000,RENT,4.0,EDUCATION,B,6000,10.38,0.15,N,3,0,0,0.10866927287777678,Low Risk
23,95620,MORTGAGE,7.0,EDUCATION,D,13500,14.96,0.14,Y,4,0,0,0.21658058195246857,Low Risk
24,55000,MORTGAGE,8.0,EDUCATION,B,9600,10.99,0.17,N,3,0,0,0.08091025893582474,Low Risk
36,84996,MORTGAGE,11.0,PERSONAL,B,3500,12.69,0.04,N,13,0,0,0.05041797301367213,Low Risk
23,51000,MORTGAGE,2.0,PERSONAL,A,8000,7.49,0.16,N,3,0,0,0.04413873328385993,Low Risk
30,50000,RENT,0.0,HOMEIMPROVEMENT,B,10000,10.36,0.2,N,7,0,0,0.12284969852452218,Low Risk
55,34000,RENT,0.0,DEBTCONSOLIDATION,A,12000,6.92,0.35,N,30,1,1,0.9682832000412777,High Risk
31,90000,MORTGAGE,3.0,HOMEIMPROVEMENT,C,12000,13.48,0.13,N,10,0,0,0.05016706121423156,Low Risk
23,30000,RENT,7.0,MEDICAL,B,10000,12.18,0.33,N,3,1,1,0.9705389624845404,High Risk
21,36000,RENT,3.0,EDUCATION,C,5000,12.99,0.14,N,4,0,0,0.09561204435662798,Low Risk
22,65000,MORTGAGE,6.0,VENTURE,B,6000,10.99,0.09,N,2,0,0,0.03349094746954138,Low Risk
30,110000,OWN,14.0,VENTURE,C,12000,13.57,0.11,Y,7,0,0,0.00995438820246846,Low Risk
30,62900,MORTGAGE,2.0,MEDICAL,B,10000,10.99,0.14,N,6,1,0,0.09556972557735706,Low Risk
53,85000,RENT,2.0,MEDICAL,A,8000,7.74,0.09,N,28,0,0,0.03422037262087457,Low Risk
25,130000,MORTGAGE,3.0,HOMEIMPROVEMENT,C,8000,13.49,0.06,N,4,0,0,0.053420913545419044,Low Risk
28,100000,MORTGAGE,13.0,HOMEIMPROVEMENT,A,12000,7.88,0.12,N,8,0,0,0.028527168085503308,Low Risk
23,35000,MORTGAGE,7.0,EDUCATION,F,15000,18.43,0.43,Y,2,0,1,0.5954188808643134,Medium Risk
24,42000,MORTGAGE,5.0,EDUCATION,A,4900,6.03,0.12,N,4,0,0,0.04689390653709842,Low Risk
23,28000,MORTGAGE,4.0,HOMEIMPROVEMENT,D,5225,14.84,0.19,N,2,1,1,0.9229566204305315,High Risk
26,40000,MORTGAGE,6.0,HOMEIMPROVEMENT,B,6000,11.99,0.15,N,2,0,0,0.11318899872058273,Low Risk
27,36672,RENT,11.0,PERSONAL,A,8000,7.9,0.22,N,9,1,0,0.05952228950318172,Low Risk
27,62000,MORTGAGE,1.0,HOMEIMPROVEMENT,B,3275,9.33,0.05,N,8,0,0,0.09250175564946188,Low Risk
23,57850,MORTGAGE,8.0,EDUCATION,B,4000,10.99,0.07,N,2,0,0,0.07967368562921483,Low Risk
32,47004,RENT,7.0,HOMEIMPROVEMENT,C,12000,12.53,0.26,N,5,1,0,0.16738038378383313,Low Risk
25,54503,RENT,9.0,EDUCATION,A,6300,7.51,0.12,N,2,0,0,0.04745422124517761,Low Risk
34,78000,RENT,5.0,EDUCATION,A,18000,8.9,0.23,N,9,0,0,0.05293038744077367,Low Risk
23,18000,RENT,1.0,HOMEIMPROVEMENT,D,3000,15.99,0.17,Y,2,1,1,0.9978343640470189,High Risk
33,90000,MORTGAGE,5.0,VENTURE,A,4200,8.94,0.05,N,5,0,0,0.009414960179881129,Low Risk
24,60000,OWN,4.0,EDUCATION,A,5000,5.79,0.08,N,3,0,0,0.008646647531358092,Low Risk
48,128000,RENT,0.0,EDUCATION,D,7500,17.49,0.06,Y,11,1,0,0.48131768682135984,Medium Risk
26,100000,RENT,3.0,DEBTCONSOLIDATION,C,3000,13.57,0.03,N,3,0,0,0.07810338282320888,Low Risk
25,67200,MORTGAGE,9.0,HOMEIMPROVEMENT,C,15000,10.99,0.22,N,4,0,0,0.09407679733199172,Low Risk
24,29000,MORTGAGE,1.0,MEDICAL,D,6000,15.62,0.21,N,3,1,1,0.8583105080622954,High Risk
24,68000,RENT,3.0,EDUCATION,B,13500,12.21,0.2,N,2,0,0,0.06704015994943921,Low Risk
22,60000,MORTGAGE,2.0,EDUCATION,A,1000,9.63,0.02,N,3,0,0,0.03128436403791623,Low Risk
25,74004,RENT,2.0,PERSONAL,E,20000,15.95,0.27,Y,4,1,1,0.6392634684448256,High Risk
24,84000,RENT,8.0,MEDICAL,B,21000,10.75,0.25,N,4,0,0,0.08015228256291974,Low Risk
25,25000,RENT,4.0,DEBTCONSOLIDATION,B,8500,11.26,0.34,N,2,1,1,0.9688618244899395,High Risk
25,78000,MORTGAGE,2.0,VENTURE,B,6000,10.99,0.08,N,4,0,0,0.05290915762870468,Low Risk
23,38500,MORTGAGE,2.0,DEBTCONSOLIDATION,A,3000,10.99,0.08,N,2,0,0,0.07272075408471232,Low Risk
22,60000,MORTGAGE,4.0,DEBTCONSOLIDATION,A,5000,6.54,0.08,N,3,0,0,0.03563895122495238,Low Risk
22,50000,MORTGAGE,4.0,VENTURE,B,10000,12.69,0.2,N,4,0,0,0.04233118259083901,Low Risk
32,74000,MORTGAGE,16.0,EDUCATION,B,13650,12.42,0.18,N,10,1,0,0.06455645977790861,Low Risk
33,25000,MORTGAGE,4.0,EDUCATION,B,1600,11.36,0.06,N,7,0,0,0.11783220298359233,Low Risk
25,199000,MORTGAGE,4.0,PERSONAL,B,15000,9.99,0.08,N,2,0,0,0.03905771776199442,Low Risk
26,32640,RENT,7.0,VENTURE,B,3000,10.75,0.09,N,2,0,0,0.0610150202119694,Low Risk
21,36000,RENT,0.0,EDUCATION,B,1500,10.37,0.04,N,4,0,0,0.08155321638701046,Low Risk
36,44004,MORTGAGE,1.0,MEDICAL,B,1800,10.0,0.04,N,13,1,0,0.09650179146615961,Low Risk
28,45000,RENT,3.0,EDUCATION,C,2800,10.99,0.06,N,8,0,0,0.09008056954456542,Low Risk
35,65867,RENT,3.0,PERSONAL,A,11000,9.32,0.17,N,10,0,0,0.04052133860671498,Low Risk
25,46000,RENT,9.0,MEDICAL,A,7000,8.49,0.15,N,3,0,0,0.05612952697917269,Low Risk
30,90000,MORTGAGE,14.0,DEBTCONSOLIDATION,A,4500,5.99,0.05,N,6,0,0,0.031161441071792986,Low Risk
23,79200,MORTGAGE,7.0,EDUCATION,A,5000,5.42,0.06,N,3,0,0,0.04199992421673976,Low Risk
27,150000,MORTGAGE,1.0,VENTURE,B,12000,11.89,0.08,N,5,0,0,0.027299512988383123,Low Risk
25,45000,RENT,2.0,DEBTCONSOLIDATION,A,11250,9.38,0.25,N,2,0,0,0.05387354342643136,Low Risk
34,180000,MORTGAGE,9.0,PERSONAL,C,12900,12.99,0.07,Y,8,0,0,0.049687532528028225,Low Risk
25,54000,RENT,1.0,PERSONAL,D,20000,15.65,0.37,Y,3,1,1,0.9863743122774358,High Risk
30,49000,MORTGAGE,9.0,EDUCATION,A,11750,8.9,0.24,N,9,0,0,0.04502818248007263,Low Risk
28,54000,OWN,13.0,DEBTCONSOLIDATION,E,6500,16.45,0.12,Y,6,1,1,0.6360586519070064,High Risk
25,35000,RENT,9.0,MEDICAL,A,7200,8.9,0.21,N,3,0,0,0.060173736559956406,Low Risk
26,24000,RENT,0.0,EDUCATION,A,4800,10.99,0.2,N,3,0,0,0.1142054985185877,Low Risk
28,103992,MORTGAGE,3.0,PERSONAL,B,18000,10.99,0.17,N,7,0,0,0.04439288471336169,Low Risk
23,28800,RENT,5.0,EDUCATION,B,2800,10.38,0.1,N,2,0,0,0.11848095992979936,Low Risk
26,80000,MORTGAGE,10.0,PERSONAL,B,25000,10.62,0.31,N,4,0,0,0.0943526314120562,Low Risk
25,24000,RENT,2.0,VENTURE,B,8500,9.88,0.35,N,4,1,1,0.9526656163529941,High Risk
29,125000,RENT,2.0,DEBTCONSOLIDATION,A,14000,9.63,0.11,N,6,0,0,0.03714848980242387,Low Risk
25,450000,MORTGAGE,9.0,DEBTCONSOLIDATION,B,35000,11.11,0.08,N,4,0,0,0.08705373558704012,Low Risk
23,33000,RENT,0.0,EDUCATION,B,4600,11.71,0.14,N,3,0,0,0.1401881110653785,Low Risk
24,39996,RENT,2.0,EDUCATION,A,1000,7.49,0.03,N,3,0,0,0.048713838051602586,Low Risk
30,105400,RENT,1.0,DEBTCONSOLIDATION,C,24000,13.11,0.23,Y,6,0,0,0.11675918112330656,Low Risk
33,69996,RENT,2.0,HOMEIMPROVEMENT,B,9000,11.58,0.13,N,5,0,0,0.09582796312808917,Low Risk
24,52800,RENT,3.0,HOMEIMPROVEMENT,B,6000,9.91,0.11,N,4,0,0,0.11628153352907711,Low Risk
24,47000,MORTGAGE,8.0,PERSONAL,B,3000,12.69,0.06,N,3,0,0,0.0857391806711395,Low Risk
23,120000,MORTGAGE,7.0,VENTURE,C,6000,13.06,0.05,N,4,0,0,0.038839010723918904,Low Risk
23,55000,MORTGAGE,7.0,VENTURE,C,7000,13.23,0.13,Y,2,0,0,0.0828706230575866,Low Risk
22,62000,RENT,6.0,MEDICAL,A,12500,7.29,0.2,N,2,0,0,0.044999046305859276,Low Risk
34,70000,MORTGAGE,6.0,EDUCATION,E,22000,19.91,0.31,Y,8,0,0,0.4364536385167922,Medium Risk
38,40000,RENT,19.0,VENTURE,B,12000,10.59,0.3,N,11,0,0,0.03670582616313457,Low Risk
42,26568,RENT,6.0,PERSONAL,B,2500,10.37,0.09,N,14,0,0,0.12588856459971637,Low Risk
22,27996,OWN,5.0,MEDICAL,A,5000,5.79,0.18,N,2,0,0,0.022330259261350505,Low Risk
25,99600,MORTGAGE,1.0,HOMEIMPROVEMENT,B,12800,12.42,0.13,N,4,0,0,0.05235265778313584,Low Risk
28,110000,MORTGAGE,1.0,MEDICAL,A,12000,8.94,0.11,N,7,0,0,0.031374399733280524,Low Risk
34,140000,OWN,13.0,EDUCATION,A,4000,7.88,0.03,N,7,0,0,0.00796416516996626,Low Risk
23,88000,RENT,0.0,PERSONAL,D,12000,14.61,0.14,Y,4,1,1,0.5903613557463696,Medium Risk
22,70404,MORTGAGE,5.0,EDUCATION,D,14075,14.74,0.2,Y,4,0,0,0.3046055646292921,Medium Risk
22,72000,OWN,1.0,PERSONAL,B,15000,10.25,0.21,N,3,0,0,0.014349903951550738,Low Risk
44,38400,MORTGAGE,4.0,PERSONAL,A,6825,8.9,0.18,N,12,0,0,0.05439450958188047,Low Risk
28,61500,RENT,1.0,HOMEIMPROVEMENT,B,4000,10.95,0.07,N,8,0,0,0.10829298045388058,Low Risk
31,30372,RENT,2.0,PERSONAL,D,20200,14.74,0.67,N,8,1,1,0.9865189859438938,High Risk
21,33000,RENT,5.0,EDUCATION,B,9000,12.69,0.27,N,3,0,0,0.18409588017164297,Low Risk
26,51000,MORTGAGE,10.0,MEDICAL,A,15825,6.99,0.31,N,3,0,0,0.1144023533193267,Low Risk
23,10560,RENT,0.0,DEBTCONSOLIDATION,B,2800,9.99,0.27,N,4,1,1,0.9267401703206534,High Risk
26,53000,RENT,2.0,PERSONAL,D,4800,15.62,0.09,Y,3,1,1,0.7241532756610424,High Risk
26,74000,MORTGAGE,1.0,EDUCATION,B,24000,10.74,0.32,N,3,1,0,0.12061391816459155,Low Risk
31,73000,RENT,2.0,VENTURE,A,7000,7.9,0.1,N,7,0,0,0.02218034351999398,Low Risk
32,78400,MORTGAGE,2.0,EDUCATION,B,1200,10.0,0.02,N,5,0,0,0.07425462863483699,Low Risk
23,48800,RENT,3.0,EDUCATION,B,15000,11.36,0.31,N,4,1,1,0.9675990950480083,High Risk
24,35000,MORTGAGE,4.0,MEDICAL,B,7775,10.99,0.22,N,2,0,0,0.10422195394024009,Low Risk
22,18204,RENT,2.0,DEBTCONSOLIDATION,B,2500,11.89,0.14,N,4,0,0,0.347070426414945,Medium Risk
28,60000,MORTGAGE,2.0,EDUCATION,A,6000,5.99,0.1,N,8,0,0,0.027978716118952376,Low Risk
23,45240,RENT,4.0,VENTURE,A,3200,7.37,0.07,N,3,0,0,0.019632057676278077,Low Risk
26,80500,MORTGAGE,9.0,HOMEIMPROVEMENT,B,11000,12.53,0.14,N,3,0,0,0.058218452785025576,Low Risk
23,65000,MORTGAGE,8.0,VENTURE,A,3600,7.49,0.06,N,3,0,0,0.01346428436175272,Low Risk
28,59000,OWN,12.0,MEDICAL,A,10000,7.49,0.17,N,6,0,0,0.02532493416853545,Low Risk
32,37965,RENT,3.0,PERSONAL,A,10000,9.63,0.26,N,6,0,0,0.07844107217890135,Low Risk
23,45600,MORTGAGE,7.0,VENTURE,C,10000,16.11,0.22,Y,4,0,0,0.2349432372106236,Low Risk
33,58100,RENT,1.0,DEBTCONSOLIDATION,C,17500,13.57,0.3,Y,10,0,0,0.15108955933132348,Low Risk
28,30422,OWN,12.0,PERSONAL,A,5000,8.49,0.16,N,9,0,0,0.023971343161228936,Low Risk
28,199000,MORTGAGE,12.0,HOMEIMPROVEMENT,A,10000,9.32,0.05,N,10,0,0,0.029970610989269314,Low Risk
32,39600,MORTGAGE,0.0,HOMEIMPROVEMENT,D,1500,15.99,0.04,N,8,0,1,0.7995831996989868,High Risk
26,72000,RENT,8.0,PERSONAL,A,7000,9.32,0.1,N,2,0,0,0.04052133860671498,Low Risk
22,42000,RENT,2.0,MEDICAL,D,12000,15.65,0.29,Y,3,1,1,0.8803599425774579,High Risk
24,57000,MORTGAGE,9.0,MEDICAL,C,6500,13.04,0.11,Y,4,1,0,0.11848774664055686,Low Risk
25,48000,RENT,3.0,MEDICAL,C,9000,13.79,0.19,Y,2,0,0,0.12998417939857257,Low Risk
27,75000,MORTGAGE,1.0,HOMEIMPROVEMENT,B,3900,10.51,0.05,N,8,0,0,0.08456244220103899,Low Risk
27,56000,RENT,2.0,PERSONAL,B,14000,10.65,0.25,N,10,0,0,0.07792847996811837,Low Risk
22,60000,MORTGAGE,5.0,VENTURE,A,5600,7.49,0.09,N,4,0,0,0.010962046040430733,Low Risk
24,95000,MORTGAGE,7.0,DEBTCONSOLIDATION,B,15000,12.69,0.16,N,2,0,0,0.07042139281717884,Low Risk
23,57664,MORTGAGE,4.0,EDUCATION,A,10000,6.62,0.17,N,4,0,0,0.04205800175118803,Low Risk
25,21600,RENT,3.0,PERSONAL,B,3600,10.99,0.17,N,4,0,0,0.1492403950016873,Low Risk
21,160000,OTHER,5.0,EDUCATION,A,6000,8.0,0.04,N,4,0,0,0.024720786207512824,Low Risk
25,29000,RENT,0.0,MEDICAL,C,6000,13.49,0.21,N,3,1,0,0.22236090292087418,Low Risk
21,39996,RENT,2.0,EDUCATION,A,10000,8.59,0.25,N,4,0,0,0.046393974684887804,Low Risk
28,38000,OWN,13.0,VENTURE,A,6425,5.42,0.17,N,8,0,0,0.00572220317116657,Low Risk
29,32400,RENT,5.0,VENTURE,A,10275,6.62,0.32,N,8,1,1,0.9278917007523255,High Risk
23,45000,MORTGAGE,2.0,DEBTCONSOLIDATION,A,6000,7.49,0.13,N,3,0,0,0.04879487553826187,Low Risk
22,27120,RENT,5.0,EDUCATION,C,9250,13.11,0.34,N,3,1,1,0.9681027707743507,High Risk
22,100000,MORTGAGE,2.0,EDUCATION,B,15000,11.99,0.15,N,2,0,0,0.04361651782610502,Low Risk
41,34800,RENT,4.0,DEBTCONSOLIDATION,B,5000,11.99,0.14,N,14,0,0,0.16869207010378806,Low Risk
23,59000,RENT,7.0,EDUCATION,C,10000,10.99,0.17,Y,3,0,0,0.15194097698287592,Low Risk
24,200000,RENT,8.0,MEDICAL,B,12000,12.69,0.06,N,2,0,0,0.05884637995563548,Low Risk
23,28800,RENT,0.0,EDUCATION,B,5000,11.49,0.17,N,2,0,0,0.15281113297418522,Low Risk
24,49150,RENT,4.0,EDUCATION,B,14000,11.71,0.28,N,3,0,0,0.10228230296111936,Low Risk
27,32000,MORTGAGE,2.0,HOMEIMPROVEMENT,B,14000,11.89,0.44,N,7,0,0,0.4418206058459253,Medium Risk
23,70000,MORTGAGE,4.0,PERSONAL,C,6000,13.16,0.09,Y,4,0,0,0.07479319088236568,Low Risk
27,83604,RENT,2.0,MEDICAL,B,11000,9.76,0.13,N,7,0,0,0.059724860200700045,Low Risk
24,50400,RENT,8.0,DEBTCONSOLIDATION,A,1500,10.99,0.03,N,4,0,0,0.07292210072386318,Low Risk
22,59000,RENT,2.0,EDUCATION,A,7200,8.0,0.12,N,3,0,0,0.08623088517760254,Low Risk
24,24000,RENT,4.0,HOMEIMPROVEMENT,B,2000,12.69,0.08,N,2,1,1,0.546164409182218,Medium Risk
26,300000,OWN,9.0,HOMEIMPROVEMENT,B,10000,10.38,0.03,N,4,0,0,0.010738247861722268,Low Risk
23,61000,MORTGAGE,2.0,VENTURE,E,18400,19.29,0.3,N,2,0,1,0.5028255206062586,Medium Risk
32,21600,RENT,4.0,DEBTCONSOLIDATION,C,5500,14.72,0.25,Y,7,0,0,0.26320452150213236,Low Risk
22,60000,RENT,6.0,PERSONAL,A,14000,6.03,0.23,N,2,0,0,0.03111626045296923,Low Risk
26,60000,MORTGAGE,10.0,VENTURE,B,20000,12.69,0.33,N,2,0,0,0.07417733411593502,Low Risk
37,79992,MORTGAGE,2.0,PERSONAL,C,9000,10.99,0.11,Y,14,1,0,0.053294205195932476,Low Risk
22,57000,MORTGAGE,6.0,PERSONAL,B,11425,9.91,0.2,N,4,0,0,0.07085369098709327,Low Risk
23,38400,MORTGAGE,7.0,VENTURE,A,2000,10.99,0.05,N,2,0,0,0.03208291907279497,Low Risk
25,44000,RENT,2.0,VENTURE,A,2000,7.66,0.05,N,3,0,0,0.04554880142625253,Low Risk
43,57000,MORTGAGE,0.0,EDUCATION,A,2725,10.99,0.05,N,12,0,0,0.056711585552589844,Low Risk
24,100000,MORTGAGE,6.0,MEDICAL,A,20000,6.17,0.2,N,4,0,0,0.03479065604393935,Low Risk
32,78000,RENT,0.0,EDUCATION,C,13000,12.87,0.17,Y,10,0,0,0.1018450970975303,Low Risk
22,80000,MORTGAGE,6.0,EDUCATION,B,35000,10.99,0.44,N,2,0,0,0.0934565070875009,Low Risk
25,60000,MORTGAGE,9.0,DEBTCONSOLIDATION,A,9600,6.03,0.16,N,3,0,0,0.03542254006199987,Low Risk
43,79000,MORTGAGE,3.0,HOMEIMPROVEMENT,B,4000,8.88,0.05,N,12,0,0,0.09829977814694751,Low Risk
28,69000,MORTGAGE,4.0,EDUCATION,D,30000,10.99,0.43,Y,9,1,0,0.14813909250893925,Low Risk
28,42000,MORTGAGE,4.0,DEBTCONSOLIDATION,D,7600,16.29,0.18,N,7,1,1,0.8414973410955352,High Risk
30,70000,MORTGAGE,14.0,EDUCATION,B,8000,9.91,0.11,N,5,0,0,0.05400762946564234,Low Risk
30,42000,RENT,1.0,DEBTCONSOLIDATION,A,4000,7.88,0.1,N,6,0,0,0.057292589564212286,Low Risk
65,76000,RENT,3.0,EDUCATION,B,35000,10.99,0.46,N,27,1,1,0.9667326267546119,High Risk
33,32004,MORTGAGE,4.0,PERSONAL,B,6000,10.74,0.19,N,7,0,0,0.14545320383182406,Low Risk
34,50000,RENT,5.0,VENTURE,C,1500,13.92,0.03,N,5,0,0,0.09425440761159401,Low Risk
37,100000,RENT,0.0,DEBTCONSOLIDATION,B,2400,9.99,0.02,N,16,0,0,0.058886561024106374,Low Risk
24,42000,MORTGAGE,3.0,EDUCATION,A,8675,7.51,0.21,N,4,0,0,0.04695936200647752,Low Risk
25,61959,RENT,9.0,MEDICAL,C,25000,12.73,0.4,N,2,1,1,0.9777823980775718,High Risk
27,110004,MORTGAGE,5.0,PERSONAL,C,25000,12.73,0.23,Y,6,0,0,0.058307397716372285,Low Risk
37,32000,RENT,4.0,MEDICAL,C,10000,13.79,0.31,N,14,1,1,0.9757743048077357,High Risk
34,113500,OWN,4.0,HOMEIMPROVEMENT,A,3000,6.39,0.03,N,8,0,0,0.009881562920988204,Low Risk
49,60000,OWN,7.0,PERSONAL,C,7000,10.99,0.12,N,13,0,0,0.010794821559833193,Low Risk
28,100000,RENT,10.0,HOMEIMPROVEMENT,C,14400,13.85,0.14,N,9,0,0,0.05839897019262506,Low Risk
24,60000,RENT,2.0,PERSONAL,B,25000,11.11,0.42,N,3,1,1,0.9644598113876982,High Risk
24,37200,RENT,2.0,PERSONAL,B,6000,9.99,0.16,N,3,0,0,0.08361088404599885,Low Risk
24,62400,MORTGAGE,8.0,PERSONAL,A,4000,8.9,0.06,N,4,0,0,0.0399715253290324,Low Risk
24,83000,MORTGAGE,6.0,MEDICAL,A,15000,6.91,0.18,N,4,0,0,0.03477446074388455,Low Risk
30,75689,MORTGAGE,13.0,HOMEIMPROVEMENT,C,10000,13.48,0.13,N,8,0,0,0.09220366678630304,Low Risk
25,84000,RENT,2.0,VENTURE,A,6000,8.94,0.07,N,2,0,0,0.0177575363720952,Low Risk
38,70000,RENT,3.0,DEBTCONSOLIDATION,B,10800,12.21,0.15,N,16,0,0,0.09482351026958716,Low Risk
32,90000,RENT,2.0,PERSONAL,B,25000,9.99,0.28,N,7,0,0,0.07147825711962935,Low Risk
26,36000,RENT,4.0,VENTURE,A,5400,8.9,0.15,N,2,0,0,0.024507592908090566,Low Risk
22,160000,RENT,6.0,PERSONAL,A,20000,7.49,0.13,N,4,0,0,0.035624170960038615,Low Risk
21,48000,MORTGAGE,5.0,EDUCATION,C,10800,12.84,0.23,N,2,0,0,0.08546966898144397,Low Risk
29,48000,MORTGAGE,1.0,VENTURE,C,7000,12.68,0.15,Y,6,0,0,0.09996532059962704,Low Risk
21,72000,MORTGAGE,5.0,DEBTCONSOLIDATION,A,2000,6.54,0.03,N,2,0,0,0.04685704296858146,Low Risk
28,42500,RENT,2.0,DEBTCONSOLIDATION,A,10000,7.88,0.24,N,6,0,0,0.056952455854962204,Low Risk
33,144000,MORTGAGE,13.0,EDUCATION,D,19000,10.99,0.13,N,8,0,0,0.10718054304462488,Low Risk
22,126000,MORTGAGE,6.0,EDUCATION,D,3600,15.99,0.03,N,3,0,0,0.20839901614043443,Low Risk
24,77350,MORTGAGE,2.0,DEBTCONSOLIDATION,C,4800,13.79,0.06,Y,4,0,0,0.11205817043581351,Low Risk
24,40800,RENT,0.0,VENTURE,A,2800,6.99,0.07,N,4,0,0,0.03000460391911395,Low Risk
24,29000,RENT,1.0,MEDICAL,B,4000,9.96,0.14,N,3,1,0,0.16024399123422314,Low Risk
29,44991,MORTGAGE,13.0,MEDICAL,C,5000,14.72,0.11,Y,5,0,0,0.19746290838304473,Low Risk
22,40000,MORTGAGE,1.0,EDUCATION,B,13025,10.14,0.33,N,3,0,0,0.11373226431972926,Low Risk
22,40000,OWN,5.0,MEDICAL,B,6000,9.25,0.15,N,3,0,0,0.01572634547415067,Low Risk
37,88000,RENT,4.0,EDUCATION,G,25000,19.66,0.28,Y,15,1,1,0.9404287974234912,High Risk
23,30000,RENT,0.0,EDUCATION,B,4275,11.86,0.14,N,4,0,0,0.1401881110653785,Low Risk
25,175000,MORTGAGE,9.0,PERSONAL,B,7550,11.49,0.04,N,4,0,0,0.04439288471336169,Low Risk
27,54000,RENT,5.0,VENTURE,B,3200,9.88,0.06,N,7,0,0,0.032588537623022426,Low Risk
24,95000,MORTGAGE,4.0,PERSONAL,B,25000,10.08,0.26,N,4,0,0,0.05078802456905744,Low Risk
31,60682,RENT,3.0,PERSONAL,A,8650,8.49,0.14,N,8,0,0,0.04353888491675886,Low Risk
23,90000,MORTGAGE,7.0,PERSONAL,D,15000,15.31,0.17,Y,4,0,0,0.26080651630368235,Low Risk
24,119500,OWN,8.0,HOMEIMPROVEMENT,B,3500,12.18,0.03,N,2,0,0,0.011936702757634006,Low Risk
29,50004,MORTGAGE,5.0,PERSONAL,A,10000,5.99,0.2,N,5,0,0,0.04413873328385993,Low Risk
23,90096,MORTGAGE,0.0,EDUCATION,C,10150,11.97,0.11,N,3,0,0,0.043800044656911716,Low Risk
23,74004,RENT,7.0,DEBTCONSOLIDATION,E,25000,16.35,0.34,N,4,1,1,0.9959549782225479,High Risk
26,52703,MORTGAGE,5.0,MEDICAL,B,4000,11.89,0.06,N,4,1,0,0.10581696034593355,Low Risk
28,58000,MORTGAGE,3.0,VENTURE,A,4000,7.14,0.07,N,9,0,0,0.017111894298164326,Low Risk
29,69000,RENT,5.0,PERSONAL,D,11000,14.61,0.16,Y,5,0,0,0.4174909923440465,Medium Risk
24,30000,RENT,1.0,MEDICAL,B,4300,9.63,0.14,N,4,0,0,0.1480084788516394,Low Risk
21,28800,MORTGAGE,0.0,DEBTCONSOLIDATION,A,5000,7.49,0.17,N,3,0,0,0.10229248882837776,Low Risk
27,42000,RENT,5.0,DEBTCONSOLIDATION,E,12000,16.0,0.29,Y,5,1,1,0.8728014136166413,High Risk
39,11820,RENT,4.0,MEDICAL,B,1500,11.11,0.13,N,11,0,0,0.3547322270336311,Medium Risk
31,24000,RENT,0.0,DEBTCONSOLIDATION,B,5000,10.99,0.21,N,6,1,0,0.15692401963976185,Low Risk
24,24000,RENT,0.0,VENTURE,D,7000,15.62,0.29,N,4,1,1,0.706031444529337,High Risk
32,105000,MORTGAGE,17.0,MEDICAL,C,5000,14.65,0.05,N,9,0,0,0.10216672753063386,Low Risk
39,73500,RENT,1.0,EDUCATION,C,18000,10.99,0.24,Y,15,0,0,0.08766156024277048,Low Risk
29,51000,OWN,6.0,MEDICAL,A,19750,7.49,0.39,N,8,0,0,0.03528076922079088,Low Risk
32,38000,MORTGAGE,16.0,VENTURE,B,10000,10.37,0.26,N,6,0,0,0.033963969200093695,Low Risk
22,31200,RENT,0.0,MEDICAL,C,10600,12.99,0.34,N,2,1,1,0.975608007055305,High Risk
31,56400,MORTGAGE,4.0,MEDICAL,C,4000,13.35,0.07,N,5,1,0,0.11902410584549598,Low Risk
24,56972,OWN,6.0,DEBTCONSOLIDATION,E,15000,16.4,0.26,N,4,1,1,0.6661788116928983,High Risk
24,39000,RENT,8.0,MEDICAL,D,1500,15.62,0.04,Y,3,0,1,0.8186873106573099,High Risk
24,35000,RENT,9.0,EDUCATION,A,1500,10.99,0.04,N,3,0,0,0.06965458813448909,Low Risk
22,52000,MORTGAGE,6.0,VENTURE,C,2650,12.99,0.05,Y,3,0,0,0.0833518651000119,Low Risk
23,80000,MORTGAGE,4.0,EDUCATION,B,25000,10.25,0.31,N,4,0,0,0.08994458628444378,Low Risk
22,24960,RENT,0.0,EDUCATION,A,2500,7.51,0.1,N,4,0,0,0.09146466372935226,Low Risk
27,40000,RENT,9.0,DEBTCONSOLIDATION,B,2000,10.75,0.05,N,6,0,0,0.07753738898034988,Low Risk
28,34000,RENT,0.0,EDUCATION,D,12000,14.61,0.35,Y,8,1,1,0.9857448859161044,High Risk
27,106000,MORTGAGE,11.0,HOMEIMPROVEMENT,B,4000,11.71,0.04,N,6,0,0,0.052336019742469604,Low Risk
28,11029,MORTGAGE,12.0,DEBTCONSOLIDATION,C,2150,10.78,0.19,Y,6,1,1,0.9055513324651548,High Risk
24,45000,MORTGAGE,6.0,HOMEIMPROVEMENT,A,4075,5.42,0.09,N,3,0,0,0.07523185326070082,Low Risk
36,53000,RENT,1.0,EDUCATION,A,3500,9.32,0.07,N,17,0,0,0.049615992790379086,Low Risk
31,96000,MORTGAGE,4.0,VENTURE,C,12000,12.73,0.13,Y,5,0,0,0.042351483316561155,Low Risk
25,122000,MORTGAGE,8.0,DEBTCONSOLIDATION,C,10000,13.57,0.08,Y,4,0,0,0.08157684050018903,Low Risk
25,100000,MORTGAGE,9.0,PERSONAL,A,4800,7.14,0.05,N,3,0,0,0.02492641232726712,Low Risk
33,95000,MORTGAGE,1.0,EDUCATION,D,24000,12.92,0.25,Y,5,0,0,0.18350440918993802,Low Risk
25,19200,RENT,3.0,MEDICAL,B,5000,10.99,0.26,N,2,1,1,0.9117159046807369,High Risk
23,95000,RENT,4.0,EDUCATION,B,12000,9.63,0.13,N,4,0,0,0.0386446998451885,Low Risk
23,69500,RENT,3.0,VENTURE,E,20000,17.74,0.29,Y,2,0,0,0.32500641859892504,Medium Risk
28,125000,MORTGAGE,0.0,VENTURE,A,7500,7.49,0.06,N,7,0,0,0.0116316059952383,Low Risk
21,10560,OWN,5.0,VENTURE,B,1000,10.36,0.09,N,4,0,0,0.1108954873654194,Low Risk
26,21600,OWN,5.0,EDUCATION,B,5200,12.42,0.24,N,3,0,0,0.021942826703536103,Low Risk
25,63900,RENT,1.0,VENTURE,A,8000,6.03,0.13,N,2,0,0,0.022244251944067525,Low Risk
26,54000,RENT,6.0,EDUCATION,A,10000,7.9,0.19,N,2,0,0,0.04931904909279962,Low Risk
25,59256,RENT,4.0,MEDICAL,C,17600,12.99,0.3,N,2,0,0,0.2493365654852906,Low Risk
25,64000,MORTGAGE,10.0,MEDICAL,A,5000,7.29,0.08,N,2,0,0,0.04291312381273326,Low Risk
24,67000,OWN,3.0,VENTURE,C,13000,10.99,0.19,Y,3,0,0,0.012953548972150349,Low Risk
29,200004,MORTGAGE,0.0,DEBTCONSOLIDATION,B,19000,11.83,0.09,N,7,0,0,0.06840914228122097,Low Risk
23,46000,RENT,3.0,MEDICAL,D,15000,16.0,0.33,N,4,1,1,0.9894334327901254,High Risk
24,135000,MORTGAGE,4.0,HOMEIMPROVEMENT,B,10000,10.99,0.07,N,3,0,0,0.04938289282604607,Low Risk
29,60000,MORTGAGE,13.0,MEDICAL,G,25000,20.16,0.42,N,10,1,1,0.9351102116247949,High Risk
24,90000,RENT,4.0,PERSONAL,B,12000,9.91,0.13,N,2,0,0,0.038749168171946465,Low Risk
24,59000,RENT,2.0,DEBTCONSOLIDATION,D,6000,16.0,0.1,N,4,1,1,0.9567431451333249,High Risk
26,19200,MORTGAGE,5.0,VENTURE,A,4000,7.51,0.21,N,4,1,1,0.8948078163097029,High Risk
28,53040,RENT,6.0,DEBTCONSOLIDATION,A,1700,8.49,0.03,N,8,0,0,0.05864168318358262,Low Risk
25,53000,OWN,4.0,HOMEIMPROVEMENT,B,7200,9.91,0.14,N,3,0,0,0.02257667475615923,Low Risk
22,83000,RENT,2.0,PERSONAL,D,16000,10.99,0.19,N,3,1,0,0.28694401594836316,Low Risk
23,98000,OWN,6.0,EDUCATION,D,10000,18.07,0.1,Y,3,0,0,0.03303238410435966,Low Risk
21,65004,MORTGAGE,5.0,EDUCATION,B,5000,9.99,0.08,N,4,0,0,0.053158435564811965,Low Risk
23,65000,RENT,6.0,PERSONAL,A,8000,9.32,0.12,N,3,0,0,0.04052133860671498,Low Risk
24,70000,MORTGAGE,1.0,VENTURE,B,25000,10.62,0.36,N,2,0,0,0.08033280549692182,Low Risk
24,30000,RENT,0.0,MEDICAL,A,3500,5.99,0.12,N,2,0,0,0.09712086380193309,Low Risk
25,72000,MORTGAGE,9.0,DEBTCONSOLIDATION,C,10000,14.27,0.14,N,3,1,0,0.13653746804852718,Low Risk
23,30000,RENT,0.0,EDUCATION,C,6000,13.49,0.2,Y,3,0,0,0.18196718650902086,Low Risk
26,38000,RENT,0.0,DEBTCONSOLIDATION,B,6025,10.99,0.16,N,3,0,0,0.10711197845363306,Low Risk
22,97000,MORTGAGE,0.0,EDUCATION,C,7500,11.34,0.08,Y,4,0,0,0.05098099087127332,Low Risk
35,170000,MORTGAGE,6.0,EDUCATION,A,6500,7.49,0.04,N,10,0,0,0.023655800175979586,Low Risk
25,28800,RENT,5.0,PERSONAL,A,5575,6.62,0.19,N,4,0,0,0.10069860636170921,Low Risk
29,105000,MORTGAGE,11.0,HOMEIMPROVEMENT,D,15000,14.42,0.14,Y,5,0,0,0.27652209159843394,Low Risk
23,85000,RENT,2.0,VENTURE,C,12000,13.16,0.14,Y,4,0,0,0.07095040531318841,Low Risk
24,42000,RENT,1.0,PERSONAL,A,3500,10.99,0.08,N,3,0,0,0.06719246072491022,Low Risk
25,110500,RENT,9.0,VENTURE,D,6400,13.67,0.06,N,3,0,0,0.08772280262299004,Low Risk
27,92000,MORTGAGE,11.0,EDUCATION,B,18000,11.48,0.2,N,7,0,0,0.04291868103497558,Low Risk
36,49896,MORTGAGE,8.0,VENTURE,A,2800,10.99,0.06,N,17,0,0,0.027440547377000597,Low Risk
26,45000,RENT,6.0,MEDICAL,A,3575,10.99,0.08,N,2,0,0,0.0681485346812896,Low Risk
22,33000,RENT,1.0,DEBTCONSOLIDATION,A,2000,10.99,0.06,N,3,0,0,0.11736153353256795,Low Risk
22,37342,RENT,3.0,VENTURE,C,4500,11.03,0.12,Y,2,0,0,0.10062428679162651,Low Risk
23,132000,MORTGAGE,7.0,PERSONAL,C,9000,11.34,0.07,Y,3,0,0,0.04911513218546195,Low Risk
29,70000,MORTGAGE,5.0,DEBTCONSOLIDATION,C,10000,13.85,0.14,N,7,0,0,0.10572132264076844,Low Risk
34,33000,RENT,3.0,MEDICAL,A,8875,7.66,0.27,N,7,0,0,0.14543260402270466,Low Risk
24,60000,RENT,6.0,VENTURE,A,10000,9.32,0.17,N,2,0,0,0.013515595811064582,Low Risk
26,96000,RENT,0.0,HOMEIMPROVEMENT,B,1000,10.36,0.01,N,3,0,0,0.054760014518744786,Low Risk
27,34000,OWN,7.0,EDUCATION,C,8000,12.53,0.24,N,10,0,0,0.033374233514185274,Low Risk
23,60000,MORTGAGE,3.0,PERSONAL,C,12000,15.27,0.2,Y,4,0,0,0.09359530513197674,Low Risk
33,153000,MORTGAGE,11.0,VENTURE,C,10000,14.79,0.07,Y,5,0,0,0.06160896923030756,Low Risk
25,96000,RENT,3.0,DEBTCONSOLIDATION,B,12000,11.99,0.13,N,3,0,0,0.07169454282243738,Low Risk
31,15456,MORTGAGE,1.0,PERSONAL,A,4000,8.9,0.26,N,5,1,1,0.9528036699813772,High Risk
22,61000,MORTGAGE,1.0,MEDICAL,A,8000,5.79,0.13,N,4,0,0,0.04265449526182917,Low Risk
33,115000,MORTGAGE,10.0,PERSONAL,B,25000,11.86,0.22,N,10,0,0,0.05401629601471936,Low Risk
30,95000,MORTGAGE,0.0,DEBTCONSOLIDATION,A,10000,7.51,0.11,N,9,0,0,0.03327274660960662,Low Risk
28,40000,RENT,2.0,PERSONAL,B,14000,11.89,0.35,N,5,1,1,0.9654423726801533,High Risk
38,52000,MORTGAGE,13.0,DEBTCONSOLIDATION,B,5000,10.99,0.1,N,15,0,0,0.10725852925104813,Low Risk
29,60000,RENT,13.0,PERSONAL,C,2075,15.23,0.03,N,7,0,0,0.09755417562159051,Low Risk
23,36000,OWN,7.0,EDUCATION,B,6000,8.88,0.17,N,2,0,0,0.014404930660701544,Low Risk
26,30200,OWN,3.0,VENTURE,B,9200,10.99,0.3,N,2,0,0,0.015757384991017205,Low Risk
25,48600,RENT,0.0,MEDICAL,A,12000,10.99,0.25,N,4,0,0,0.06769302553993986,Low Risk
22,62000,MORTGAGE,5.0,MEDICAL,B,3000,8.7,0.05,N,3,0,0,0.07816228851481373,Low Risk
23,31000,RENT,1.0,PERSONAL,D,1000,14.96,0.03,Y,3,1,1,0.776346254268642,High Risk
22,87000,RENT,4.0,EDUCATION,B,10000,11.26,0.11,N,3,0,0,0.048265822456315534,Low Risk
25,60000,RENT,3.0,VENTURE,A,12000,5.42,0.2,N,3,0,0,0.012588087034005255,Low Risk
31,36000,RENT,12.0,VENTURE,B,1450,10.99,0.04,N,7,0,0,0.05031394181226611,Low Risk
36,150000,OWN,8.0,VENTURE,A,7200,6.92,0.05,N,13,0,0,0.0032499849545201296,Low Risk
22,85000,MORTGAGE,7.0,EDUCATION,A,11700,8.59,0.14,N,3,0,0,0.02798231972909472,Low Risk
22,50000,RENT,6.0,VENTURE,C,18000,13.79,0.36,N,2,1,1,0.9738053093703447,High Risk
29,120000,OWN,11.0,PERSONAL,D,5000,14.09,0.04,Y,5,0,0,0.030984868835582796,Low Risk
34,128000,MORTGAGE,2.0,DEBTCONSOLIDATION,D,3000,10.99,0.02,N,10,1,1,0.5475793856414088,Medium Risk
50,50000,RENT,1.0,PERSONAL,A,16000,7.9,0.32,N,17,1,1,0.9587434576810403,High Risk
25,31000,RENT,2.0,EDUCATION,A,1800,8.32,0.06,N,2,0,0,0.10795518979924389,Low Risk
29,99400,MORTGAGE,3.0,VENTURE,A,6000,6.92,0.06,N,7,0,0,0.009427409434547887,Low Risk
32,45000,MORTGAGE,12.0,EDUCATION,A,4800,7.49,0.11,N,7,0,0,0.042441240845799796,Low Risk
22,43000,RENT,7.0,DEBTCONSOLIDATION,C,24000,13.85,0.56,Y,3,1,1,0.9802845989326481,High Risk
22,19008,OWN,4.0,VENTURE,A,12000,5.42,0.63,N,2,1,1,0.9288156850760758,High Risk
22,85000,MORTGAGE,4.0,MEDICAL,A,12000,6.91,0.14,N,3,0,0,0.03262191881499028,Low Risk
29,25000,RENT,0.0,PERSONAL,B,4125,11.71,0.17,N,6,0,0,0.1572221484004781,Low Risk
22,55000,OWN,2.0,EDUCATION,A,2200,5.42,0.04,N,3,0,0,0.012554980885066737,Low Risk
32,115000,MORTGAGE,0.0,HOMEIMPROVEMENT,A,7200,7.9,0.06,N,10,0,0,0.029970610989269314,Low Risk
29,70000,RENT,13.0,EDUCATION,A,8000,7.49,0.11,N,5,0,0,0.036827205056214146,Low Risk
28,29004,RENT,5.0,VENTURE,C,4800,15.23,0.17,Y,7,0,0,0.2506327804928868,Low Risk
35,90000,RENT,0.0,DEBTCONSOLIDATION,B,12000,10.99,0.13,N,6,0,0,0.06547472942578915,Low Risk
24,50000,RENT,1.0,PERSONAL,B,10000,11.71,0.2,N,2,0,0,0.09353783017615708,Low Risk
24,75000,RENT,2.0,MEDICAL,B,2000,9.99,0.03,N,2,0,0,0.07566376793402652,Low Risk
32,93000,MORTGAGE,16.0,VENTURE,B,21000,10.74,0.23,N,10,0,0,0.018830251455237878,Low Risk
24,54000,RENT,2.0,EDUCATION,A,6000,7.14,0.11,N,3,0,0,0.04650570152172372,Low Risk
23,68000,MORTGAGE,4.0,EDUCATION,A,1000,8.0,0.01,N,4,0,0,0.03801444942838794,Low Risk
29,135000,MORTGAGE,10.0,VENTURE,B,11000,11.83,0.08,N,7,0,0,0.021559899576924717,Low Risk
22,42000,OWN,0.0,EDUCATION,C,12000,10.99,0.29,N,3,0,0,0.016839917178955655,Low Risk
21,26000,RENT,1.0,DEBTCONSOLIDATION,D,9450,16.77,0.36,N,2,1,1,0.993960040418014,High Risk
24,98000,MORTGAGE,8.0,PERSONAL,B,6500,11.11,0.07,N,3,0,0,0.04439288471336169,Low Risk
29,107220,MORTGAGE,9.0,HOMEIMPROVEMENT,B,10000,10.99,0.09,N,10,0,0,0.04938289282604607,Low Risk
24,42000,MORTGAGE,2.0,PERSONAL,C,2000,11.28,0.05,N,2,0,0,0.09668506164620241,Low Risk
23,35004,RENT,1.0,EDUCATION,B,6000,10.99,0.17,N,2,0,0,0.09007593824719982,Low Risk
32,77000,MORTGAGE,9.0,EDUCATION,D,10000,16.77,0.13,Y,8,0,0,0.3135244186362469,Medium Risk
34,138000,MORTGAGE,18.0,HOMEIMPROVEMENT,E,2400,19.91,0.02,Y,7,1,0,0.2851929179211108,Low Risk
37,24000,RENT,5.0,DEBTCONSOLIDATION,B,10000,9.76,0.42,N,13,1,1,0.9645479663566158,High Risk
31,552000,RENT,0.0,PERSONAL,A,8000,7.29,0.01,N,10,0,0,0.02730051960502908,Low Risk
32,188000,MORTGAGE,0.0,EDUCATION,B,10000,10.71,0.05,N,7,1,0,0.039677348820351156,Low Risk
29,47000,RENT,8.0,EDUCATION,D,6000,17.49,0.13,N,7,1,0,0.4446254899418303,Medium Risk
25,170850,MORTGAGE,9.0,MEDICAL,F,6500,15.01,0.03,N,2,1,1,0.728431664643799,High Risk
26,57550,MORTGAGE,4.0,DEBTCONSOLIDATION,A,3500,5.42,0.06,N,4,0,0,0.04908882621430709,Low Risk
21,86000,RENT,5.0,EDUCATION,B,6000,10.0,0.07,N,4,0,0,0.042931510659330444,Low Risk
22,53124,MORTGAGE,4.0,EDUCATION,C,6500,13.61,0.12,N,3,0,0,0.08546966898144397,Low Risk
31,20400,OWN,0.0,MEDICAL,C,11000,11.03,0.54,Y,10,0,0,0.0436955659946241,Low Risk
26,30000,RENT,4.0,DEBTCONSOLIDATION,B,12000,11.11,0.4,N,3,1,1,0.970651262851281,High Risk
27,146000,RENT,3.0,VENTURE,C,10175,12.99,0.07,N,6,1,0,0.043402967092326224,Low Risk
24,70000,MORTGAGE,3.0,DEBTCONSOLIDATION,B,11000,10.99,0.16,N,3,0,0,0.09467980703605432,Low Risk
45,119004,MORTGAGE,13.0,VENTURE,B,5000,11.49,0.04,N,13,0,0,0.021693522805437054,Low Risk
30,31200,RENT,0.0,EDUCATION,C,3100,13.35,0.1,N,10,0,0,0.15344767636966897,Low Risk
25,120000,MORTGAGE,6.0,DEBTCONSOLIDATION,B,10000,10.99,0.08,N,2,0,0,0.07042139281717884,Low Risk
32,33078,RENT,4.0,PERSONAL,A,10000,7.51,0.3,N,8,0,0,0.14639854313614367,Low Risk
27,70000,MORTGAGE,11.0,DEBTCONSOLIDATION,A,1000,6.54,0.01,N,5,0,0,0.04685704296858146,Low Risk
22,52000,MORTGAGE,5.0,VENTURE,C,3000,14.35,0.06,N,2,0,0,0.1063966202617173,Low Risk
22,44000,MORTGAGE,6.0,VENTURE,D,6400,15.99,0.15,Y,2,1,0,0.3051312558025252,Medium Risk
31,54000,MORTGAGE,12.0,HOMEIMPROVEMENT,A,15000,8.49,0.28,N,5,1,0,0.08403157920988856,Low Risk
29,96339,MORTGAGE,7.0,MEDICAL,B,15000,11.36,0.16,N,7,0,0,0.05783236971124462,Low Risk
24,84000,MORTGAGE,8.0,HOMEIMPROVEMENT,A,8000,7.51,0.1,N,2,0,0,0.03376376751843412,Low Risk
33,104000,RENT,9.0,DEBTCONSOLIDATION,B,8000,11.58,0.08,N,8,0,0,0.07169454282243738,Low Risk
21,47580,MORTGAGE,5.0,EDUCATION,A,14000,6.03,0.29,N,2,0,0,0.046802470482300185,Low Risk
36,55000,OWN,6.0,MEDICAL,C,9000,10.99,0.16,N,16,0,0,0.01854537522491616,Low Risk
23,68000,RENT,1.0,VENTURE,E,14400,17.99,0.21,N,2,1,1,0.638244896743013,High Risk
22,53500,RENT,2.0,EDUCATION,B,10000,9.99,0.19,N,3,0,0,0.07310694131195725,Low Risk
32,156000,MORTGAGE,14.0,PERSONAL,B,10000,9.63,0.06,N,9,0,0,0.03905771776199442,Low Risk
24,61000,RENT,2.0,HOMEIMPROVEMENT,B,20000,12.18,0.33,N,4,1,1,0.9733647076263459,High Risk
22,33000,RENT,1.0,DEBTCONSOLIDATION,B,5000,10.25,0.15,N,4,0,0,0.13716336197255646,Low Risk
21,42000,RENT,5.0,MEDICAL,B,2500,9.99,0.06,N,2,0,0,0.09126598251113716,Low Risk
24,29000,RENT,0.0,VENTURE,B,4000,9.45,0.14,N,3,0,0,0.0905484592222654,Low Risk
22,62900,MORTGAGE,6.0,MEDICAL,E,12000,16.35,0.16,Y,2,1,1,0.7831026544384155,High Risk
29,14573,RENT,6.0,HOMEIMPROVEMENT,B,5000,12.18,0.34,N,5,1,1,0.9984219797825102,High Risk
34,75000,MORTGAGE,0.0,HOMEIMPROVEMENT,C,20000,13.06,0.27,N,8,0,0,0.10556108085854488,Low Risk
28,143000,RENT,5.0,HOMEIMPROVEMENT,C,15000,12.53,0.1,N,6,0,0,0.05578661405148775,Low Risk
32,60000,RENT,3.0,MEDICAL,B,2375,11.83,0.04,N,7,0,0,0.07052773442140953,Low Risk
27,120000,MORTGAGE,2.0,EDUCATION,A,7000,7.14,0.06,N,7,0,0,0.024119919762554464,Low Risk
37,25000,RENT,0.0,HOMEIMPROVEMENT,D,2775,15.65,0.11,N,12,1,1,0.9550825338547971,High Risk
32,72000,MORTGAGE,0.0,DEBTCONSOLIDATION,A,24000,6.92,0.33,N,8,0,0,0.1126697704680938,Low Risk
23,66348,RENT,0.0,VENTURE,E,7000,17.04,0.11,N,4,1,1,0.6318916140419504,High Risk
29,52833,MORTGAGE,7.0,VENTURE,A,12250,6.62,0.23,N,6,0,0,0.01700600145972045,Low Risk
24,60000,RENT,3.0,VENTURE,C,22000,14.26,0.37,Y,2,1,1,0.9636642970604421,High Risk
29,125000,MORTGAGE,2.0,MEDICAL,C,3500,13.98,0.03,N,8,0,0,0.07216153607971522,Low Risk
28,95000,RENT,5.0,EDUCATION,B,8000,12.42,0.08,N,6,0,0,0.04443961728769161,Low Risk
21,20400,RENT,2.0,PERSONAL,B,4500,10.99,0.22,N,2,0,0,0.14933604659315128,Low Risk
41,55000,MORTGAGE,17.0,PERSONAL,A,9000,5.99,0.16,N,17,0,0,0.04330650250230637,Low Risk
43,72000,MORTGAGE,9.0,DEBTCONSOLIDATION,A,5050,6.99,0.07,N,16,0,0,0.04244751440409985,Low Risk
27,130000,MORTGAGE,1.0,HOMEIMPROVEMENT,B,21000,10.62,0.16,N,7,0,0,0.05448843458331656,Low Risk
22,21000,RENT,5.0,MEDICAL,B,4800,10.75,0.23,N,3,0,0,0.1395794736865525,Low Risk
22,43000,MORTGAGE,3.0,EDUCATION,A,2000,10.99,0.05,N,3,0,0,0.06014022805751079,Low Risk
38,112224,MORTGAGE,5.0,EDUCATION,A,25000,6.99,0.22,N,13,0,0,0.028919907314915096,Low Risk
51,74628,MORTGAGE,3.0,PERSONAL,C,3000,13.49,0.04,Y,18,0,0,0.07523137380458754,Low Risk
27,21000,RENT,5.0,MEDICAL,B,4000,11.49,0.19,N,9,0,0,0.1525354984827833,Low Risk
26,57000,MORTGAGE,4.0,EDUCATION,C,12000,13.49,0.21,Y,2,0,0,0.08738440075145996,Low Risk
24,48000,MORTGAGE,2.0,EDUCATION,B,5500,11.36,0.11,N,3,0,0,0.08560526448972207,Low Risk
24,99000,MORTGAGE,8.0,DEBTCONSOLIDATION,A,12000,6.03,0.12,N,4,0,0,0.03302344451737036,Low Risk
30,49000,MORTGAGE,14.0,PERSONAL,D,8500,16.32,0.17,Y,9,0,0,0.4910343844264443,Medium Risk
37,528000,RENT,4.0,VENTURE,D,15000,10.99,0.03,N,12,0,0,0.08946131784962787,Low Risk
26,30000,MORTGAGE,0.0,EDUCATION,A,4000,7.14,0.13,N,3,0,0,0.08793190084135089,Low Risk
28,142000,MORTGAGE,3.0,EDUCATION,B,18000,10.38,0.13,N,8,0,0,0.03736656341035149,Low Risk
37,48000,RENT,0.0,DEBTCONSOLIDATION,B,14725,10.99,0.31,N,11,1,1,0.9743716811036539,High Risk
27,82000,MORTGAGE,11.0,VENTURE,A,4000,7.9,0.05,N,10,0,0,0.01140263912765948,Low Risk
38,34296,OWN,1.0,MEDICAL,C,12000,10.99,0.35,Y,12,0,0,0.05446946039244452,Low Risk
29,34000,OWN,2.0,VENTURE,E,14400,16.0,0.42,Y,7,0,0,0.37950439517554974,Medium Risk
23,34348,MORTGAGE,7.0,EDUCATION,A,5000,7.9,0.15,N,3,0,0,0.09939090089651959,Low Risk
22,62236,OWN,4.0,MEDICAL,B,5000,9.99,0.08,N,4,0,0,0.017222011171205445,Low Risk
26,120000,RENT,3.0,HOMEIMPROVEMENT,A,5000,7.68,0.04,N,2,0,0,0.0337766133223815,Low Risk
27,95000,MORTGAGE,11.0,VENTURE,C,18000,13.48,0.19,N,5,0,0,0.037626205519505525,Low Risk
30,68000,MORTGAGE,11.0,EDUCATION,B,6000,10.59,0.09,N,7,0,0,0.05400762946564234,Low Risk
33,75000,MORTGAGE,17.0,MEDICAL,C,12000,10.99,0.16,Y,8,0,0,0.0896149560257293,Low Risk
24,13728,RENT,4.0,DEBTCONSOLIDATION,B,1000,10.0,0.07,N,4,1,0,0.31342625818111824,Medium Risk
39,116000,RENT,1.0,VENTURE,C,8000,15.27,0.07,N,11,1,0,0.11279482303990866,Low Risk
40,70000,RENT,2.0,DEBTCONSOLIDATION,B,16000,11.99,0.23,N,12,0,0,0.09786818604534459,Low Risk
26,159960,MORTGAGE,11.0,HOMEIMPROVEMENT,A,18325,7.49,0.11,N,3,0,0,0.028312381746404918,Low Risk
29,117500,OWN,1.0,VENTURE,A,20000,6.17,0.17,N,9,0,0,0.004753787534487199,Low Risk
27,49000,RENT,11.0,DEBTCONSOLIDATION,B,25000,11.36,0.51,N,5,1,1,0.9770601464169062,High Risk
27,69830,OWN,3.0,EDUCATION,E,15000,16.45,0.21,Y,5,0,0,0.17730523635332618,Low Risk
23,48000,MORTGAGE,8.0,VENTURE,A,10500,7.51,0.22,N,2,0,0,0.017136526849284704,Low Risk
28,46739,RENT,0.0,MEDICAL,C,11200,13.48,0.24,N,8,0,0,0.12502888654104388,Low Risk
26,30000,RENT,3.0,EDUCATION,C,8000,12.61,0.27,Y,4,0,0,0.19878221387198686,Low Risk
25,57000,OWN,5.0,PERSONAL,C,12000,13.23,0.21,N,3,0,0,0.014931580640014212,Low Risk
22,16800,MORTGAGE,5.0,EDUCATION,B,2000,10.65,0.12,N,2,0,0,0.2781214077221588,Low Risk
33,82150,RENT,4.0,HOMEIMPROVEMENT,A,5000,7.51,0.06,N,5,0,0,0.03852326641479165,Low Risk
22,48000,RENT,7.0,VENTURE,E,7500,17.04,0.16,Y,2,0,0,0.3532975499707081,Medium Risk
27,37000,OWN,3.0,MEDICAL,B,5000,9.91,0.14,N,6,0,0,0.018394715241543416,Low Risk
26,57500,MORTGAGE,2.0,DEBTCONSOLIDATION,A,7750,6.76,0.13,N,3,0,0,0.04879487553826187,Low Risk
22,49600,MORTGAGE,4.0,VENTURE,D,10000,14.96,0.2,Y,3,0,0,0.30935335367854316,Medium Risk
24,32000,RENT,1.0,MEDICAL,A,5000,10.99,0.16,N,3,0,0,0.1315780604457392,Low Risk
26,45000,MORTGAGE,6.0,VENTURE,A,5000,6.99,0.11,N,2,0,0,0.017111894298164326,Low Risk
55,28800,OWN,1.0,PERSONAL,D,5000,15.33,0.17,N,22,0,0,0.12049669265370207,Low Risk
30,34000,MORTGAGE,8.0,PERSONAL,A,12000,10.99,0.35,N,10,1,0,0.252964033012277,Low Risk
41,50000,RENT,0.0,MEDICAL,B,6000,10.71,0.12,N,11,0,0,0.09297920596692479,Low Risk
22,20000,RENT,2.0,EDUCATION,B,4000,9.45,0.2,N,4,0,0,0.1287611373474575,Low Risk
23,80832,OWN,0.0,MEDICAL,D,15000,15.65,0.19,N,2,0,0,0.21348251015887634,Low Risk
27,125000,MORTGAGE,2.0,EDUCATION,A,8000,6.76,0.06,N,10,0,0,0.024119919762554464,Low Risk
25,62000,RENT,0.0,DEBTCONSOLIDATION,C,14400,13.47,0.23,Y,3,0,0,0.1207855974337484,Low Risk
26,30000,RENT,0.0,DEBTCONSOLIDATION,D,9000,15.65,0.3,Y,4,1,1,0.9405915328217485,High Risk
23,35000,MORTGAGE,7.0,EDUCATION,A,2100,5.42,0.06,N,3,0,0,0.05151964647274237,Low Risk
22,65000,RENT,2.0,EDUCATION,B,10000,9.88,0.15,N,2,0,0,0.05823044185578745,Low Risk
35,74984,RENT,2.0,VENTURE,A,13500,7.29,0.18,N,9,0,0,0.019810586394277373,Low Risk
33,68000,MORTGAGE,15.0,PERSONAL,A,18000,7.9,0.26,N,10,0,0,0.046067847025187514,Low Risk
23,90000,MORTGAGE,1.0,EDUCATION,B,12000,12.18,0.13,N,4,0,0,0.040934023714436385,Low Risk
32,48400,RENT,1.0,MEDICAL,A,12000,6.62,0.25,N,7,0,0,0.051832469021763285,Low Risk
24,38700,RENT,2.0,MEDICAL,B,10000,10.99,0.26,N,3,0,0,0.1378602476422241,Low Risk
24,33000,RENT,1.0,DEBTCONSOLIDATION,B,20000,10.99,0.61,N,3,1,1,0.9720718771063879,High Risk
23,36000,RENT,7.0,PERSONAL,C,1200,13.99,0.03,N,3,0,0,0.13964083096289626,Low Risk
24,110000,MORTGAGE,2.0,EDUCATION,B,9000,10.99,0.08,N,3,0,0,0.044588675945998794,Low Risk
23,135000,MORTGAGE,1.0,EDUCATION,D,12500,15.99,0.09,N,4,0,0,0.3307737344078403,Medium Risk
23,75000,MORTGAGE,7.0,PERSONAL,A,10200,6.03,0.14,N,2,0,0,0.03415201726318605,Low Risk
22,52000,RENT,4.0,MEDICAL,A,11200,6.62,0.22,N,4,0,0,0.05281949923360885,Low Risk
23,45000,RENT,2.0,PERSONAL,B,12000,11.83,0.27,N,4,0,0,0.11368212606340687,Low Risk
25,52000,RENT,2.0,VENTURE,C,6000,12.87,0.12,Y,4,0,0,0.1195036559546114,Low Risk
25,34000,MORTGAGE,0.0,MEDICAL,C,10000,12.87,0.29,Y,4,0,0,0.2813334498098843,Low Risk
32,60000,RENT,0.0,DEBTCONSOLIDATION,B,6000,10.36,0.1,N,7,0,0,0.06141196708023081,Low Risk
30,49000,RENT,2.0,PERSONAL,D,5000,15.31,0.1,N,7,1,1,0.7122347316452632,High Risk
31,50000,RENT,4.0,PERSONAL,D,6000,15.62,0.12,Y,10,0,1,0.5293777813044495,Medium Risk
32,24600,MORTGAGE,6.0,MEDICAL,A,4800,8.9,0.2,N,7,1,0,0.10278934857883547,Low Risk
22,74000,MORTGAGE,6.0,EDUCATION,B,9000,10.99,0.12,N,2,0,0,0.06317773629015264,Low Risk
24,90000,OWN,8.0,MEDICAL,C,12000,13.35,0.13,N,3,0,0,0.01358280019685633,Low Risk
23,60000,RENT,2.0,DEBTCONSOLIDATION,A,5000,6.91,0.08,N,3,0,0,0.037160389166610595,Low Risk
26,37500,RENT,1.0,DEBTCONSOLIDATION,A,10000,8.94,0.27,N,3,0,0,0.08042979498637473,Low Risk
25,55000,RENT,9.0,DEBTCONSOLIDATION,A,3600,8.9,0.07,N,3,0,0,0.05419634587998627,Low Risk
24,108000,MORTGAGE,3.0,EDUCATION,A,9050,5.42,0.08,N,2,0,0,0.024119919762554464,Low Risk
22,35350,RENT,3.0,DEBTCONSOLIDATION,B,7000,9.99,0.2,N,3,0,0,0.08641041931571153,Low Risk
36,37500,MORTGAGE,6.0,VENTURE,A,10000,9.32,0.27,N,12,0,0,0.02441698169606052,Low Risk
23,54996,RENT,8.0,EDUCATION,D,15000,14.83,0.27,N,2,0,0,0.48291331166232654,Medium Risk
26,36000,MORTGAGE,3.0,EDUCATION,B,11000,10.59,0.31,N,4,1,0,0.13121256849957805,Low Risk
26,90000,RENT,2.0,PERSONAL,A,10000,7.49,0.11,N,4,0,0,0.02559463408565846,Low Risk
22,54996,RENT,6.0,VENTURE,A,12000,8.32,0.22,N,4,0,0,0.020937653204216866,Low Risk
24,50000,RENT,1.0,DEBTCONSOLIDATION,C,1500,14.26,0.03,N,2,0,0,0.17753494162608313,Low Risk
45,110000,MORTGAGE,5.0,PERSONAL,B,20000,11.11,0.18,N,16,0,0,0.05118807266171317,Low Risk
22,93000,RENT,1.0,EDUCATION,B,21000,9.91,0.23,N,3,0,0,0.054412849912316014,Low Risk
23,60228,RENT,7.0,MEDICAL,C,8000,12.98,0.13,Y,2,0,0,0.1036582539101317,Low Risk
25,80000,MORTGAGE,9.0,VENTURE,E,4000,19.03,0.05,Y,3,0,0,0.14545887359770582,Low Risk
25,39000,RENT,0.0,VENTURE,C,6000,13.49,0.15,Y,2,1,0,0.18254146222980616,Low Risk
24,79000,RENT,0.0,MEDICAL,B,8000,11.49,0.1,N,2,0,0,0.11047491553928547,Low Risk
26,75000,MORTGAGE,6.0,EDUCATION,A,5000,7.66,0.07,N,2,0,0,0.03371577067307799,Low Risk
28,63000,MORTGAGE,5.0,DEBTCONSOLIDATION,C,9000,13.72,0.14,Y,9,1,0,0.1187513892833903,Low Risk
27,80000,MORTGAGE,5.0,VENTURE,C,35000,10.99,0.44,N,8,0,0,0.09944287552536253,Low Risk
32,62900,RENT,6.0,MEDICAL,D,16000,14.96,0.22,N,5,1,1,0.7142377421161724,High Risk
27,83000,MORTGAGE,11.0,VENTURE,C,2500,13.99,0.03,Y,8,0,0,0.05862300649558455,Low Risk
43,40000,MORTGAGE,3.0,MEDICAL,B,18000,11.83,0.45,N,15,0,0,0.1640974581831496,Low Risk
22,107000,MORTGAGE,6.0,HOMEIMPROVEMENT,E,24000,19.69,0.22,Y,4,1,0,0.31029016631975026,Medium Risk
26,72500,RENT,1.0,VENTURE,B,10000,9.96,0.14,N,3,0,0,0.03531184861422995,Low Risk
24,36000,OWN,5.0,PERSONAL,B,8000,10.65,0.22,N,2,0,0,0.015263132213056176,Low Risk
23,44000,RENT,4.0,DEBTCONSOLIDATION,A,3000,7.66,0.07,N,4,1,0,0.08686133908837104,Low Risk
25,42000,RENT,3.0,MEDICAL,A,5000,7.51,0.12,N,3,0,0,0.05828619366892047,Low Risk
46,105000,RENT,4.0,EDUCATION,A,6000,7.14,0.06,N,16,0,0,0.026071982890611,Low Risk
22,67775,MORTGAGE,3.0,EDUCATION,C,9600,14.79,0.14,Y,4,0,0,0.10003145801050614,Low Risk
26,58000,MORTGAGE,5.0,MEDICAL,C,12000,13.16,0.21,Y,4,0,0,0.11848774664055686,Low Risk
41,35000,MORTGAGE,18.0,VENTURE,C,1500,13.06,0.04,N,13,0,0,0.08110426009769346,Low Risk
23,60000,MORTGAGE,6.0,PERSONAL,A,7000,6.54,0.12,N,2,0,0,0.028733641351619602,Low Risk
30,65000,RENT,4.0,HOMEIMPROVEMENT,A,24000,7.9,0.37,N,5,1,1,0.9625885110544481,High Risk
26,120000,MORTGAGE,3.0,DEBTCONSOLIDATION,B,25000,10.99,0.21,N,3,0,0,0.08878646735352319,Low Risk
25,35364,RENT,0.0,EDUCATION,A,10000,9.32,0.28,N,3,0,0,0.07575566266916595,Low Risk
24,60400,OWN,5.0,VENTURE,A,5500,8.0,0.09,N,2,0,0,0.004802408185840065,Low Risk
29,69000,MORTGAGE,6.0,PERSONAL,D,18000,12.61,0.26,N,9,0,0,0.22568767078066562,Low Risk
26,34200,RENT,1.0,MEDICAL,C,3500,12.84,0.1,N,4,0,0,0.19704966216432007,Low Risk
23,15000,MORTGAGE,1.0,MEDICAL,C,1750,12.68,0.12,Y,3,0,0,0.39783832185888174,Medium Risk
27,56000,MORTGAGE,0.0,EDUCATION,D,25000,13.55,0.45,N,8,1,0,0.3067311687085039,Medium Risk
22,12000,RENT,0.0,PERSONAL,C,1000,13.57,0.08,N,3,1,0,0.3797107738152522,Medium Risk
22,37000,RENT,2.0,EDUCATION,A,10000,8.59,0.27,N,2,0,0,0.07415672017339837,Low Risk
27,104000,MORTGAGE,11.0,PERSONAL,B,10000,10.65,0.1,N,9,0,0,0.03905771776199442,Low Risk
36,62000,RENT,3.0,HOMEIMPROVEMENT,B,8000,11.12,0.13,N,12,0,0,0.09699952364550223,Low Risk
34,39996,RENT,1.0,PERSONAL,A,5000,7.51,0.13,N,6,0,0,0.0462335517972939,Low Risk
34,70000,RENT,1.0,PERSONAL,B,20000,10.99,0.29,N,9,0,0,0.10590812002498372,Low Risk
43,80000,RENT,5.0,HOMEIMPROVEMENT,B,6400,11.71,0.08,N,11,0,0,0.05281775973066522,Low Risk
34,109200,MORTGAGE,18.0,EDUCATION,C,6000,12.23,0.05,Y,5,0,0,0.04652391986802447,Low Risk
45,115000,MORTGAGE,8.0,VENTURE,A,8000,8.94,0.07,N,11,0,0,0.009990936541544147,Low Risk
31,78000,MORTGAGE,1.0,HOMEIMPROVEMENT,C,20000,14.26,0.26,Y,10,1,0,0.17964466829000156,Low Risk
27,66300,RENT,1.0,MEDICAL,D,9600,10.99,0.12,N,7,1,1,0.5985193513978451,Medium Risk
28,150000,RENT,1.0,MEDICAL,C,12500,14.35,0.08,Y,8,0,0,0.10575188641461507,Low Risk
23,96000,MORTGAGE,1.0,EDUCATION,A,10000,7.49,0.1,N,3,0,0,0.023583022183128882,Low Risk
35,53000,OWN,1.0,PERSONAL,C,10000,15.27,0.19,Y,6,0,0,0.030545658455161467,Low Risk
31,20800,RENT,3.0,MEDICAL,D,9750,17.19,0.47,Y,6,1,1,0.9801162428401585,High Risk
33,40000,MORTGAGE,3.0,EDUCATION,C,9000,13.16,0.23,N,5,0,0,0.07778262942941652,Low Risk
22,43000,OWN,7.0,EDUCATION,A,6000,7.74,0.14,N,4,0,0,0.012585303403506705,Low Risk
31,80000,RENT,4.0,PERSONAL,C,3500,12.99,0.04,Y,7,0,0,0.05033163578959456,Low Risk
33,68508,RENT,17.0,MEDICAL,A,7000,8.0,0.1,N,6,0,0,0.04454173764369086,Low Risk
29,51504,RENT,0.0,MEDICAL,B,5500,11.89,0.11,N,9,0,0,0.1112395719541964,Low Risk
21,84000,MORTGAGE,5.0,DEBTCONSOLIDATION,B,10000,12.53,0.12,N,4,0,0,0.07922264858690516,Low Risk
25,44196,MORTGAGE,8.0,HOMEIMPROVEMENT,A,4000,7.51,0.09,N,3,0,0,0.11875592666705409,Low Risk
24,13000,RENT,1.0,MEDICAL,B,1200,11.89,0.09,N,2,0,0,0.36744446445127316,Medium Risk
26,63000,RENT,4.0,VENTURE,D,7000,14.84,0.11,N,2,0,0,0.27660934667467757,Low Risk
36,32000,MORTGAGE,6.0,DEBTCONSOLIDATION,B,12000,10.37,0.38,N,11,0,0,0.22459983296333255,Low Risk
21,25200,MORTGAGE,0.0,PERSONAL,C,6500,14.26,0.26,Y,2,1,0,0.23307043321956702,Low Risk
22,32400,MORTGAGE,4.0,PERSONAL,A,5000,7.49,0.15,N,3,0,0,0.09015445293263326,Low Risk
25,60000,MORTGAGE,1.0,VENTURE,A,5000,7.29,0.08,N,3,0,0,0.013604642022323674,Low Risk
22,28080,RENT,4.0,MEDICAL,B,4200,9.91,0.15,N,4,1,0,0.1315955600642582,Low Risk
33,60000,MORTGAGE,17.0,MEDICAL,A,7000,5.42,0.12,N,8,0,0,0.03205468821896891,Low Risk
27,98000,RENT,11.0,HOMEIMPROVEMENT,D,20000,16.0,0.2,N,8,1,0,0.40894847578475857,Medium Risk
32,101000,MORTGAGE,5.0,EDUCATION,C,3375,14.79,0.03,N,8,0,0,0.0657373580114089,Low Risk
44,68000,RENT,7.0,EDUCATION,A,5150,7.9,0.08,N,14,0,0,0.03931689151026591,Low Risk
26,35960,RENT,10.0,MEDICAL,B,8400,11.49,0.23,N,3,0,0,0.10791492233062834,Low Risk
33,40800,MORTGAGE,4.0,DEBTCONSOLIDATION,A,15000,7.51,0.37,N,5,0,0,0.12051455566887005,Low Risk
23,76500,RENT,0.0,DEBTCONSOLIDATION,C,8000,14.26,0.1,N,4,1,0,0.14156813360734585,Low Risk
37,26500,RENT,11.0,MEDICAL,C,2000,13.16,0.08,N,12,0,0,0.16104228945836505,Low Risk
30,43500,RENT,0.0,EDUCATION,B,3000,12.42,0.07,N,10,0,0,0.0893343238050542,Low Risk
27,45336,MORTGAGE,12.0,MEDICAL,B,4800,10.99,0.11,N,8,0,0,0.10581696034593355,Low Risk
21,59000,RENT,4.0,MEDICAL,C,5000,14.22,0.08,N,3,1,0,0.28117610821941313,Low Risk
23,90000,RENT,4.0,PERSONAL,B,18000,8.88,0.2,N,4,0,0,0.03956210245103621,Low Risk
70,132000,MORTGAGE,0.0,PERSONAL,A,14000,10.99,0.11,N,24,0,0,0.029841832551538144,Low Risk
25,61000,OWN,2.0,PERSONAL,C,15000,14.65,0.25,N,2,0,0,0.02996866610188072,Low Risk
38,72000,MORTGAGE,2.0,PERSONAL,B,8000,12.21,0.11,N,14,0,0,0.07208921809681995,Low Risk
37,160000,MORTGAGE,14.0,HOMEIMPROVEMENT,A,10000,7.51,0.06,N,13,0,0,0.02798067502977063,Low Risk
25,48996,RENT,9.0,EDUCATION,A,11000,7.88,0.22,N,2,0,0,0.04745422124517761,Low Risk
21,36000,MORTGAGE,3.0,DEBTCONSOLIDATION,A,4000,5.99,0.11,N,4,0,0,0.05567746781463539,Low Risk
28,54000,RENT,0.0,EDUCATION,C,4500,10.99,0.08,Y,8,1,0,0.10045052667983125,Low Risk
25,31000,RENT,1.0,HOMEIMPROVEMENT,B,3000,10.99,0.1,N,4,1,1,0.5907889923461405,Medium Risk
33,125000,RENT,5.0,DEBTCONSOLIDATION,B,25000,11.36,0.2,N,5,0,0,0.101186898957698,Low Risk
30,23000,RENT,5.0,VENTURE,A,14000,7.88,0.61,N,6,1,1,0.9299448455033392,High Risk
47,50004,MORTGAGE,22.0,VENTURE,A,8000,10.99,0.16,N,15,0,0,0.026029245003407555,Low Risk
45,42320,MORTGAGE,6.0,VENTURE,C,7475,13.49,0.18,Y,15,0,0,0.0828706230575866,Low Risk
25,38000,RENT,4.0,MEDICAL,D,20000,14.59,0.53,N,4,1,1,0.9886537184629955,High Risk
24,55200,MORTGAGE,0.0,MEDICAL,D,6000,14.42,0.11,Y,2,1,1,0.8469776192172979,High Risk
23,84996,MORTGAGE,5.0,PERSONAL,A,14000,10.99,0.16,N,3,0,0,0.033784339338270755,Low Risk
45,29676,RENT,5.0,EDUCATION,C,2700,12.84,0.09,Y,17,0,0,0.14577256332380142,Low Risk
26,45000,RENT,0.0,DEBTCONSOLIDATION,B,9000,10.39,0.2,N,2,0,0,0.08374374713209276,Low Risk
31,41004,MORTGAGE,5.0,DEBTCONSOLIDATION,A,4000,10.99,0.1,N,5,0,0,0.07251142323499697,Low Risk
26,50000,OWN,7.0,MEDICAL,A,12000,8.49,0.24,N,4,0,0,0.014182059122499025,Low Risk
27,45000,MORTGAGE,4.0,MEDICAL,A,5000,6.03,0.11,N,9,0,0,0.050390189060047004,Low Risk
23,66300,RENT,7.0,MEDICAL,D,9800,15.7,0.13,Y,2,1,1,0.6842839992623515,High Risk
33,54000,MORTGAGE,3.0,EDUCATION,F,16000,18.67,0.3,Y,10,1,1,0.6495164806311509,High Risk
24,47250,RENT,5.0,EDUCATION,B,12600,11.83,0.27,N,2,0,0,0.10228230296111936,Low Risk
27,86000,MORTGAGE,6.0,HOMEIMPROVEMENT,B,4500,10.37,0.05,N,6,0,0,0.05569386834215483,Low Risk
22,45630,RENT,0.0,VENTURE,E,2500,18.64,0.05,Y,4,1,1,0.7309200104906416,High Risk
26,66000,RENT,2.0,PERSONAL,D,15000,16.02,0.23,N,2,1,1,0.6372302281280708,High Risk
25,24000,RENT,1.0,DEBTCONSOLIDATION,D,12000,12.17,0.5,Y,4,1,1,0.9936770012453358,High Risk
25,55800,MORTGAGE,1.0,PERSONAL,B,4000,10.75,0.07,N,2,0,0,0.07551354306819882,Low Risk
23,44000,RENT,0.0,HOMEIMPROVEMENT,F,13000,17.26,0.3,Y,3,1,1,0.9559074367363019,High Risk
26,108160,RENT,4.0,EDUCATION,E,35000,18.39,0.32,N,4,1,1,0.9591187610340318,High Risk
33,62000,MORTGAGE,3.0,EDUCATION,A,3700,6.39,0.06,N,7,0,0,0.036098829549709006,Low Risk
24,50000,RENT,1.0,HOMEIMPROVEMENT,D,5000,15.62,0.1,N,4,1,1,0.784531342750023,High Risk
22,115200,RENT,0.0,DEBTCONSOLIDATION,A,7000,7.66,0.06,N,2,0,0,0.03575087885226476,Low Risk
43,70000,RENT,23.0,VENTURE,A,11000,7.29,0.16,N,16,0,0,0.016872253935429887,Low Risk
34,46000,MORTGAGE,5.0,VENTURE,A,10000,6.62,0.22,N,6,0,0,0.016676429883813005,Low Risk
22,50000,RENT,7.0,DEBTCONSOLIDATION,B,15600,12.21,0.31,N,4,1,1,0.9751382276386612,High Risk
29,112500,MORTGAGE,11.0,EDUCATION,C,3000,13.35,0.03,N,10,0,0,0.0457812072689524,Low Risk
29,83300,MORTGAGE,5.0,MEDICAL,E,5000,16.95,0.05,Y,6,1,1,0.7337055107161671,High Risk
38,39000,RENT,1.0,EDUCATION,E,5000,17.74,0.13,N,17,1,1,0.8326176622247903,High Risk
24,55000,MORTGAGE,2.0,HOMEIMPROVEMENT,A,8000,8.0,0.15,N,2,0,0,0.07505351827511028,Low Risk
30,36000,MORTGAGE,4.0,VENTURE,C,5000,13.85,0.14,N,5,0,0,0.092419308834893,Low Risk
31,81000,RENT,1.0,PERSONAL,D,15000,14.42,0.19,N,6,1,1,0.5224273983895726,Medium Risk
25,42348,MORTGAGE,9.0,DEBTCONSOLIDATION,A,8000,10.99,0.19,N,2,0,0,0.07208784764315437,Low Risk
24,28900,MORTGAGE,2.0,DEBTCONSOLIDATION,C,5500,12.98,0.19,Y,2,0,0,0.17473992631776128,Low Risk
33,39504,MORTGAGE,17.0,EDUCATION,A,3000,7.37,0.08,N,5,0,0,0.07598304652156479,Low Risk
35,105000,RENT,6.0,VENTURE,B,24000,9.25,0.23,N,7,0,0,0.024671796455140386,Low Risk
25,72000,MORTGAGE,7.0,MEDICAL,B,25000,11.89,0.35,N,2,0,0,0.1721057649837316,Low Risk
25,71328,MORTGAGE,3.0,EDUCATION,D,25000,14.96,0.35,Y,3,0,0,0.2761126478891682,Low Risk
21,24300,OWN,3.0,MEDICAL,B,4500,11.83,0.19,N,4,0,0,0.025970251574071006,Low Risk
27,29040,RENT,11.0,DEBTCONSOLIDATION,C,1800,13.23,0.06,Y,5,1,0,0.1655605904750199,Low Risk
33,91384,MORTGAGE,17.0,EDUCATION,B,1600,10.25,0.02,N,5,0,0,0.036500397990978206,Low Risk
29,80000,OWN,0.0,VENTURE,C,24000,12.87,0.3,N,9,0,0,0.014711720469343945,Low Risk
22,26400,RENT,0.0,EDUCATION,C,5500,13.72,0.21,Y,2,0,0,0.17317465673009547,Low Risk
27,44500,RENT,5.0,PERSONAL,B,2500,11.99,0.06,N,10,0,0,0.0889603467785677,Low Risk
25,65000,RENT,8.0,HOMEIMPROVEMENT,C,18000,10.99,0.28,N,3,0,0,0.12232394685397394,Low Risk
22,74800,RENT,3.0,MEDICAL,D,20000,14.96,0.23,Y,4,1,1,0.7153904183450832,High Risk
23,69000,RENT,7.0,DEBTCONSOLIDATION,D,6000,16.02,0.09,Y,2,1,1,0.8246862410374816,High Risk
40,64200,RENT,2.0,DEBTCONSOLIDATION,A,3000,7.74,0.05,N,17,0,0,0.050165509746381926,Low Risk
24,54000,MORTGAGE,9.0,MEDICAL,A,8525,8.59,0.16,N,4,0,0,0.05323738129961423,Low Risk
28,105000,MORTGAGE,1.0,DEBTCONSOLIDATION,A,24000,10.99,0.23,N,6,0,0,0.05435074602305612,Low Risk
27,116000,MORTGAGE,0.0,EDUCATION,C,3500,12.53,0.03,N,10,1,0,0.047985529010819504,Low Risk
26,110000,RENT,3.0,HOMEIMPROVEMENT,C,25000,10.99,0.23,Y,2,0,0,0.07677333167213787,Low Risk
37,45000,RENT,1.0,DEBTCONSOLIDATION,A,7000,7.49,0.16,N,15,0,0,0.04989619493924894,Low Risk
23,75000,MORTGAGE,3.0,VENTURE,A,14400,6.03,0.19,N,4,0,0,0.013432795608417362,Low Risk
25,68000,MORTGAGE,3.0,HOMEIMPROVEMENT,D,6500,16.29,0.1,Y,3,0,0,0.4352924389634424,Medium Risk
23,77200,RENT,1.0,EDUCATION,B,3000,9.63,0.04,N,2,0,0,0.05925054610771232,Low Risk
23,30000,RENT,2.0,EDUCATION,B,8000,12.42,0.27,N,2,0,0,0.19351776255676204,Low Risk
33,43000,RENT,2.0,EDUCATION,A,7000,7.88,0.16,N,6,0,0,0.05046199845743683,Low Risk
22,60000,MORTGAGE,7.0,VENTURE,B,6000,10.38,0.1,N,2,0,0,0.0190681202023259,Low Risk
23,28800,MORTGAGE,4.0,MEDICAL,A,10625,10.99,0.37,N,2,0,0,0.20057933784386459,Low Risk
29,30996,MORTGAGE,8.0,MEDICAL,A,8875,7.66,0.29,N,9,0,0,0.1201083329242755,Low Risk
40,70000,MORTGAGE,16.0,HOMEIMPROVEMENT,A,12000,5.79,0.17,N,14,0,0,0.04726483018639968,Low Risk
23,80000,RENT,6.0,VENTURE,A,6500,7.51,0.08,N,3,0,0,0.010881783675382591,Low Risk
24,51630,RENT,0.0,MEDICAL,B,4900,9.99,0.09,N,3,0,0,0.09351316462445948,Low Risk
25,55000,RENT,9.0,EDUCATION,B,9000,10.99,0.16,N,4,0,0,0.08396666730210813,Low Risk
25,26500,RENT,9.0,PERSONAL,B,6000,12.42,0.23,N,3,0,0,0.14740171490247667,Low Risk
31,30000,OWN,6.0,VENTURE,B,2500,11.36,0.08,N,9,0,0,0.011165528062651583,Low Risk
27,40000,OWN,11.0,EDUCATION,A,6400,9.32,0.16,N,6,0,0,0.01156192307441366,Low Risk
25,50000,MORTGAGE,4.0,DEBTCONSOLIDATION,A,9000,6.03,0.18,N,2,0,0,0.04879487553826187,Low Risk
33,83000,RENT,5.0,EDUCATION,A,7200,8.0,0.09,N,8,0,0,0.03139479539264742,Low Risk
27,23004,RENT,1.0,MEDICAL,B,6250,10.38,0.27,N,6,0,0,0.17668758615788846,Low Risk
23,30652,MORTGAGE,4.0,DEBTCONSOLIDATION,D,6000,14.54,0.2,Y,2,1,1,0.8721944431977667,High Risk
21,61000,RENT,3.0,EDUCATION,B,7500,10.39,0.12,N,4,0,0,0.05892351189688564,Low Risk
26,55000,RENT,10.0,MEDICAL,A,6000,5.42,0.11,N,4,0,0,0.05281949923360885,Low Risk
26,43000,RENT,3.0,EDUCATION,C,2500,13.49,0.06,N,2,0,0,0.0910846596733754,Low Risk
27,258000,RENT,11.0,EDUCATION,E,35000,18.64,0.14,Y,7,1,0,0.34318470631962505,Medium Risk
25,99000,MORTGAGE,9.0,DEBTCONSOLIDATION,A,15000,6.17,0.15,N,4,0,0,0.03302344451737036,Low Risk
33,37440,RENT,5.0,PERSONAL,B,4400,11.71,0.12,N,8,0,0,0.09536397824288896,Low Risk
24,45000,RENT,8.0,MEDICAL,E,20000,10.99,0.44,N,2,1,1,0.9939965717662231,High Risk
25,51000,MORTGAGE,6.0,EDUCATION,C,3000,13.99,0.06,N,2,0,0,0.11533051980790514,Low Risk
26,19200,RENT,3.0,MEDICAL,A,2000,6.17,0.1,N,4,0,0,0.2019033522138685,Low Risk
21,18000,RENT,5.0,MEDICAL,B,1500,12.18,0.08,N,3,1,0,0.35326379941922575,Medium Risk
37,65000,RENT,7.0,EDUCATION,C,12000,13.98,0.18,N,15,0,0,0.07489158458776646,Low Risk
24,65450,RENT,7.0,DEBTCONSOLIDATION,A,9600,8.49,0.15,N,2,0,0,0.047509316617274464,Low Risk
30,72000,MORTGAGE,5.0,HOMEIMPROVEMENT,B,7500,9.76,0.1,N,9,1,0,0.07712691641376831,Low Risk
33,103560,RENT,5.0,EDUCATION,E,14000,17.56,0.14,N,5,0,0,0.2750147846236964,Low Risk
26,35000,RENT,10.0,MEDICAL,B,12875,10.99,0.37,N,2,1,1,0.9727875773486188,High Risk
26,73200,MORTGAGE,10.0,VENTURE,C,17500,10.99,0.24,N,3,0,0,0.0659905407789887,Low Risk
28,92004,MORTGAGE,2.0,VENTURE,A,7000,9.63,0.08,N,8,0,0,0.012325250428894607,Low Risk
25,130000,RENT,0.0,PERSONAL,C,20000,15.27,0.15,N,2,0,0,0.14031514021177546,Low Risk
24,45336,MORTGAGE,8.0,MEDICAL,A,10000,5.99,0.22,N,2,0,0,0.050088856122831864,Low Risk
22,33000,RENT,4.0,MEDICAL,A,6500,6.17,0.2,N,4,0,0,0.1129726109645232,Low Risk
32,100000,MORTGAGE,2.0,MEDICAL,C,35000,10.99,0.35,N,10,0,0,0.1462084140145086,Low Risk
28,60000,MORTGAGE,0.0,PERSONAL,A,4000,7.9,0.07,N,8,0,0,0.030602564232425477,Low Risk
23,76000,MORTGAGE,7.0,DEBTCONSOLIDATION,D,9000,10.99,0.12,Y,3,1,1,0.5858549854344249,Medium Risk
24,48732,OTHER,6.0,MEDICAL,A,3500,9.32,0.07,N,4,0,0,0.053556587732899036,Low Risk
27,110000,MORTGAGE,0.0,MEDICAL,B,10000,10.37,0.09,N,9,0,0,0.05407285757746771,Low Risk
48,66000,RENT,6.0,VENTURE,B,6000,11.89,0.09,N,11,0,0,0.0368211796867629,Low Risk
22,81000,MORTGAGE,5.0,EDUCATION,A,6600,7.88,0.08,N,4,0,0,0.026901436594014963,Low Risk
29,45000,OWN,4.0,VENTURE,B,20000,10.62,0.44,N,6,0,0,0.0179985313194908,Low Risk
24,130000,RENT,7.0,DEBTCONSOLIDATION,B,24000,11.49,0.18,N,3,0,0,0.09923851997017276,Low Risk
34,24000,OWN,4.0,HOMEIMPROVEMENT,C,2400,13.98,0.1,N,9,0,0,0.04744406992586459,Low Risk
31,24000,OWN,0.0,EDUCATION,B,6200,11.14,0.26,N,8,0,0,0.025235425471239387,Low Risk
24,79200,OWN,8.0,VENTURE,A,3800,6.62,0.05,N,4,0,0,0.005533705404409468,Low Risk
23,34000,MORTGAGE,0.0,EDUCATION,C,4000,14.17,0.12,N,2,1,0,0.25232970516930736,Low Risk
25,80000,MORTGAGE,4.0,MEDICAL,C,25000,13.49,0.31,N,2,0,0,0.1924595963848582,Low Risk
26,51600,RENT,10.0,EDUCATION,B,14000,10.37,0.27,N,2,1,0,0.08613653224133645,Low Risk
22,183000,MORTGAGE,3.0,EDUCATION,A,1000,10.99,0.01,N,2,0,0,0.029365728631792036,Low Risk
21,125000,MORTGAGE,0.0,PERSONAL,A,10000,7.51,0.08,N,2,0,0,0.024962008181637425,Low Risk
26,75000,MORTGAGE,10.0,EDUCATION,A,9600,5.42,0.13,N,3,0,0,0.03325960870650909,Low Risk
21,30000,MORTGAGE,5.0,VENTURE,B,6400,10.99,0.21,N,3,0,0,0.08221403567681093,Low Risk
30,59004,RENT,3.0,HOMEIMPROVEMENT,D,14000,15.28,0.24,N,10,0,1,0.6890064661702943,High Risk
25,91229,RENT,2.0,EDUCATION,C,20000,14.35,0.22,N,3,0,0,0.08544626347480665,Low Risk
24,30000,RENT,2.0,VENTURE,A,3000,7.49,0.1,N,3,0,0,0.056151032765921274,Low Risk
28,128000,MORTGAGE,11.0,DEBTCONSOLIDATION,G,14400,22.11,0.11,Y,8,1,1,0.9364667410500107,High Risk
35,36000,RENT,1.0,VENTURE,C,5600,13.06,0.16,N,7,0,0,0.11440420866820686,Low Risk
24,82308,RENT,4.0,HOMEIMPROVEMENT,B,15125,10.36,0.18,N,4,0,0,0.05517611442416842,Low Risk
34,54000,MORTGAGE,5.0,PERSONAL,A,3500,5.99,0.06,N,6,0,0,0.04356890447547817,Low Risk
28,135000,RENT,8.0,MEDICAL,B,10800,10.99,0.08,N,7,0,0,0.05884637995563548,Low Risk
37,31200,MORTGAGE,5.0,EDUCATION,B,3000,9.99,0.1,N,16,0,0,0.12454966038004837,Low Risk
34,56000,RENT,16.0,DEBTCONSOLIDATION,A,5000,8.9,0.09,N,5,0,0,0.05419634587998627,Low Risk
31,72500,MORTGAGE,12.0,VENTURE,B,8875,11.99,0.12,N,8,0,0,0.03349094746954138,Low Risk
21,44000,RENT,6.0,EDUCATION,D,8000,15.21,0.18,N,2,1,0,0.44952908308034617,Medium Risk
27,26000,MORTGAGE,11.0,MEDICAL,A,5000,8.94,0.19,N,9,0,0,0.10713905583548797,Low Risk
30,180000,MORTGAGE,14.0,DEBTCONSOLIDATION,B,20000,11.48,0.11,N,8,0,0,0.07923168771382437,Low Risk
26,105000,OWN,10.0,HOMEIMPROVEMENT,B,4800,11.71,0.05,N,4,0,0,0.011936702757634006,Low Risk
27,150792,MORTGAGE,11.0,PERSONAL,B,6000,11.71,0.04,N,9,0,0,0.04439288471336169,Low Risk
35,30000,RENT,0.0,VENTURE,B,3000,10.65,0.1,N,8,0,0,0.0831079198216422,Low Risk
30,45600,MORTGAGE,0.0,PERSONAL,A,6400,8.94,0.14,N,7,0,0,0.04667936742481541,Low Risk
24,39000,RENT,2.0,DEBTCONSOLIDATION,E,16000,19.91,0.41,Y,3,1,1,0.9982969508067637,High Risk
30,42000,RENT,5.0,MEDICAL,B,11000,10.36,0.26,N,10,0,0,0.1069116051459665,Low Risk
27,55000,RENT,1.0,EDUCATION,A,17000,7.88,0.31,N,5,1,1,0.9562257274639451,High Risk
21,30000,RENT,5.0,EDUCATION,A,8400,6.03,0.28,N,3,0,0,0.1400499812480309,Low Risk
22,26004,MORTGAGE,6.0,PERSONAL,A,12000,7.88,0.46,N,4,1,0,0.18267430038063226,Low Risk
24,134300,MORTGAGE,2.0,MEDICAL,E,12000,16.45,0.08,N,2,1,1,0.7463479709444754,High Risk
25,55315,RENT,3.0,EDUCATION,B,15000,10.74,0.27,N,2,0,0,0.0914862662961467,Low Risk
30,130000,MORTGAGE,14.0,VENTURE,B,4000,10.99,0.03,N,6,0,0,0.021693522805437054,Low Risk
23,31800,RENT,7.0,PERSONAL,C,9600,13.48,0.3,Y,3,1,0,0.21001881206621656,Low Risk
23,36000,RENT,1.0,MEDICAL,C,5000,13.22,0.14,N,4,0,0,0.1287697803533452,Low Risk
32,60000,RENT,2.0,PERSONAL,B,6000,11.36,0.1,N,8,0,0,0.06201018783804373,Low Risk
37,30000,RENT,7.0,MEDICAL,B,10000,9.25,0.33,N,16,1,1,0.9674172667555139,High Risk
34,21000,RENT,2.0,MEDICAL,A,2100,7.88,0.1,N,8,0,0,0.08835812908062125,Low Risk
32,30000,RENT,1.0,EDUCATION,B,11450,9.99,0.38,N,6,1,1,0.9656805585749689,High Risk
26,116004,MORTGAGE,11.0,VENTURE,B,20000,12.21,0.17,N,2,0,0,0.02495131511350026,Low Risk
23,81600,RENT,3.0,PERSONAL,B,11000,10.99,0.13,N,3,0,0,0.05207555659124841,Low Risk
28,133000,MORTGAGE,6.0,DEBTCONSOLIDATION,E,20000,10.99,0.15,Y,5,1,1,0.5832086870665625,Medium Risk
25,35000,RENT,4.0,DEBTCONSOLIDATION,A,1100,6.76,0.03,N,2,0,0,0.0605359914562174,Low Risk
24,35000,RENT,3.0,VENTURE,C,8400,12.87,0.24,Y,4,0,0,0.0938710081408213,Low Risk
25,158000,MORTGAGE,10.0,VENTURE,C,20000,14.26,0.13,Y,2,0,0,0.06060023813262301,Low Risk
21,35100,RENT,1.0,EDUCATION,A,3500,5.79,0.1,N,2,0,0,0.053341816285871535,Low Risk
29,90000,MORTGAGE,13.0,DEBTCONSOLIDATION,A,6000,6.03,0.07,N,5,0,0,0.03097134559315654,Low Risk
24,70000,RENT,0.0,MEDICAL,C,6425,13.72,0.09,N,2,0,0,0.10407567182434228,Low Risk
31,741600,MORTGAGE,3.0,MEDICAL,B,12000,10.25,0.02,N,6,0,0,0.050968182733660265,Low Risk
27,163232,MORTGAGE,5.0,VENTURE,B,4800,11.71,0.03,N,8,0,0,0.021693522805437054,Low Risk
42,26280,RENT,2.0,DEBTCONSOLIDATION,B,4000,9.99,0.15,N,17,0,0,0.128614777530447,Low Risk
31,64450,RENT,3.0,VENTURE,C,12000,12.73,0.19,N,8,0,0,0.07211727085704563,Low Risk
37,45600,RENT,2.0,DEBTCONSOLIDATION,B,4500,11.86,0.1,N,16,0,0,0.10446843088629865,Low Risk
23,105000,MORTGAGE,5.0,EDUCATION,E,15000,16.82,0.14,Y,4,0,0,0.22291471780168629,Low Risk
23,58650,RENT,7.0,MEDICAL,C,15000,13.43,0.22,Y,4,1,0,0.28134609264625526,Low Risk
26,56000,MORTGAGE,10.0,EDUCATION,A,6000,5.42,0.11,N,4,0,0,0.042996984199401636,Low Risk
29,180396,MORTGAGE,8.0,PERSONAL,B,18000,12.69,0.1,N,9,0,0,0.04439288471336169,Low Risk
28,38100,RENT,6.0,DEBTCONSOLIDATION,B,4800,9.63,0.13,N,10,1,0,0.08691026951432843,Low Risk
26,62004,RENT,9.0,DEBTCONSOLIDATION,A,24000,7.9,0.39,N,3,1,1,0.9670281828051985,High Risk
30,110000,RENT,5.0,VENTURE,D,20000,14.11,0.18,Y,5,0,0,0.19873498046034843,Low Risk
32,95000,RENT,1.0,DEBTCONSOLIDATION,B,19200,11.89,0.2,N,9,0,0,0.08964807918542039,Low Risk
25,31200,OWN,4.0,HOMEIMPROVEMENT,E,4000,17.19,0.13,Y,4,1,0,0.37460440308650134,Medium Risk
22,44172,RENT,4.0,PERSONAL,B,15000,10.37,0.34,N,3,1,1,0.9657838310558811,High Risk
41,110004,MORTGAGE,7.0,EDUCATION,C,25000,12.73,0.23,Y,14,0,0,0.05525940365327492,Low Risk
26,130000,MORTGAGE,5.0,PERSONAL,D,35000,18.25,0.27,Y,4,0,0,0.37917004872015897,Medium Risk
28,91800,MORTGAGE,6.0,MEDICAL,D,10000,16.89,0.09,Y,8,1,1,0.6624317456074513,High Risk
33,38400,OWN,1.0,EDUCATION,D,8000,15.58,0.21,Y,7,0,0,0.08268740574140249,Low Risk
41,102000,MORTGAGE,20.0,VENTURE,B,7500,11.49,0.07,N,17,0,0,0.021559899576924717,Low Risk
28,48000,RENT,4.0,MEDICAL,D,3500,15.21,0.07,Y,10,0,1,0.7658760926352933,High Risk
22,96000,MORTGAGE,4.0,VENTURE,A,8000,7.88,0.08,N,4,0,0,0.009500329373288726,Low Risk
22,31000,RENT,6.0,PERSONAL,D,15000,10.99,0.48,Y,4,1,1,0.9827859133766916,High Risk
23,36000,RENT,1.0,PERSONAL,D,7500,12.61,0.21,Y,2,1,1,0.5169269923507945,Medium Risk
23,45000,MORTGAGE,4.0,VENTURE,C,8650,14.27,0.19,N,3,0,0,0.10900052743696165,Low Risk
29,95000,MORTGAGE,4.0,DEBTCONSOLIDATION,C,2400,13.72,0.03,N,9,0,0,0.07934046880861534,Low Risk
28,64049,MORTGAGE,7.0,EDUCATION,B,20000,12.69,0.31,N,7,0,0,0.13009414000593247,Low Risk
24,98400,MORTGAGE,0.0,EDUCATION,C,8000,12.68,0.08,N,2,0,0,0.04769785363800298,Low Risk
25,61200,MORTGAGE,9.0,MEDICAL,D,20000,14.74,0.28,Y,2,1,1,0.6626418110609306,High Risk
24,46256,RENT,7.0,EDUCATION,B,10000,11.48,0.22,N,3,0,0,0.08396666730210813,Low Risk
39,56000,RENT,16.0,DEBTCONSOLIDATION,C,10000,13.06,0.18,N,11,0,0,0.1153252643097708,Low Risk
27,25200,RENT,0.0,VENTURE,C,2550,14.27,0.1,N,5,0,0,0.22331330548398956,Low Risk
33,44784,RENT,2.0,EDUCATION,D,10000,10.99,0.22,N,6,1,0,0.40723778867533317,Medium Risk
26,48996,RENT,8.0,DEBTCONSOLIDATION,D,2500,14.59,0.05,N,2,1,1,0.8374251495075838,High Risk
23,55000,OWN,7.0,VENTURE,B,1000,11.49,0.02,N,4,0,0,0.007588140192645558,Low Risk
26,105000,OWN,10.0,VENTURE,D,10000,15.65,0.1,Y,4,0,0,0.019967539139902724,Low Risk
41,444000,MORTGAGE,4.0,EDUCATION,D,2500,15.31,0.01,N,11,0,0,0.20839901614043443,Low Risk
45,36000,RENT,0.0,MEDICAL,B,10000,11.11,0.28,N,11,0,0,0.1378602476422241,Low Risk
27,45000,RENT,1.0,EDUCATION,B,6000,10.65,0.13,N,8,0,0,0.07468507472356874,Low Risk
34,143150,MORTGAGE,0.0,VENTURE,A,12000,9.32,0.08,N,6,0,0,0.012325250428894607,Low Risk
23,37500,RENT,2.0,DEBTCONSOLIDATION,C,8000,14.26,0.21,N,4,0,0,0.18165237640198628,Low Risk
23,58650,MORTGAGE,7.0,MEDICAL,A,5000,8.59,0.07,N,4,1,0,0.1335521860723854,Low Risk
24,57000,RENT,0.0,VENTURE,A,6000,7.9,0.11,N,3,0,0,0.028121911823090196,Low Risk
28,33600,RENT,12.0,EDUCATION,B,4200,10.0,0.13,N,5,0,0,0.1250742845876773,Low Risk
24,56000,OWN,8.0,EDUCATION,B,2000,11.49,0.04,N,2,0,0,0.014179379861971455,Low Risk
22,65000,RENT,6.0,DEBTCONSOLIDATION,B,17700,11.49,0.27,N,2,0,0,0.12598383075898906,Low Risk
33,163400,MORTGAGE,17.0,EDUCATION,E,10000,18.39,0.06,N,5,1,0,0.2431561132975457,Low Risk
27,75000,MORTGAGE,1.0,PERSONAL,C,18000,13.57,0.24,Y,9,0,0,0.08808061528792531,Low Risk
28,50176,RENT,3.0,VENTURE,B,5000,10.59,0.1,N,7,0,0,0.032588537623022426,Low Risk
24,33600,RENT,5.0,PERSONAL,B,4450,11.49,0.13,N,4,0,0,0.14242744415360006,Low Risk
27,80000,MORTGAGE,4.0,MEDICAL,A,15000,6.54,0.19,N,8,0,0,0.03026702560055719,Low Risk
23,40000,OWN,6.0,EDUCATION,A,3000,7.66,0.07,N,3,0,0,0.011585905828659678,Low Risk
25,56004,MORTGAGE,5.0,DEBTCONSOLIDATION,B,8000,11.71,0.14,N,3,1,0,0.10665531925778764,Low Risk
25,46596,RENT,2.0,DEBTCONSOLIDATION,B,13200,12.53,0.28,N,4,0,0,0.12594104860694091,Low Risk
22,34000,RENT,5.0,VENTURE,A,7200,7.9,0.21,N,4,0,0,0.07132907868950954,Low Risk
37,103000,RENT,3.0,DEBTCONSOLIDATION,A,18550,7.88,0.18,N,12,0,0,0.03507099743694409,Low Risk
27,61000,RENT,7.0,PERSONAL,B,13000,10.59,0.21,N,8,1,0,0.06287307874017481,Low Risk
28,300000,MORTGAGE,1.0,PERSONAL,C,9600,15.23,0.03,Y,10,0,0,0.1054413921753455,Low Risk
27,44000,RENT,5.0,VENTURE,C,10000,15.27,0.23,Y,7,1,0,0.16215588901239605,Low Risk
34,60000,MORTGAGE,6.0,PERSONAL,E,10500,15.68,0.17,Y,9,0,0,0.2001814396800824,Low Risk
32,95000,RENT,16.0,HOMEIMPROVEMENT,A,4000,7.49,0.04,N,8,0,0,0.03246096633620973,Low Risk
23,15600,RENT,1.0,VENTURE,A,4500,5.99,0.29,N,3,1,1,0.9377782610273602,High Risk
25,65004,RENT,1.0,HOMEIMPROVEMENT,C,4800,13.49,0.07,N,3,0,0,0.10905621203343711,Low Risk
23,42806,MORTGAGE,7.0,EDUCATION,A,1000,7.51,0.02,N,2,0,0,0.05004094426378598,Low Risk
23,29472,RENT,3.0,DEBTCONSOLIDATION,C,11000,13.49,0.37,N,4,1,1,0.973010553251196,High Risk
26,80004,RENT,8.0,EDUCATION,B,15000,11.89,0.19,N,4,0,0,0.05253180161905777,Low Risk
27,92300,MORTGAGE,6.0,HOMEIMPROVEMENT,E,17500,17.93,0.19,N,5,0,0,0.26592150909771944,Low Risk
23,65000,RENT,2.0,EDUCATION,A,28000,7.9,0.43,N,2,1,1,0.9537016595428928,High Risk
26,51000,MORTGAGE,10.0,DEBTCONSOLIDATION,D,13000,15.33,0.25,Y,2,1,1,0.8416560098083824,High Risk
24,115000,OWN,8.0,DEBTCONSOLIDATION,D,35000,16.89,0.3,Y,4,0,0,0.25740023694826103,Low Risk
33,77000,MORTGAGE,9.0,PERSONAL,A,12000,7.29,0.16,N,10,0,0,0.03350148530053881,Low Risk
23,50000,RENT,0.0,MEDICAL,C,5600,11.03,0.11,Y,4,0,0,0.12470825698052265,Low Risk
24,50000,RENT,0.0,VENTURE,C,11200,13.85,0.22,Y,3,0,0,0.13098769376731678,Low Risk
31,87504,MORTGAGE,14.0,MEDICAL,A,12650,8.9,0.14,N,10,0,0,0.03471261577227345,Low Risk
39,68000,MORTGAGE,1.0,PERSONAL,C,16000,13.49,0.24,Y,13,0,0,0.08867421860850218,Low Risk
28,90000,RENT,7.0,VENTURE,C,16000,12.68,0.18,N,10,0,0,0.039004072509058976,Low Risk
25,80000,RENT,0.0,MEDICAL,B,10000,10.37,0.13,N,2,0,0,0.05215813524853388,Low Risk
30,36500,RENT,5.0,EDUCATION,A,14125,8.9,0.39,N,7,1,1,0.9628095520403913,High Risk
33,62000,RENT,1.0,PERSONAL,A,3000,6.99,0.05,N,9,0,0,0.041502977700672974,Low Risk
26,263000,MORTGAGE,0.0,EDUCATION,B,10000,10.99,0.04,N,4,1,0,0.044588675945998794,Low Risk
22,107000,MORTGAGE,6.0,DEBTCONSOLIDATION,D,35000,16.49,0.33,Y,3,1,1,0.6031323648252508,High Risk
21,22240,RENT,5.0,MEDICAL,B,2650,9.88,0.12,N,3,0,0,0.1303778073062644,Low Risk
33,55000,RENT,1.0,EDUCATION,C,10725,13.16,0.2,N,6,0,0,0.09575996092716052,Low Risk
22,31224,RENT,0.0,EDUCATION,A,6400,9.32,0.2,N,4,0,0,0.11410265693384286,Low Risk
25,37980,MORTGAGE,7.0,PERSONAL,A,3500,6.03,0.09,N,3,0,0,0.051765739105416535,Low Risk
59,42000,RENT,14.0,PERSONAL,A,9600,7.66,0.23,N,19,0,0,0.051791247080565726,Low Risk
25,80004,RENT,5.0,EDUCATION,B,10000,9.62,0.12,N,4,0,0,0.043889101475847465,Low Risk
26,53000,OWN,2.0,HOMEIMPROVEMENT,B,2500,9.91,0.05,N,2,0,0,0.02637023176081159,Low Risk
25,78000,MORTGAGE,0.0,HOMEIMPROVEMENT,B,25000,9.64,0.32,N,4,0,0,0.17703752561233213,Low Risk
25,121000,MORTGAGE,1.0,EDUCATION,B,3600,11.83,0.03,N,3,0,0,0.04485848256356178,Low Risk
34,40000,RENT,3.0,MEDICAL,B,25000,10.25,0.63,N,8,1,1,0.9723389809885148,High Risk
41,43000,RENT,0.0,VENTURE,A,7000,7.43,0.16,N,13,0,0,0.02791994684958401,Low Risk
33,63996,MORTGAGE,15.0,DEBTCONSOLIDATION,A,3200,5.42,0.05,N,6,0,0,0.04717671647334633,Low Risk
29,102400,RENT,2.0,HOMEIMPROVEMENT,B,2000,8.88,0.02,N,7,0,0,0.054760014518744786,Low Risk
28,52000,MORTGAGE,0.0,PERSONAL,A,7500,9.32,0.14,N,6,0,0,0.04667936742481541,Low Risk
23,56525,RENT,1.0,MEDICAL,B,15000,11.48,0.23,N,4,1,0,0.11794717290993191,Low Risk
22,18000,RENT,0.0,VENTURE,C,3500,13.48,0.19,Y,2,1,1,0.9084969760572622,High Risk
33,44004,MORTGAGE,4.0,EDUCATION,A,9275,7.29,0.21,N,7,0,0,0.06750535755516102,Low Risk
29,71400,MORTGAGE,14.0,PERSONAL,C,10000,14.27,0.14,N,8,1,0,0.0936835006647629,Low Risk
27,49500,MORTGAGE,7.0,VENTURE,C,4750,15.27,0.1,N,7,1,0,0.1341910451123624,Low Risk
25,46500,RENT,5.0,EDUCATION,A,9500,6.76,0.2,N,3,0,0,0.04650570152172372,Low Risk
28,65004,RENT,12.0,PERSONAL,A,10000,7.88,0.15,N,6,0,0,0.038589967246999285,Low Risk
22,83200,RENT,3.0,EDUCATION,D,10000,16.29,0.12,N,4,0,0,0.26241119117602074,Low Risk
29,50000,MORTGAGE,11.0,HOMEIMPROVEMENT,C,4000,10.78,0.08,N,5,0,0,0.14172452221177922,Low Risk
25,80000,RENT,0.0,HOMEIMPROVEMENT,B,11200,10.99,0.14,N,3,0,0,0.0559819244872144,Low Risk
23,30900,RENT,1.0,PERSONAL,A,5775,9.63,0.19,N,4,1,0,0.12039474933531866,Low Risk
24,36000,RENT,6.0,MEDICAL,E,15250,15.95,0.42,Y,2,1,1,0.9941272779759294,High Risk
24,70000,RENT,5.0,HOMEIMPROVEMENT,C,14400,12.23,0.21,N,4,0,0,0.09757777080867318,Low Risk
25,48000,OWN,7.0,EDUCATION,B,15000,10.25,0.31,N,4,0,0,0.029078310231066776,Low Risk
26,33800,RENT,4.0,EDUCATION,C,13000,13.57,0.38,N,4,1,1,0.9692491703103474,High Risk
25,62000,MORTGAGE,9.0,EDUCATION,B,2100,11.86,0.03,N,2,0,0,0.069642771528376,Low Risk
25,34000,MORTGAGE,2.0,MEDICAL,C,15450,11.22,0.45,Y,4,1,0,0.3560075165791229,Medium Risk
26,40000,MORTGAGE,5.0,MEDICAL,B,6000,10.62,0.15,N,4,0,0,0.07822458577997086,Low Risk
30,20800,RENT,0.0,MEDICAL,A,7250,8.0,0.35,N,10,1,1,0.9553899515880193,High Risk
25,66000,RENT,1.0,HOMEIMPROVEMENT,B,5050,11.49,0.08,N,2,0,0,0.10126267154620074,Low Risk
26,14400,RENT,2.0,DEBTCONSOLIDATION,D,2000,15.58,0.14,N,4,1,1,0.9296042591280572,High Risk
25,40000,RENT,0.0,EDUCATION,A,6000,7.66,0.15,N,3,0,0,0.04562832193428354,Low Risk
37,54000,RENT,15.0,MEDICAL,C,5400,13.99,0.1,Y,17,1,0,0.16012703440564457,Low Risk
25,87000,RENT,7.0,MEDICAL,C,9000,13.49,0.1,N,4,0,0,0.07224328997136668,Low Risk
22,85000,MORTGAGE,2.0,VENTURE,A,6000,7.88,0.07,N,2,0,0,0.013291204412558492,Low Risk
23,42500,MORTGAGE,7.0,EDUCATION,A,7500,8.49,0.18,N,3,0,0,0.04774623248332216,Low Risk
26,48000,MORTGAGE,10.0,DEBTCONSOLIDATION,C,11000,13.49,0.23,N,3,0,0,0.11515444371188996,Low Risk
24,120000,RENT,9.0,MEDICAL,C,15400,14.26,0.13,N,2,0,0,0.09064214739273957,Low Risk
23,21600,RENT,3.0,EDUCATION,B,5500,9.25,0.25,N,4,0,0,0.12191154228951567,Low Risk
23,69996,RENT,4.0,PERSONAL,C,15000,13.43,0.21,Y,4,0,0,0.08250761198906043,Low Risk
25,48000,MORTGAGE,2.0,VENTURE,B,5000,10.99,0.1,N,4,0,0,0.05361880101983657,Low Risk
25,49000,RENT,10.0,EDUCATION,A,9600,7.51,0.2,N,4,1,0,0.04745422124517761,Low Risk
26,47000,MORTGAGE,5.0,MEDICAL,A,6600,7.9,0.14,N,2,0,0,0.05323738129961423,Low Risk
23,21000,RENT,2.0,VENTURE,C,3000,12.68,0.14,N,3,0,0,0.1444108827718326,Low Risk
23,98400,MORTGAGE,0.0,EDUCATION,B,10000,11.14,0.1,N,4,0,0,0.04361651782610502,Low Risk
25,39000,MORTGAGE,9.0,MEDICAL,A,4500,6.54,0.12,N,4,0,0,0.08294961584272116,Low Risk
22,69528,RENT,6.0,VENTURE,C,6000,12.99,0.09,N,3,0,0,0.06802704463022256,Low Risk
29,85000,MORTGAGE,2.0,PERSONAL,A,10000,7.88,0.12,N,5,0,0,0.028254445284061225,Low Risk
26,84000,MORTGAGE,6.0,HOMEIMPROVEMENT,C,2150,13.47,0.03,N,2,0,0,0.0666376509972356,Low Risk
29,103089,MORTGAGE,2.0,EDUCATION,A,7000,10.99,0.07,N,9,0,0,0.02846529040074415,Low Risk
23,34320,RENT,5.0,DEBTCONSOLIDATION,F,7000,18.3,0.2,Y,3,1,1,0.8089438502673639,High Risk
28,45996,OTHER,12.0,VENTURE,B,5500,10.2,0.12,N,10,0,0,0.029448310492401417,Low Risk
23,120000,MORTGAGE,7.0,VENTURE,B,4400,11.71,0.04,N,3,0,0,0.021693522805437054,Low Risk
25,52000,RENT,9.0,EDUCATION,C,16000,13.98,0.31,N,3,1,1,0.9726441170905517,High Risk
23,34800,RENT,1.0,HOMEIMPROVEMENT,B,5000,10.99,0.14,N,2,1,1,0.8339461866566362,High Risk
51,98000,RENT,5.0,PERSONAL,C,6000,15.96,0.06,N,23,0,0,0.10032660919904562,Low Risk
57,53000,MORTGAGE,1.0,PERSONAL,C,5800,13.16,0.11,N,30,0,0,0.09719927871000529,Low Risk
36,78708,RENT,7.0,MEDICAL,B,24000,11.12,0.3,N,12,0,0,0.1631654005731533,Low Risk
25,26400,MORTGAGE,1.0,HOMEIMPROVEMENT,A,7500,8.9,0.28,N,3,0,0,0.25943995823453825,Low Risk
23,29520,RENT,7.0,EDUCATION,D,8500,15.37,0.29,Y,2,0,1,0.5845573984866502,Medium Risk
23,30000,MORTGAGE,6.0,PERSONAL,C,2400,10.99,0.08,N,4,0,0,0.1461630701639298,Low Risk
30,45000,MORTGAGE,11.0,MEDICAL,A,2500,6.76,0.06,N,10,0,0,0.054541337689449285,Low Risk
26,61000,MORTGAGE,5.0,VENTURE,B,19200,11.48,0.31,N,3,0,0,0.0929844153120436,Low Risk
21,50808,RENT,2.0,EDUCATION,A,4000,6.17,0.08,N,4,0,0,0.04576875789383493,Low Risk
30,75000,MORTGAGE,9.0,HOMEIMPROVEMENT,C,14000,13.79,0.19,N,8,1,0,0.09529131491362539,Low Risk
28,41700,MORTGAGE,7.0,VENTURE,B,7750,12.21,0.19,N,9,0,0,0.04233118259083901,Low Risk
30,89000,MORTGAGE,14.0,VENTURE,A,4000,6.03,0.04,N,6,0,0,0.01144769842792303,Low Risk
24,41000,RENT,1.0,DEBTCONSOLIDATION,C,7000,12.53,0.17,N,2,0,0,0.110643809876136,Low Risk
35,165000,MORTGAGE,3.0,VENTURE,B,8000,11.49,0.05,N,8,0,0,0.021559899576924717,Low Risk
24,85000,MORTGAGE,2.0,PERSONAL,B,9600,10.37,0.11,N,4,0,0,0.04683362458633106,Low Risk
25,54000,MORTGAGE,5.0,DEBTCONSOLIDATION,B,5100,9.62,0.09,N,4,0,0,0.08410045384982948,Low Risk
22,37000,RENT,4.0,DEBTCONSOLIDATION,B,10000,10.99,0.27,N,2,0,0,0.13331977356206903,Low Risk
34,65000,RENT,3.0,PERSONAL,D,15000,10.99,0.23,Y,6,0,0,0.2608847306881334,Low Risk
23,57996,RENT,1.0,MEDICAL,C,11650,13.47,0.2,N,2,0,0,0.12502888654104388,Low Risk
23,115275,RENT,7.0,EDUCATION,C,7500,11.28,0.07,Y,4,0,0,0.0480996357934435,Low Risk
21,60000,MORTGAGE,0.0,MEDICAL,C,10000,10.99,0.17,Y,4,0,0,0.08490771324170522,Low Risk
36,60000,RENT,2.0,PERSONAL,A,2400,5.79,0.04,N,17,0,0,0.033295820583035436,Low Risk
44,51850,RENT,7.0,MEDICAL,D,10000,14.11,0.16,N,12,1,1,0.6990235248690101,High Risk
31,200000,RENT,5.0,HOMEIMPROVEMENT,B,15000,11.36,0.07,N,8,0,0,0.05217906185722226,Low Risk
24,15000,RENT,8.0,DEBTCONSOLIDATION,C,4200,13.11,0.28,Y,2,1,1,0.9115291286888131,High Risk
23,34560,MORTGAGE,1.0,MEDICAL,B,10000,10.59,0.29,N,2,0,0,0.19165615740382436,Low Risk
28,36400,OWN,3.0,PERSONAL,B,7000,11.11,0.19,N,9,0,0,0.01590861931989711,Low Risk
24,22044,RENT,3.0,HOMEIMPROVEMENT,E,4375,16.4,0.2,Y,3,1,1,0.8922210447782851,High Risk
22,34480,RENT,4.0,VENTURE,D,1550,15.21,0.04,Y,3,0,0,0.45273506402963376,Medium Risk
37,85000,RENT,3.0,EDUCATION,C,10000,14.27,0.12,N,14,0,0,0.07134769557484891,Low Risk
34,69000,RENT,0.0,VENTURE,D,12800,15.7,0.19,N,5,1,1,0.5074244318100172,Medium Risk
25,35004,RENT,3.0,PERSONAL,A,5000,8.94,0.14,N,2,0,0,0.057767397960459606,Low Risk
24,75000,RENT,4.0,VENTURE,B,20000,8.88,0.27,N,2,0,0,0.03751462597572873,Low Risk
28,40000,RENT,2.0,MEDICAL,B,14000,11.89,0.35,N,8,1,1,0.9713351499986316,High Risk
31,96000,MORTGAGE,7.0,VENTURE,C,25000,10.99,0.26,N,5,1,0,0.052324278453846074,Low Risk
26,51500,OWN,10.0,HOMEIMPROVEMENT,A,15000,6.92,0.29,N,2,0,0,0.02174984709309097,Low Risk
23,95000,MORTGAGE,7.0,EDUCATION,C,15000,12.73,0.16,Y,4,0,0,0.04551157792965953,Low Risk
29,145000,MORTGAGE,0.0,VENTURE,B,25000,10.08,0.17,N,8,0,0,0.024199267685365698,Low Risk
32,90000,RENT,2.0,MEDICAL,B,12000,10.62,0.13,N,5,0,0,0.05167858870005186,Low Risk
29,76200,MORTGAGE,13.0,EDUCATION,A,20000,6.91,0.26,N,7,0,0,0.04182057444860497,Low Risk
23,53352,RENT,3.0,VENTURE,A,17500,6.54,0.33,N,2,1,1,0.9225547073227907,High Risk
22,53000,OWN,7.0,VENTURE,B,2250,10.62,0.04,N,3,0,0,0.006112122408942014,Low Risk
25,50000,RENT,5.0,HOMEIMPROVEMENT,A,3000,6.03,0.06,N,3,0,0,0.08384292143192533,Low Risk
31,36000,MORTGAGE,2.0,HOMEIMPROVEMENT,A,4800,7.51,0.13,N,5,0,0,0.09674671886358073,Low Risk
26,150000,OWN,6.0,EDUCATION,D,7000,14.96,0.05,Y,4,0,0,0.02981537763870837,Low Risk
25,50450,RENT,3.0,EDUCATION,B,2000,9.88,0.04,N,3,0,0,0.07328170225935784,Low Risk
36,28800,RENT,2.0,EDUCATION,C,6000,15.96,0.21,Y,12,0,0,0.3462482514459374,Medium Risk
39,55000,RENT,2.0,EDUCATION,C,6000,12.99,0.11,N,13,0,0,0.09575996092716052,Low Risk
27,105000,MORTGAGE,9.0,PERSONAL,A,24000,6.17,0.23,N,6,0,0,0.030278468895189564,Low Risk
30,75000,RENT,9.0,PERSONAL,D,25000,15.2,0.33,N,5,1,1,0.9720774899108877,High Risk
26,138000,MORTGAGE,4.0,EDUCATION,F,18000,16.4,0.13,N,3,1,0,0.45437232638425656,Medium Risk
31,54000,RENT,1.0,MEDICAL,C,4800,12.99,0.09,Y,10,0,0,0.13233885104796272,Low Risk
21,35000,OWN,5.0,EDUCATION,C,6500,13.43,0.19,N,2,0,0,0.014479806151323393,Low Risk
25,73000,MORTGAGE,9.0,DEBTCONSOLIDATION,B,9000,11.86,0.12,N,4,0,0,0.09467980703605432,Low Risk
36,52000,OWN,8.0,VENTURE,A,3000,9.63,0.06,N,15,0,0,0.005027009813308465,Low Risk
43,180000,MORTGAGE,5.0,HOMEIMPROVEMENT,C,6000,14.27,0.03,N,17,0,0,0.06749101315953432,Low Risk
27,42000,RENT,3.0,DEBTCONSOLIDATION,B,8800,11.71,0.21,N,5,0,0,0.10681505416198901,Low Risk
29,49000,RENT,3.0,PERSONAL,C,6000,13.99,0.12,N,6,1,0,0.12997775469759792,Low Risk
25,36000,RENT,0.0,PERSONAL,B,10000,11.11,0.28,N,2,0,0,0.12162772776150804,Low Risk
32,25000,RENT,1.0,DEBTCONSOLIDATION,A,10000,8.49,0.4,N,10,1,1,0.9591455909323797,High Risk
31,45000,MORTGAGE,8.0,VENTURE,B,7500,10.62,0.17,N,5,0,0,0.029448310492401417,Low Risk
21,34800,RENT,3.0,MEDICAL,B,2000,11.71,0.06,N,3,0,0,0.16814099054018072,Low Risk
26,84000,RENT,4.0,DEBTCONSOLIDATION,B,15000,10.14,0.18,N,4,0,0,0.06675855069339875,Low Risk
28,71000,MORTGAGE,1.0,PERSONAL,B,20000,10.99,0.28,N,8,0,0,0.08348621278616952,Low Risk
24,62000,RENT,3.0,VENTURE,B,8000,11.14,0.13,N,4,0,0,0.03957454730940049,Low Risk
24,74600,MORTGAGE,3.0,DEBTCONSOLIDATION,E,20000,17.51,0.27,N,3,1,1,0.8754053923378664,High Risk
23,48000,RENT,6.0,EDUCATION,A,4800,7.9,0.1,N,2,0,0,0.04853979380107486,Low Risk
26,24000,MORTGAGE,1.0,HOMEIMPROVEMENT,B,6000,10.99,0.25,N,4,0,0,0.3115331615751303,Medium Risk
21,13200,RENT,2.0,HOMEIMPROVEMENT,A,4000,6.39,0.3,N,3,1,1,0.9973904539235064,High Risk
29,159996,OWN,1.0,HOMEIMPROVEMENT,B,10000,11.86,0.06,N,7,0,0,0.011940659357659492,Low Risk
29,82450,MORTGAGE,11.0,MEDICAL,E,7500,14.5,0.08,N,9,1,0,0.4802699592646018,Medium Risk
27,47380,MORTGAGE,11.0,EDUCATION,C,15000,13.79,0.32,N,6,0,0,0.20583198144615217,Low Risk
26,70000,RENT,5.0,PERSONAL,C,4000,13.85,0.06,N,4,0,0,0.07939232616575569,Low Risk
27,78000,RENT,5.0,EDUCATION,E,9600,17.14,0.12,Y,7,0,0,0.42726836714961874,Medium Risk
22,18000,RENT,1.0,EDUCATION,C,4000,10.91,0.22,Y,4,1,1,0.8949062869716048,High Risk
25,45000,MORTGAGE,1.0,VENTURE,A,3000,6.62,0.07,N,2,0,0,0.02107455427662453,Low Risk
25,145000,MORTGAGE,9.0,HOMEIMPROVEMENT,A,8000,8.49,0.06,N,3,0,0,0.029970610989269314,Low Risk
27,69000,MORTGAGE,3.0,EDUCATION,B,4000,11.49,0.06,N,8,1,0,0.06493887925543726,Low Risk
29,39000,MORTGAGE,6.0,MEDICAL,A,7100,8.32,0.18,N,5,0,0,0.08746705832195882,Low Risk
23,120000,MORTGAGE,3.0,VENTURE,A,5000,8.9,0.04,N,4,0,0,0.010053594780056546,Low Risk
28,65500,MORTGAGE,11.0,HOMEIMPROVEMENT,A,11000,6.03,0.17,N,8,0,0,0.048169299029726206,Low Risk
27,156000,MORTGAGE,11.0,HOMEIMPROVEMENT,A,5000,6.54,0.03,N,8,0,0,0.030045303950931863,Low Risk
29,100000,MORTGAGE,2.0,PERSONAL,C,5000,15.96,0.05,N,8,0,0,0.11750660317016205,Low Risk
22,55000,RENT,2.0,VENTURE,A,8400,7.88,0.15,N,2,0,0,0.02676504915873139,Low Risk
55,94000,MORTGAGE,11.0,PERSONAL,A,4000,6.62,0.04,N,26,0,0,0.024447162838325286,Low Risk
24,54000,RENT,2.0,DEBTCONSOLIDATION,A,7800,7.9,0.14,N,4,0,0,0.05387354342643136,Low Risk
23,25000,OWN,4.0,MEDICAL,C,4000,15.27,0.16,Y,4,0,0,0.03651287155674641,Low Risk
28,99000,MORTGAGE,12.0,VENTURE,B,18000,9.76,0.18,N,7,0,0,0.0159149592316194,Low Risk
28,83004,RENT,13.0,MEDICAL,A,21600,6.91,0.26,N,10,0,0,0.07641620254474189,Low Risk
33,26400,OWN,13.0,VENTURE,B,7000,11.36,0.27,N,9,0,0,0.013880136767026633,Low Risk
28,28800,RENT,0.0,MEDICAL,A,4200,7.51,0.15,N,5,0,0,0.09192055719056595,Low Risk
24,53000,OWN,3.0,HOMEIMPROVEMENT,A,9800,7.51,0.18,N,4,0,0,0.01943363172095124,Low Risk
27,60000,MORTGAGE,2.0,DEBTCONSOLIDATION,B,15000,11.86,0.25,N,8,0,0,0.0813134103462294,Low Risk
24,110000,RENT,1.0,EDUCATION,A,11200,7.49,0.1,N,4,0,0,0.026582216590031883,Low Risk
23,24000,RENT,7.0,VENTURE,C,5550,12.53,0.23,Y,4,0,0,0.14348652158480407,Low Risk
27,87000,MORTGAGE,11.0,VENTURE,C,21125,13.92,0.24,N,5,0,0,0.05984866375709008,Low Risk
22,31356,RENT,0.0,DEBTCONSOLIDATION,A,3000,7.68,0.1,N,4,0,0,0.10221619976411239,Low Risk
28,50000,RENT,0.0,PERSONAL,B,6000,10.59,0.12,N,5,0,0,0.07792847996811837,Low Risk
22,36000,MORTGAGE,2.0,DEBTCONSOLIDATION,A,1800,6.17,0.05,N,4,0,0,0.060236553706160705,Low Risk
28,60000,MORTGAGE,8.0,MEDICAL,C,1500,10.99,0.03,Y,6,0,0,0.07653551014049297,Low Risk
37,80000,MORTGAGE,8.0,DEBTCONSOLIDATION,A,13000,6.62,0.16,N,13,0,0,0.03188958202938617,Low Risk
24,43995,RENT,4.0,PERSONAL,C,7400,13.99,0.17,Y,4,1,0,0.1301123931589515,Low Risk
25,48000,MORTGAGE,9.0,EDUCATION,C,7000,12.09,0.15,Y,2,0,0,0.0864172229179248,Low Risk
25,36499,RENT,1.0,HOMEIMPROVEMENT,B,4200,10.99,0.12,N,4,1,0,0.20575543451430747,Low Risk
23,75000,MORTGAGE,0.0,MEDICAL,C,9500,10.99,0.13,Y,4,0,0,0.09983020233296737,Low Risk
24,65000,MORTGAGE,8.0,VENTURE,D,7200,17.58,0.11,Y,4,0,0,0.2425306494685715,Low Risk
24,16800,MORTGAGE,4.0,DEBTCONSOLIDATION,A,3900,10.99,0.23,N,3,1,1,0.9407279582668916,High Risk
22,31500,OWN,4.0,VENTURE,A,8000,6.03,0.25,N,2,0,0,0.009731834126557462,Low Risk
27,24500,RENT,3.0,MEDICAL,B,10000,10.25,0.41,N,7,1,1,0.965437667722935,High Risk
31,60000,MORTGAGE,9.0,MEDICAL,E,22000,16.63,0.37,N,6,1,1,0.7177024323346691,High Risk
29,30000,RENT,0.0,PERSONAL,B,12000,10.36,0.4,N,7,1,1,0.9666494275495955,High Risk
33,49000,RENT,6.0,MEDICAL,B,7200,12.42,0.15,N,7,0,0,0.10530056008895301,Low Risk
36,42000,MORTGAGE,11.0,PERSONAL,B,7800,12.53,0.19,N,13,0,0,0.08524543699298875,Low Risk
26,95000,MORTGAGE,10.0,VENTURE,B,5000,9.88,0.05,N,2,0,0,0.016014169054285928,Low Risk
28,62496,RENT,1.0,DEBTCONSOLIDATION,B,13000,10.37,0.21,N,8,0,0,0.0794402552375684,Low Risk
32,66725,RENT,4.0,MEDICAL,B,15000,10.99,0.19,N,5,1,0,0.08972640240413662,Low Risk
22,50004,MORTGAGE,0.0,EDUCATION,A,12000,7.37,0.24,N,2,0,0,0.04205800175118803,Low Risk
24,85000,MORTGAGE,4.0,MEDICAL,B,2500,10.38,0.03,N,4,0,0,0.0585381695324774,Low Risk
39,33100,RENT,3.0,DEBTCONSOLIDATION,C,8000,14.26,0.24,Y,12,1,0,0.26465921901825135,Low Risk
32,54000,MORTGAGE,2.0,HOMEIMPROVEMENT,B,7125,9.99,0.13,N,6,1,0,0.11856112518988263,Low Risk
28,55000,RENT,7.0,DEBTCONSOLIDATION,C,7500,12.84,0.14,Y,6,0,0,0.11544673889152873,Low Risk
23,78000,MORTGAGE,1.0,EDUCATION,B,16000,11.89,0.21,N,3,0,0,0.08840979007348905,Low Risk
27,51298,RENT,11.0,DEBTCONSOLIDATION,B,1000,10.37,0.02,N,7,0,0,0.08701715342094782,Low Risk
21,19000,RENT,2.0,HOMEIMPROVEMENT,C,4200,10.99,0.22,Y,2,1,1,0.9941799120768872,High Risk
27,64000,MORTGAGE,11.0,MEDICAL,B,3500,11.99,0.05,N,8,0,0,0.09090277850295568,Low Risk
23,45000,MORTGAGE,2.0,EDUCATION,B,10000,11.11,0.22,N,3,0,0,0.08381728376351825,Low Risk
36,32000,MORTGAGE,9.0,EDUCATION,B,5000,8.88,0.16,N,13,0,0,0.14058686529522088,Low Risk
26,31200,RENT,4.0,VENTURE,B,2500,10.37,0.08,N,3,0,0,0.0610150202119694,Low Risk
39,38604,RENT,9.0,MEDICAL,B,9500,10.62,0.25,N,11,0,0,0.09007280521937068,Low Risk
24,37000,RENT,8.0,MEDICAL,D,10500,10.99,0.28,N,2,0,1,0.5571140520417351,Medium Risk
32,145000,RENT,2.0,PERSONAL,B,8800,10.59,0.06,N,7,0,0,0.04383728882867619,Low Risk
35,23000,RENT,13.0,MEDICAL,A,6500,8.63,0.28,N,6,0,0,0.13294215414616586,Low Risk
27,160669,MORTGAGE,3.0,DEBTCONSOLIDATION,B,8000,11.36,0.05,N,9,0,0,0.07042139281717884,Low Risk
47,21000,RENT,9.0,DEBTCONSOLIDATION,D,5000,15.99,0.24,Y,16,1,1,0.8731522416046646,High Risk
48,30000,OWN,0.0,EDUCATION,C,10000,10.99,0.33,Y,12,0,0,0.042278434206086575,Low Risk
40,32000,RENT,19.0,DEBTCONSOLIDATION,B,9600,9.88,0.3,N,14,0,0,0.18959608432024616,Low Risk
21,60000,RENT,0.0,PERSONAL,A,12000,7.51,0.2,N,3,0,0,0.031761356111807644,Low Risk
26,45000,RENT,4.0,MEDICAL,D,10000,14.11,0.22,Y,2,0,1,0.6992738474082738,High Risk
30,90722,MORTGAGE,6.0,VENTURE,A,10000,6.91,0.11,N,8,0,0,0.0088281972851833,Low Risk
26,50004,MORTGAGE,10.0,EDUCATION,A,5000,9.32,0.1,N,2,0,0,0.04530052245957525,Low Risk
27,45000,MORTGAGE,8.0,DEBTCONSOLIDATION,A,16750,8.94,0.37,N,7,0,0,0.1164487410576756,Low Risk
22,125000,MORTGAGE,0.0,PERSONAL,D,25000,10.99,0.2,Y,2,0,0,0.2446718561556334,Low Risk
28,51000,RENT,2.0,EDUCATION,E,16000,16.32,0.31,Y,9,1,1,0.9894575979168991,High Risk
23,39000,RENT,3.0,DEBTCONSOLIDATION,D,5000,15.37,0.13,Y,4,1,1,0.9044180959996504,High Risk
28,140000,MORTGAGE,12.0,MEDICAL,B,15000,8.88,0.11,N,5,0,0,0.050968182733660265,Low Risk
25,48000,RENT,0.0,MEDICAL,C,12000,13.49,0.25,Y,2,0,0,0.13161538673364295,Low Risk
24,78000,MORTGAGE,8.0,VENTURE,C,24000,15.96,0.31,N,4,1,0,0.3107903764615397,Medium Risk
28,42000,MORTGAGE,13.0,PERSONAL,D,8500,14.96,0.2,N,10,0,0,0.4956952018903088,Medium Risk
22,24000,RENT,4.0,EDUCATION,D,5000,16.49,0.21,N,4,0,1,0.5465560197629568,Medium Risk
23,48000,OWN,8.0,EDUCATION,C,6000,12.87,0.13,Y,2,0,0,0.013957496049022702,Low Risk
28,45000,MORTGAGE,5.0,HOMEIMPROVEMENT,D,15000,15.99,0.33,Y,8,0,0,0.4704091609802603,Medium Risk
22,72000,RENT,6.0,MEDICAL,C,12000,12.99,0.17,Y,3,0,0,0.09689613330906832,Low Risk
26,160000,MORTGAGE,0.0,DEBTCONSOLIDATION,C,13750,10.99,0.09,N,4,0,0,0.0730523228081394,Low Risk
42,58000,RENT,16.0,DEBTCONSOLIDATION,C,7500,12.99,0.13,N,17,0,0,0.1153252643097708,Low Risk
22,30000,RENT,1.0,PERSONAL,A,11100,6.62,0.37,N,4,1,1,0.9577783337241546,High Risk
26,65004,RENT,3.0,VENTURE,A,8400,7.51,0.13,N,3,0,0,0.015683613062804937,Low Risk
29,48000,OWN,1.0,PERSONAL,E,15000,18.64,0.31,N,9,0,0,0.38903977659492645,Medium Risk
23,44390,OWN,3.0,EDUCATION,B,14300,10.99,0.32,N,2,0,0,0.02609964223243856,Low Risk
29,60000,MORTGAGE,13.0,PERSONAL,A,13500,7.51,0.23,N,7,0,0,0.028951528274928938,Low Risk
25,36000,MORTGAGE,3.0,VENTURE,B,5000,10.99,0.14,N,4,0,0,0.0458214334570836,Low Risk
22,71004,RENT,6.0,EDUCATION,B,1800,11.12,0.03,N,4,0,0,0.0660003446712525,Low Risk
22,36000,RENT,4.0,MEDICAL,B,4200,9.91,0.12,N,2,1,0,0.09059174012152403,Low Risk
35,30000,RENT,0.0,MEDICAL,A,6475,5.42,0.22,N,6,0,0,0.11099323030927834,Low Risk
34,68340,MORTGAGE,9.0,HOMEIMPROVEMENT,B,25000,10.99,0.37,N,10,0,0,0.14824345438691094,Low Risk
23,35000,RENT,4.0,PERSONAL,C,3000,13.85,0.09,N,3,0,0,0.1090776269541586,Low Risk
28,51200,RENT,0.0,EDUCATION,B,5000,11.14,0.1,N,10,0,0,0.0893343238050542,Low Risk
24,39000,RENT,2.0,HOMEIMPROVEMENT,C,16000,13.06,0.41,N,2,1,1,0.9894876663831302,High Risk
29,55000,MORTGAGE,11.0,PERSONAL,B,4000,10.99,0.07,N,8,0,0,0.0857391806711395,Low Risk
35,20000,OWN,1.0,VENTURE,A,5500,7.66,0.28,N,8,0,0,0.010539001020179416,Low Risk
25,82000,MORTGAGE,3.0,HOMEIMPROVEMENT,B,15000,10.37,0.18,N,2,0,0,0.05310693288228776,Low Risk
23,110000,RENT,5.0,DEBTCONSOLIDATION,A,10000,7.88,0.09,N,2,0,0,0.03575087885226476,Low Risk
25,61200,MORTGAGE,10.0,MEDICAL,A,5200,5.42,0.08,N,4,0,0,0.04291312381273326,Low Risk
23,37000,MORTGAGE,2.0,EDUCATION,A,10000,7.74,0.27,N,3,0,0,0.054939279363398784,Low Risk
23,149981,MORTGAGE,7.0,MEDICAL,C,25000,12.98,0.17,N,3,0,0,0.0849127690470774,Low Risk
23,19200,RENT,1.0,MEDICAL,G,6200,19.82,0.32,N,3,1,1,0.9987408788551342,High Risk
28,131040,MORTGAGE,0.0,MEDICAL,C,10000,13.35,0.08,Y,7,0,0,0.07561104566712545,Low Risk
35,34200,RENT,3.0,EDUCATION,A,7200,6.99,0.21,N,6,0,0,0.11940064413046915,Low Risk
31,31000,OWN,0.0,PERSONAL,A,12500,8.94,0.4,N,8,0,0,0.04087379681310744,Low Risk
23,32000,RENT,2.0,VENTURE,E,5000,13.93,0.16,N,4,1,0,0.492094577752338,Medium Risk
35,154000,OWN,13.0,VENTURE,A,12000,6.92,0.08,N,5,0,0,0.0032499849545201296,Low Risk
26,102000,MORTGAGE,6.0,DEBTCONSOLIDATION,C,6000,13.61,0.06,N,2,0,0,0.07627966183164325,Low Risk
31,40800,RENT,6.0,PERSONAL,A,9000,10.99,0.22,N,6,0,0,0.0668525937845613,Low Risk
22,28500,MORTGAGE,1.0,MEDICAL,A,8500,7.68,0.3,N,3,0,0,0.107152713817341,Low Risk
23,50000,MORTGAGE,3.0,PERSONAL,A,6000,6.92,0.12,N,2,0,0,0.04413873328385993,Low Risk
24,42856,RENT,8.0,DEBTCONSOLIDATION,A,16000,8.9,0.37,N,3,1,1,0.9644232042337557,High Risk
26,65000,MORTGAGE,0.0,PERSONAL,A,4000,5.42,0.06,N,2,0,0,0.03514832815570701,Low Risk
25,25000,RENT,3.0,PERSONAL,D,10000,14.11,0.4,Y,2,1,1,0.9772908936592876,High Risk
31,57800,RENT,2.0,MEDICAL,E,25000,17.19,0.37,N,8,1,1,0.9974619589728312,High Risk
25,30000,RENT,4.0,HOMEIMPROVEMENT,B,3000,12.21,0.1,N,4,1,1,0.5758354358143697,Medium Risk
24,38000,MORTGAGE,3.0,HOMEIMPROVEMENT,B,16000,10.99,0.42,N,3,0,0,0.2258349593269579,Low Risk
23,21360,RENT,0.0,MEDICAL,A,7500,7.14,0.35,N,4,1,1,0.9525686213713908,High Risk
22,60000,RENT,0.0,EDUCATION,C,4400,15.23,0.07,Y,3,0,0,0.12549246938015107,Low Risk
27,115000,MORTGAGE,2.0,MEDICAL,A,1000,5.99,0.01,N,8,0,0,0.03216105120199998,Low Risk
25,49000,MORTGAGE,2.0,HOMEIMPROVEMENT,B,18225,10.0,0.37,N,4,0,0,0.19676385510352767,Low Risk
22,40000,RENT,2.0,EDUCATION,B,8000,12.18,0.2,N,4,0,0,0.07749774020482335,Low Risk
26,27000,RENT,0.0,VENTURE,B,8000,11.11,0.3,N,4,0,0,0.13131215892454837,Low Risk
22,32000,RENT,0.0,PERSONAL,D,7875,14.91,0.25,N,2,1,1,0.7948653747554235,High Risk
22,19000,RENT,5.0,VENTURE,C,3000,13.06,0.16,N,2,1,1,0.8719819392022555,High Risk
22,100000,MORTGAGE,6.0,EDUCATION,B,14350,9.99,0.14,N,2,0,0,0.03654584443045124,Low Risk
28,56052,RENT,8.0,VENTURE,C,7200,11.28,0.13,Y,8,0,0,0.09336813397994125,Low Risk
25,57000,RENT,0.0,EDUCATION,C,15000,13.85,0.26,N,4,0,0,0.13508523548398713,Low Risk
28,77500,OWN,3.0,EDUCATION,A,8000,8.49,0.1,N,7,0,0,0.01050521015542879,Low Risk
24,94837,RENT,8.0,HOMEIMPROVEMENT,B,9600,11.99,0.1,N,2,0,0,0.05217906185722226,Low Risk
25,32496,RENT,9.0,MEDICAL,B,7200,9.51,0.22,N,4,0,0,0.16194695616438898,Low Risk
22,70000,RENT,4.0,EDUCATION,B,10000,12.69,0.14,N,4,0,0,0.0656121129317616,Low Risk
21,12000,RENT,3.0,EDUCATION,B,1600,10.59,0.13,N,2,1,0,0.28762073800984533,Low Risk
26,25000,RENT,4.0,MEDICAL,D,6500,14.09,0.26,Y,2,1,1,0.6571983040620109,High Risk
23,50000,RENT,0.0,EDUCATION,B,19400,12.69,0.39,N,2,1,1,0.9699465485394198,High Risk
23,40000,MORTGAGE,1.0,VENTURE,B,1200,10.83,0.03,N,2,0,0,0.04758784824887628,Low Risk
58,51252,RENT,0.0,PERSONAL,B,13500,11.58,0.26,N,21,0,0,0.11368212606340687,Low Risk
29,175000,MORTGAGE,2.0,MEDICAL,A,10000,10.99,0.06,N,7,0,0,0.03566875728632,Low Risk
26,90000,RENT,3.0,EDUCATION,C,8000,14.27,0.09,N,3,0,0,0.060385510499141676,Low Risk
23,25596,RENT,2.0,MEDICAL,B,4500,9.99,0.18,N,4,0,0,0.16120365034515008,Low Risk
27,138000,MORTGAGE,5.0,PERSONAL,A,17000,7.88,0.12,N,5,0,0,0.024962008181637425,Low Risk
27,66000,MORTGAGE,0.0,EDUCATION,A,9250,8.59,0.14,N,9,0,0,0.03564568330734151,Low Risk
31,39000,MORTGAGE,6.0,DEBTCONSOLIDATION,D,4000,16.77,0.1,Y,9,1,1,0.8967152643792847,High Risk
21,70000,RENT,5.0,PERSONAL,A,14000,6.99,0.2,N,3,0,0,0.037811593921728566,Low Risk
30,96000,RENT,11.0,EDUCATION,C,12000,13.23,0.13,N,10,0,0,0.04809387810232041,Low Risk
22,75000,RENT,0.0,PERSONAL,A,8000,5.99,0.11,N,2,0,0,0.03696683248724173,Low Risk
31,36000,RENT,4.0,MEDICAL,B,8000,10.65,0.22,N,6,0,0,0.09007280521937068,Low Risk
25,45000,RENT,4.0,PERSONAL,B,8000,10.38,0.18,N,3,0,0,0.07356061459901758,Low Risk
23,29000,RENT,0.0,EDUCATION,E,10000,17.93,0.34,Y,3,1,1,0.9899320081825963,High Risk
35,78750,MORTGAGE,3.0,DEBTCONSOLIDATION,C,10750,12.23,0.14,N,8,0,0,0.1243961969957788,Low Risk
33,82000,RENT,5.0,VENTURE,C,15000,14.35,0.18,N,7,0,0,0.06452609226917216,Low Risk
26,27983,MORTGAGE,7.0,VENTURE,A,6000,7.88,0.21,N,3,0,0,0.038556230167854116,Low Risk
54,20000,RENT,2.0,DEBTCONSOLIDATION,C,5000,10.99,0.25,Y,19,0,0,0.16624064424292478,Low Risk
21,14400,OWN,0.0,HOMEIMPROVEMENT,B,3000,10.99,0.21,N,4,1,1,0.9639099268965533,High Risk
26,29000,RENT,2.0,MEDICAL,A,1000,7.74,0.03,N,4,0,0,0.11519297287756389,Low Risk
22,24000,RENT,3.0,PERSONAL,B,3000,10.99,0.13,N,4,0,0,0.12833194544633766,Low Risk
31,84000,MORTGAGE,12.0,HOMEIMPROVEMENT,A,10000,5.99,0.12,N,8,0,0,0.03351091389504529,Low Risk
26,48000,MORTGAGE,7.0,MEDICAL,A,10000,10.99,0.21,N,3,0,0,0.06429853473243499,Low Risk
23,85000,MORTGAGE,3.0,EDUCATION,B,15000,10.0,0.18,N,2,0,0,0.044000653011291156,Low Risk
41,30000,RENT,3.0,MEDICAL,A,8875,5.42,0.3,N,15,0,0,0.1437708164240648,Low Risk
28,160000,OWN,12.0,VENTURE,B,23000,11.83,0.14,N,5,0,0,0.006348374163988325,Low Risk
23,102000,MORTGAGE,7.0,EDUCATION,B,10000,11.49,0.1,N,2,0,0,0.041120816560993464,Low Risk
30,50600,RENT,1.0,DEBTCONSOLIDATION,C,12000,13.48,0.24,N,6,0,0,0.11218476084144047,Low Risk
23,65000,MORTGAGE,2.0,DEBTCONSOLIDATION,B,4400,11.36,0.07,N,4,0,0,0.09257215226444238,Low Risk
28,58000,MORTGAGE,11.0,VENTURE,A,10000,9.32,0.17,N,10,0,0,0.0180143034998201,Low Risk
22,15000,RENT,0.0,VENTURE,D,5000,10.99,0.33,Y,4,1,1,0.9961425482542443,High Risk
25,178364,MORTGAGE,9.0,PERSONAL,E,8000,15.68,0.04,Y,2,0,0,0.16157644909474544,Low Risk
25,85000,MORTGAGE,0.0,EDUCATION,A,14000,5.79,0.16,N,2,0,0,0.02730439748097515,Low Risk
42,50426,RENT,0.0,PERSONAL,A,4200,7.49,0.08,N,11,0,0,0.047121994633051445,Low Risk
24,40000,RENT,1.0,PERSONAL,A,7500,5.79,0.19,N,4,0,0,0.045899756283756345,Low Risk
29,173000,MORTGAGE,7.0,DEBTCONSOLIDATION,D,28000,17.49,0.16,Y,10,1,1,0.7849642374664066,High Risk
26,14040,RENT,1.0,DEBTCONSOLIDATION,B,4750,10.25,0.34,N,2,1,1,0.9934608122027712,High Risk
32,78000,MORTGAGE,5.0,DEBTCONSOLIDATION,A,5400,7.88,0.07,N,6,0,0,0.05320305271454857,Low Risk
34,30000,RENT,2.0,HOMEIMPROVEMENT,A,12000,8.9,0.4,N,8,1,1,0.9937469336453776,High Risk
23,75000,MORTGAGE,7.0,MEDICAL,B,6000,10.99,0.08,N,3,0,0,0.08260828154506415,Low Risk
55,51000,RENT,2.0,PERSONAL,A,8000,5.79,0.16,N,26,0,0,0.04683924148158989,Low Risk
28,47000,RENT,4.0,PERSONAL,A,2800,6.99,0.06,N,7,0,0,0.05199075155457315,Low Risk
38,95000,OWN,6.0,HOMEIMPROVEMENT,E,14000,17.74,0.15,Y,17,0,0,0.14819305443405914,Low Risk
29,60000,MORTGAGE,1.0,PERSONAL,B,5600,12.42,0.09,N,10,0,0,0.05970091309035417,Low Risk
33,40000,MORTGAGE,2.0,PERSONAL,B,6000,12.21,0.15,N,10,0,0,0.08037458634376618,Low Risk
41,32496,RENT,4.0,EDUCATION,B,2000,10.99,0.06,N,12,1,0,0.13561538217574484,Low Risk
66,42000,RENT,2.0,MEDICAL,B,6475,9.99,0.15,N,30,0,0,0.09297920596692479,Low Risk
22,27000,RENT,3.0,MEDICAL,A,2800,7.51,0.1,N,3,1,0,0.09913581279668264,Low Risk
29,21000,RENT,2.0,EDUCATION,B,8000,11.71,0.38,N,7,1,1,0.9646842742535094,High Risk
24,35000,MORTGAGE,2.0,MEDICAL,A,2950,10.99,0.08,N,4,0,0,0.06923782302344783,Low Risk
24,65000,OWN,6.0,EDUCATION,A,3500,6.76,0.05,N,4,0,0,0.01055985460611729,Low Risk
53,46000,OWN,9.0,PERSONAL,B,4925,11.71,0.11,N,23,0,0,0.014845430812999388,Low Risk
21,19000,OWN,5.0,MEDICAL,A,6000,8.49,0.32,N,3,1,1,0.9436331476169761,High Risk
24,45000,MORTGAGE,0.0,MEDICAL,B,3000,10.99,0.07,N,3,0,0,0.11178145864455001,Low Risk
37,60000,RENT,4.0,VENTURE,A,7175,7.9,0.12,N,14,0,0,0.013515595811064582,Low Risk
28,86000,MORTGAGE,12.0,EDUCATION,B,15000,10.62,0.17,N,10,0,0,0.044980970342117295,Low Risk
24,43000,MORTGAGE,1.0,PERSONAL,D,4000,17.49,0.09,N,3,1,1,0.6525578067916318,High Risk
23,64000,RENT,0.0,MEDICAL,C,12000,13.16,0.19,Y,4,0,0,0.11527161050488123,Low Risk
24,59000,RENT,1.0,EDUCATION,A,10000,10.99,0.17,N,4,0,0,0.10444903117822406,Low Risk
29,75000,RENT,5.0,VENTURE,A,6400,7.49,0.09,N,8,0,0,0.015008902750649382,Low Risk
32,42000,RENT,5.0,VENTURE,C,3500,14.35,0.08,Y,7,0,0,0.12826842955691986,Low Risk
22,35064,RENT,4.0,DEBTCONSOLIDATION,A,2000,8.38,0.06,N,2,0,0,0.06642293526931983,Low Risk
24,30000,RENT,8.0,MEDICAL,B,8000,9.25,0.27,N,2,0,0,0.19367604813294234,Low Risk
26,26400,RENT,0.0,EDUCATION,A,4000,7.9,0.15,N,2,0,0,0.09367613460682368,Low Risk
28,48000,RENT,12.0,MEDICAL,B,7000,11.36,0.15,N,9,0,0,0.10530056008895301,Low Risk
22,75000,RENT,2.0,VENTURE,C,7200,13.61,0.1,N,4,0,0,0.08393870732309981,Low Risk
27,27500,RENT,0.0,EDUCATION,B,3000,10.99,0.11,N,5,0,0,0.13413559219266888,Low Risk
26,216000,MORTGAGE,10.0,EDUCATION,C,20000,14.22,0.09,Y,2,0,0,0.06934669095118072,Low Risk
28,41000,RENT,11.0,VENTURE,E,4000,18.64,0.1,Y,5,1,0,0.3547417736915562,Medium Risk
31,67000,RENT,2.0,VENTURE,A,3000,7.51,0.04,N,10,0,0,0.021234790907568662,Low Risk
46,76800,MORTGAGE,0.0,DEBTCONSOLIDATION,C,13000,15.96,0.17,Y,13,0,0,0.2665269536231217,Low Risk
24,100000,MORTGAGE,1.0,EDUCATION,B,6600,9.91,0.07,N,2,0,0,0.039677348820351156,Low Risk
24,60000,RENT,4.0,VENTURE,A,5850,7.49,0.1,N,3,0,0,0.012588087034005255,Low Risk
24,70000,MORTGAGE,2.0,PERSONAL,C,6000,15.23,0.09,Y,2,0,0,0.15617610390999856,Low Risk
24,40000,RENT,0.0,VENTURE,B,8000,10.25,0.2,N,4,0,0,0.039550478875904446,Low Risk
48,92000,RENT,1.0,PERSONAL,A,4800,7.88,0.05,N,17,0,0,0.027502955386286224,Low Risk
25,37200,RENT,6.0,VENTURE,A,7000,7.14,0.19,N,4,0,0,0.022843224839297828,Low Risk
47,47000,MORTGAGE,9.0,MEDICAL,A,7500,6.62,0.16,N,13,0,0,0.04915020518515854,Low Risk
23,53664,MORTGAGE,7.0,EDUCATION,B,15000,10.75,0.28,N,4,0,0,0.07286038625988947,Low Risk
22,21600,MORTGAGE,4.0,PERSONAL,C,4000,12.99,0.19,N,2,0,0,0.1547101239154253,Low Risk
28,34000,MORTGAGE,12.0,EDUCATION,D,10000,16.77,0.29,Y,7,1,1,0.586411427015554,Medium Risk
22,13200,RENT,0.0,VENTURE,B,2500,9.91,0.19,N,4,1,1,0.8741344772000481,High Risk
41,23400,RENT,2.0,VENTURE,B,5375,10.99,0.23,N,16,0,0,0.10363241721927488,Low Risk
21,45000,RENT,3.0,PERSONAL,A,3200,6.54,0.07,N,4,0,0,0.04967820747932434,Low Risk
22,130000,MORTGAGE,6.0,MEDICAL,B,25000,11.83,0.19,N,3,0,0,0.0751677299595587,Low Risk
27,33000,RENT,9.0,PERSONAL,B,5000,10.0,0.15,N,10,0,0,0.13019807290990792,Low Risk
26,105000,MORTGAGE,1.0,VENTURE,B,20000,10.99,0.19,N,4,0,0,0.03156465505795757,Low Risk
39,18300,RENT,0.0,EDUCATION,D,1200,14.74,0.07,N,17,1,1,0.6971461810480057,High Risk
25,105000,MORTGAGE,6.0,VENTURE,D,6500,13.87,0.06,Y,3,0,0,0.07326637973653143,Low Risk
24,19800,RENT,1.0,DEBTCONSOLIDATION,A,5600,5.79,0.28,N,3,1,1,0.9123784731026182,High Risk
23,120000,MORTGAGE,5.0,MEDICAL,B,6000,9.99,0.05,N,3,0,0,0.050968182733660265,Low Risk
41,19200,RENT,2.0,MEDICAL,D,2950,16.49,0.15,Y,12,1,1,0.855341204191034,High Risk
22,30000,RENT,1.0,EDUCATION,C,4000,10.99,0.13,N,3,0,0,0.14892437089435406,Low Risk
26,67000,RENT,9.0,VENTURE,A,8000,7.14,0.12,N,2,0,0,0.015359887452649745,Low Risk
30,42000,MORTGAGE,13.0,EDUCATION,D,3000,15.33,0.07,Y,9,0,0,0.4089233483334739,Medium Risk
35,60000,MORTGAGE,12.0,DEBTCONSOLIDATION,C,25000,12.73,0.42,N,8,0,0,0.180529620564884,Low Risk
24,36708,RENT,2.0,HOMEIMPROVEMENT,D,3000,15.33,0.08,Y,3,1,1,0.8544864335621614,High Risk
25,55000,RENT,3.0,DEBTCONSOLIDATION,B,1200,11.58,0.02,N,4,0,0,0.1074190589376194,Low Risk
22,30000,RENT,0.0,PERSONAL,A,8000,9.32,0.27,N,4,0,0,0.15546319968302533,Low Risk
25,60000,MORTGAGE,3.0,VENTURE,B,10000,11.49,0.17,N,4,0,0,0.027538778021545956,Low Risk
24,36396,RENT,8.0,DEBTCONSOLIDATION,A,5000,6.03,0.14,N,3,0,0,0.05800290395719545,Low Risk
23,85000,RENT,1.0,DEBTCONSOLIDATION,A,10200,10.99,0.12,N,3,0,0,0.0509780786993789,Low Risk
23,78000,MORTGAGE,4.0,DEBTCONSOLIDATION,C,6000,12.99,0.08,N,3,0,0,0.12610152211232084,Low Risk
28,65984,RENT,12.0,MEDICAL,D,10000,15.33,0.13,N,5,1,1,0.6802926032408377,High Risk
42,120000,MORTGAGE,18.0,PERSONAL,B,6000,10.38,0.05,N,11,0,0,0.03905771776199442,Low Risk
25,29004,RENT,0.0,PERSONAL,C,5600,13.79,0.19,N,4,1,0,0.195690576055436,Low Risk
30,56004,MORTGAGE,9.0,HOMEIMPROVEMENT,A,9600,5.99,0.17,N,6,0,0,0.0710837062735364,Low Risk
27,43200,OWN,2.0,VENTURE,B,5000,12.69,0.12,N,8,0,0,0.009644897572162268,Low Risk
33,74000,RENT,3.0,HOMEIMPROVEMENT,A,10000,10.99,0.14,N,8,0,0,0.06333558597374055,Low Risk
22,130000,MORTGAGE,6.0,PERSONAL,C,3000,13.49,0.02,N,2,0,0,0.048333150133309535,Low Risk
36,138000,MORTGAGE,0.0,VENTURE,C,10000,13.98,0.07,N,12,0,0,0.046907734137849315,Low Risk
47,44004,RENT,2.0,PERSONAL,B,8000,10.99,0.18,N,15,1,0,0.09353783017615708,Low Risk
21,65000,RENT,5.0,PERSONAL,B,16000,9.91,0.25,N,3,0,0,0.06235369292333411,Low Risk
22,90000,MORTGAGE,6.0,EDUCATION,A,10000,7.88,0.11,N,3,0,0,0.02227291587764601,Low Risk
22,67000,OWN,5.0,EDUCATION,D,7500,16.29,0.11,Y,3,0,0,0.04002419588258633,Low Risk
23,55000,RENT,7.0,PERSONAL,C,8200,13.11,0.15,Y,3,0,0,0.09546461714859801,Low Risk
25,39000,RENT,3.0,MEDICAL,C,7600,12.84,0.19,N,3,1,0,0.17388054290996133,Low Risk
25,25000,RENT,0.0,MEDICAL,C,8500,12.53,0.34,Y,2,1,1,0.972507010831246,High Risk
36,25000,RENT,2.0,PERSONAL,B,6200,9.91,0.25,N,14,1,0,0.13670153635706345,Low Risk
29,40000,MORTGAGE,5.0,DEBTCONSOLIDATION,C,4000,14.35,0.1,Y,6,0,0,0.15146963201737687,Low Risk
22,70000,MORTGAGE,3.0,VENTURE,B,14400,11.71,0.21,N,4,0,0,0.03438976227584192,Low Risk
26,54000,MORTGAGE,10.0,EDUCATION,A,8500,5.42,0.16,N,3,1,0,0.042996984199401636,Low Risk
26,40800,MORTGAGE,3.0,PERSONAL,A,7500,7.88,0.18,N,2,0,0,0.04820102927226073,Low Risk
30,94000,MORTGAGE,13.0,DEBTCONSOLIDATION,C,10000,14.27,0.11,Y,10,0,0,0.10818877927900702,Low Risk
40,30000,RENT,4.0,MEDICAL,D,5500,14.74,0.18,N,12,0,1,0.7463067582922689,High Risk
32,140000,MORTGAGE,14.0,HOMEIMPROVEMENT,A,12000,10.99,0.09,N,8,0,0,0.033281438215331915,Low Risk
26,53000,MORTGAGE,1.0,EDUCATION,A,8000,10.99,0.15,N,3,0,0,0.053878235671310656,Low Risk
29,42000,OWN,13.0,MEDICAL,A,2500,6.76,0.06,N,5,0,0,0.016345649228480218,Low Risk
24,107203,MORTGAGE,8.0,PERSONAL,A,6000,7.4,0.06,N,2,0,0,0.024773380079777342,Low Risk
30,30000,MORTGAGE,3.0,VENTURE,A,5000,10.99,0.17,N,10,0,0,0.05841393925869146,Low Risk
44,29088,RENT,3.0,DEBTCONSOLIDATION,B,7200,11.71,0.25,N,17,0,0,0.1771259297499851,Low Risk
23,72000,RENT,3.0,MEDICAL,B,19000,10.99,0.26,N,4,0,0,0.11427133425744845,Low Risk
25,26400,MORTGAGE,5.0,MEDICAL,C,5975,12.99,0.23,Y,4,0,0,0.17714766507581664,Low Risk
34,30000,RENT,2.0,DEBTCONSOLIDATION,A,12000,8.9,0.4,N,7,1,1,0.9614711938704525,High Risk
32,44500,MORTGAGE,16.0,VENTURE,A,6000,8.9,0.13,N,9,0,0,0.02926999759856062,Low Risk
25,47000,RENT,1.0,VENTURE,A,8500,8.9,0.18,N,4,0,0,0.028121911823090196,Low Risk
25,25200,OWN,5.0,HOMEIMPROVEMENT,D,1200,15.99,0.05,Y,3,0,0,0.13098141745944009,Low Risk
38,28584,RENT,4.0,EDUCATION,C,5400,13.47,0.19,N,11,0,0,0.1506907384367971,Low Risk
31,250000,MORTGAGE,14.0,PERSONAL,D,12000,14.09,0.05,Y,6,0,0,0.22408854403982265,Low Risk
29,27840,RENT,0.0,PERSONAL,E,8575,19.42,0.31,N,8,1,1,0.9894732946395914,High Risk
32,21360,RENT,1.0,VENTURE,C,1800,12.99,0.08,N,8,0,0,0.14592345060788275,Low Risk
22,103000,MORTGAGE,6.0,PERSONAL,B,15000,9.63,0.15,N,4,1,0,0.03905771776199442,Low Risk
43,78000,MORTGAGE,0.0,DEBTCONSOLIDATION,D,15000,14.46,0.19,Y,13,1,1,0.8960607330615743,High Risk
28,95000,MORTGAGE,5.0,VENTURE,A,5000,7.88,0.05,N,7,0,0,0.009559940476333361,Low Risk
30,50000,RENT,4.0,VENTURE,C,20000,13.49,0.4,N,10,1,1,0.9719990279098202,High Risk
22,78000,OTHER,4.0,PERSONAL,B,5600,10.99,0.07,N,2,0,0,0.08464244611958902,Low Risk
33,47360,RENT,5.0,PERSONAL,D,4500,15.58,0.1,N,5,0,1,0.530654445536464,Medium Risk
33,170004,MORTGAGE,17.0,PERSONAL,A,12000,7.51,0.07,N,9,0,0,0.024482091489930895,Low Risk
22,18000,RENT,0.0,PERSONAL,B,3600,10.99,0.2,N,2,1,1,0.8901513650137561,High Risk
29,65000,MORTGAGE,7.0,MEDICAL,B,7000,10.99,0.11,N,5,0,0,0.08440462302702215,Low Risk
28,36888,RENT,5.0,MEDICAL,C,12000,10.99,0.33,Y,7,1,1,0.9755235756547314,High Risk
29,25000,MORTGAGE,4.0,EDUCATION,A,8500,7.9,0.34,N,5,0,0,0.1699341858864202,Low Risk
48,70000,MORTGAGE,31.0,HOMEIMPROVEMENT,D,9000,14.54,0.13,N,17,0,0,0.42566534388900573,Medium Risk
24,40000,OWN,4.0,PERSONAL,C,2000,14.35,0.05,N,2,0,0,0.014725877758680736,Low Risk
26,24500,RENT,4.0,PERSONAL,B,8875,10.0,0.36,N,2,1,1,0.9624324449783033,High Risk
47,30000,RENT,6.0,PERSONAL,C,3000,12.23,0.1,Y,16,0,0,0.15143156459107499,Low Risk
34,60000,RENT,14.0,MEDICAL,C,10000,13.57,0.17,N,6,0,0,0.07926097888701161,Low Risk
31,90000,MORTGAGE,13.0,HOMEIMPROVEMENT,B,12000,11.49,0.13,N,7,0,0,0.04636294843324525,Low Risk
33,48000,MORTGAGE,4.0,HOMEIMPROVEMENT,B,5000,10.99,0.1,N,10,0,0,0.13334444834264347,Low Risk
41,381450,MORTGAGE,10.0,PERSONAL,C,35000,13.49,0.09,Y,16,0,0,0.05779234683022104,Low Risk
50,19200,RENT,2.0,DEBTCONSOLIDATION,F,4000,10.99,0.21,N,11,1,1,0.9845989330907519,High Risk
22,39996,RENT,4.0,PERSONAL,C,3000,14.35,0.08,Y,3,0,0,0.12078911869909766,Low Risk
31,40000,MORTGAGE,4.0,DEBTCONSOLIDATION,B,4625,12.42,0.12,N,5,0,0,0.09580503978460167,Low Risk
26,71000,MORTGAGE,10.0,DEBTCONSOLIDATION,D,6000,15.62,0.08,N,4,1,1,0.7986245988787418,High Risk
34,42000,OWN,1.0,VENTURE,A,22750,6.91,0.54,N,10,0,0,0.021468556155785995,Low Risk
21,36000,RENT,3.0,EDUCATION,B,10000,10.62,0.28,N,3,0,0,0.0904424423363647,Low Risk
27,37000,RENT,4.0,MEDICAL,B,9000,11.11,0.24,N,5,0,0,0.10791492233062834,Low Risk
31,36000,RENT,5.0,HOMEIMPROVEMENT,E,13000,20.3,0.36,Y,5,1,1,0.9874788410829763,High Risk
24,38000,RENT,1.0,MEDICAL,B,2000,11.83,0.05,N,2,0,0,0.11462193447731903,Low Risk
24,51000,MORTGAGE,5.0,HOMEIMPROVEMENT,A,3600,7.14,0.07,N,2,0,0,0.07523185326070082,Low Risk
34,92500,RENT,4.0,DEBTCONSOLIDATION,A,13050,7.66,0.14,N,5,0,0,0.03507099743694409,Low Risk
22,30000,MORTGAGE,6.0,VENTURE,C,3200,13.48,0.11,N,4,0,0,0.1262232459953708,Low Risk
31,75000,RENT,0.0,MEDICAL,B,5000,10.75,0.07,N,6,0,0,0.07321074487034611,Low Risk
24,33996,RENT,2.0,HOMEIMPROVEMENT,D,5000,14.96,0.15,N,2,1,1,0.9686482344407408,High Risk
27,24960,RENT,3.0,DEBTCONSOLIDATION,B,10750,10.25,0.43,N,10,1,1,0.9645479663566158,High Risk
24,51600,RENT,8.0,MEDICAL,B,3000,10.65,0.06,N,3,0,0,0.09126598251113716,Low Risk
23,44500,MORTGAGE,4.0,EDUCATION,B,9250,9.62,0.21,N,3,0,0,0.06643833926401801,Low Risk
21,75000,MORTGAGE,5.0,EDUCATION,A,5400,7.29,0.07,N,3,0,0,0.03252604694963366,Low Risk
22,41717,OWN,5.0,VENTURE,B,20000,11.12,0.48,N,4,0,0,0.02059207502458578,Low Risk
38,108000,RENT,6.0,HOMEIMPROVEMENT,C,11000,13.49,0.1,N,12,0,0,0.05643215125711134,Low Risk
26,96000,RENT,4.0,PERSONAL,D,1500,10.99,0.02,Y,2,0,0,0.18114074576025518,Low Risk
24,80000,OWN,8.0,VENTURE,A,12000,7.49,0.15,N,3,0,0,0.0030071935851078077,Low Risk
30,93000,MORTGAGE,6.0,EDUCATION,C,20000,13.49,0.22,N,10,0,0,0.05354695208139791,Low Risk
23,70000,RENT,8.0,DEBTCONSOLIDATION,A,6725,6.62,0.1,N,2,0,0,0.044824548959905675,Low Risk
33,45000,MORTGAGE,17.0,HOMEIMPROVEMENT,A,10800,7.51,0.24,N,8,1,0,0.07028714009518679,Low Risk
42,60000,RENT,3.0,PERSONAL,C,11300,13.61,0.19,Y,14,0,0,0.0643623319442045,Low Risk
25,12996,OWN,1.0,MEDICAL,D,3600,14.59,0.28,N,3,1,1,0.9099210260942854,High Risk
31,85000,RENT,5.0,EDUCATION,C,16000,11.34,0.19,Y,8,0,0,0.058067209793690885,Low Risk
23,45000,RENT,4.0,EDUCATION,B,12000,12.69,0.27,N,4,0,0,0.10018416329020159,Low Risk
40,34560,MORTGAGE,3.0,MEDICAL,B,10000,10.99,0.29,N,12,0,0,0.19817233876487933,Low Risk
32,156600,MORTGAGE,8.0,EDUCATION,B,25000,10.62,0.16,N,8,0,0,0.044609353960921055,Low Risk
36,50000,MORTGAGE,8.0,DEBTCONSOLIDATION,A,10000,6.03,0.2,N,13,0,0,0.047879251193061995,Low Risk
23,58200,MORTGAGE,2.0,DEBTCONSOLIDATION,B,13000,10.99,0.22,N,2,0,0,0.10372323205231196,Low Risk
23,44004,RENT,0.0,VENTURE,E,12000,16.0,0.27,N,2,1,1,0.7011764682637409,High Risk
22,35000,RENT,1.0,EDUCATION,C,2400,10.99,0.07,Y,2,0,0,0.1018504060117611,Low Risk
23,90000,OWN,7.0,MEDICAL,A,35000,8.9,0.39,N,4,0,0,0.02919122910138744,Low Risk
33,54000,RENT,15.0,DEBTCONSOLIDATION,B,10000,10.99,0.19,N,8,0,0,0.10681505416198901,Low Risk
26,97000,RENT,3.0,EDUCATION,C,21000,10.99,0.22,Y,3,0,0,0.06502161806816109,Low Risk
22,60000,RENT,1.0,EDUCATION,A,6850,7.14,0.11,N,2,0,0,0.029630387918442733,Low Risk
24,64575,RENT,2.0,PERSONAL,A,12000,7.29,0.19,N,4,0,0,0.04063589694633793,Low Risk
30,31000,RENT,7.0,MEDICAL,D,4750,14.84,0.15,N,9,1,1,0.713022440007545,High Risk
27,48500,RENT,1.0,VENTURE,B,17500,12.42,0.36,N,9,1,1,0.966576751720092,High Risk
24,40000,RENT,1.0,MEDICAL,C,3000,14.22,0.07,N,4,0,0,0.17158628118860503,Low Risk
29,72000,MORTGAGE,6.0,EDUCATION,A,10800,6.99,0.15,N,8,0,0,0.03402264606300045,Low Risk
22,46800,RENT,6.0,MEDICAL,C,18000,15.23,0.38,Y,2,1,1,0.9792441073360453,High Risk
23,36500,RENT,2.0,HOMEIMPROVEMENT,D,15000,15.65,0.41,N,3,1,1,0.9977827747234055,High Risk
23,24000,MORTGAGE,5.0,MEDICAL,B,1375,11.11,0.06,N,3,1,0,0.13822156851922088,Low Risk
21,32000,RENT,6.0,MEDICAL,D,12000,10.99,0.38,Y,2,1,1,0.9838810448921903,High Risk
21,30000,RENT,5.0,VENTURE,B,10000,11.99,0.33,N,4,1,1,0.9546955795861658,High Risk
22,31200,RENT,5.0,PERSONAL,C,10000,12.73,0.32,N,4,1,1,0.9700830062047726,High Risk
22,35000,MORTGAGE,6.0,PERSONAL,C,7500,11.34,0.21,Y,2,0,0,0.09425048370542459,Low Risk
27,60000,RENT,4.0,DEBTCONSOLIDATION,B,18500,10.99,0.31,N,5,1,1,0.9672844420380978,High Risk
32,75000,MORTGAGE,3.0,VENTURE,B,10000,10.38,0.13,N,10,0,0,0.022706454492948235,Low Risk
24,102000,MORTGAGE,5.0,EDUCATION,C,12000,15.27,0.12,Y,3,0,0,0.075006946382559,Low Risk
32,120000,MORTGAGE,3.0,DEBTCONSOLIDATION,A,8000,8.9,0.07,N,6,0,0,0.034576953741956434,Low Risk
22,31193,OWN,0.0,DEBTCONSOLIDATION,D,4000,14.74,0.13,Y,2,0,0,0.3239634301057034,Medium Risk
20,94000,RENT,4.0,EDUCATION,D,5000,16.02,0.05,N,3,0,0,0.260026544342349,Low Risk
29,68000,RENT,1.0,EDUCATION,B,10000,10.65,0.15,N,5,0,0,0.05950805890114403,Low Risk
37,49500,RENT,0.0,MEDICAL,A,10000,7.66,0.2,N,14,0,0,0.05249673355966756,Low Risk
22,75000,MORTGAGE,6.0,EDUCATION,A,5000,7.74,0.07,N,4,0,0,0.03297249112206309,Low Risk
23,29000,RENT,6.0,MEDICAL,D,7750,14.59,0.27,Y,3,1,1,0.7630950454045817,High Risk
26,41000,RENT,3.0,DEBTCONSOLIDATION,C,6600,13.85,0.16,Y,4,0,0,0.12659696975226076,Low Risk
44,61000,RENT,7.0,DEBTCONSOLIDATION,D,10000,14.11,0.16,Y,12,1,1,0.7708517902648455,High Risk
25,50000,MORTGAGE,9.0,HOMEIMPROVEMENT,B,8000,10.0,0.16,N,2,0,0,0.11219292152672494,Low Risk
23,98000,MORTGAGE,7.0,DEBTCONSOLIDATION,C,20000,13.57,0.2,N,4,0,0,0.087464624185583,Low Risk
28,40000,MORTGAGE,6.0,PERSONAL,A,10000,9.32,0.25,N,8,0,0,0.044881877441814266,Low Risk
28,39750,RENT,5.0,EDUCATION,A,7250,8.49,0.18,N,8,0,0,0.047424969088613815,Low Risk
49,50000,MORTGAGE,8.0,PERSONAL,C,15850,14.26,0.32,N,17,0,0,0.2149002434195733,Low Risk
22,49000,RENT,1.0,HOMEIMPROVEMENT,A,10500,9.38,0.21,N,2,1,0,0.22872168172002763,Low Risk
32,45000,MORTGAGE,6.0,PERSONAL,A,15000,7.51,0.33,N,5,0,0,0.10052790273574916,Low Risk
23,50000,MORTGAGE,3.0,VENTURE,C,7000,13.48,0.14,Y,2,0,0,0.0828706230575866,Low Risk
24,42000,MORTGAGE,2.0,HOMEIMPROVEMENT,A,7000,8.59,0.17,N,3,0,0,0.08113598436860993,Low Risk
27,39000,MORTGAGE,0.0,DEBTCONSOLIDATION,C,6900,12.87,0.18,N,9,0,0,0.1659400859624409,Low Risk
21,111016,RENT,5.0,PERSONAL,C,12000,13.11,0.11,N,2,0,0,0.050767875559602486,Low Risk
23,45992,MORTGAGE,7.0,VENTURE,A,10000,5.42,0.22,N,3,0,0,0.01700600145972045,Low Risk
25,52000,MORTGAGE,9.0,HOMEIMPROVEMENT,A,24500,6.17,0.47,N,3,0,0,0.1584420068603662,Low Risk
31,61200,RENT,4.0,MEDICAL,A,2500,6.62,0.04,N,10,0,0,0.04902243556161006,Low Risk
21,32000,RENT,3.0,EDUCATION,A,5000,7.68,0.16,N,4,0,0,0.11069201765631748,Low Risk
22,38400,RENT,4.0,EDUCATION,C,4000,12.99,0.1,N,2,0,0,0.09561204435662798,Low Risk
22,33300,MORTGAGE,5.0,DEBTCONSOLIDATION,D,5325,14.59,0.16,N,4,1,1,0.8720617239450563,High Risk
41,71000,MORTGAGE,1.0,DEBTCONSOLIDATION,B,12000,10.99,0.17,N,15,0,0,0.09204302119084593,Low Risk
26,45000,MORTGAGE,6.0,VENTURE,A,5000,6.99,0.11,N,2,0,0,0.017111894298164326,Low Risk
27,78000,MORTGAGE,1.0,VENTURE,A,5125,8.59,0.07,N,8,0,0,0.02214995695422064,Low Risk
24,67000,MORTGAGE,2.0,HOMEIMPROVEMENT,B,12150,10.37,0.18,N,3,0,0,0.08168786919380823,Low Risk
30,19200,MORTGAGE,2.0,HOMEIMPROVEMENT,C,4750,13.61,0.25,Y,8,1,1,0.9515729308870641,High Risk
24,64000,MORTGAGE,9.0,DEBTCONSOLIDATION,B,10000,10.99,0.16,N,4,0,0,0.1013046062727527,Low Risk
35,40000,OWN,5.0,VENTURE,A,8000,7.66,0.2,N,6,0,0,0.004623229311047825,Low Risk
37,69996,MORTGAGE,10.0,PERSONAL,B,5000,10.99,0.07,N,16,0,0,0.06848207194402244,Low Risk
22,29554,MORTGAGE,4.0,DEBTCONSOLIDATION,A,5775,5.42,0.2,N,3,1,0,0.10869764611740589,Low Risk
39,40800,RENT,4.0,MEDICAL,D,14000,16.0,0.34,Y,17,1,1,0.988719232184143,High Risk
24,88000,RENT,0.0,HOMEIMPROVEMENT,B,14000,9.99,0.16,N,3,0,0,0.07219587751252556,Low Risk
21,27000,RENT,5.0,VENTURE,A,5000,5.42,0.19,N,3,0,0,0.046385242010660424,Low Risk
38,110000,OWN,6.0,VENTURE,C,12000,12.99,0.11,N,11,0,0,0.008993973050974501,Low Risk
23,287000,RENT,3.0,EDUCATION,B,24250,12.53,0.08,N,3,0,0,0.0583398619042852,Low Risk
23,69000,MORTGAGE,0.0,PERSONAL,B,2500,9.64,0.04,N,3,1,0,0.062224817985740366,Low Risk
26,57000,MORTGAGE,10.0,VENTURE,B,2500,11.58,0.04,N,3,0,0,0.04258793799546854,Low Risk
22,27000,RENT,5.0,PERSONAL,B,2925,10.71,0.11,N,4,0,0,0.12588856459971637,Low Risk
27,75000,MORTGAGE,2.0,VENTURE,B,8000,10.95,0.11,N,7,0,0,0.04132951144916939,Low Risk
22,69500,RENT,6.0,DEBTCONSOLIDATION,B,6000,10.65,0.09,N,4,0,0,0.07412733600131095,Low Risk
25,66000,OWN,9.0,PERSONAL,A,15000,7.49,0.23,N,4,0,0,0.011511083504597818,Low Risk
24,72000,MORTGAGE,1.0,VENTURE,B,6000,9.99,0.08,N,2,0,0,0.029430014326718233,Low Risk
30,50000,RENT,3.0,VENTURE,C,4500,13.11,0.09,Y,7,0,0,0.09117240948018489,Low Risk
26,31200,RENT,8.0,PERSONAL,A,5000,8.63,0.16,N,2,0,0,0.12106513471954762,Low Risk
22,70000,MORTGAGE,6.0,VENTURE,B,2000,10.74,0.03,N,2,0,0,0.023376947512992925,Low Risk
36,54996,RENT,4.0,MEDICAL,C,10000,13.47,0.18,N,13,0,0,0.11845179101865451,Low Risk
25,36000,MORTGAGE,2.0,DEBTCONSOLIDATION,C,13750,13.22,0.38,N,4,1,0,0.20116430444773314,Low Risk
24,57000,RENT,1.0,MEDICAL,A,3000,7.88,0.05,N,3,0,0,0.05565858141905377,Low Risk
23,90000,MORTGAGE,1.0,EDUCATION,A,4000,5.42,0.04,N,3,0,0,0.022241067202094456,Low Risk
23,122000,MORTGAGE,5.0,PERSONAL,A,12000,7.29,0.1,N,3,0,0,0.024773380079777342,Low Risk
24,60000,MORTGAGE,2.0,PERSONAL,B,2600,11.49,0.04,N,4,0,0,0.06005641591794711,Low Risk
40,50000,MORTGAGE,5.0,PERSONAL,D,6000,14.96,0.12,N,15,0,0,0.4956952018903088,Medium Risk
24,62400,RENT,8.0,EDUCATION,B,15000,9.45,0.24,N,2,0,0,0.0640680604275484,Low Risk
24,55605,MORTGAGE,8.0,MEDICAL,B,6500,10.99,0.12,N,2,0,0,0.10522090203626895,Low Risk
26,125000,MORTGAGE,3.0,EDUCATION,D,24000,15.28,0.19,Y,4,0,0,0.2412433676991141,Low Risk
23,78000,MORTGAGE,7.0,EDUCATION,A,12400,7.29,0.16,N,3,0,0,0.04174655927068071,Low Risk
21,23004,RENT,5.0,VENTURE,B,1350,9.99,0.06,N,2,0,0,0.05446488816342402,Low Risk
25,150000,RENT,2.0,HOMEIMPROVEMENT,A,8750,7.74,0.06,N,4,0,0,0.03183554406034746,Low Risk
21,21600,RENT,4.0,DEBTCONSOLIDATION,A,6700,6.92,0.31,N,4,1,1,0.9552402061744761,High Risk
26,21600,RENT,9.0,VENTURE,B,7200,10.38,0.33,N,3,1,1,0.9391503077675075,High Risk
41,137004,RENT,0.0,VENTURE,A,5600,8.59,0.04,N,11,0,0,0.015942533168269126,Low Risk
22,24000,RENT,2.0,HOMEIMPROVEMENT,B,6000,12.18,0.25,N,3,1,1,0.7838251903378802,High Risk
28,33996,MORTGAGE,5.0,PERSONAL,A,12000,10.99,0.35,N,8,1,0,0.252964033012277,Low Risk
26,75000,OWN,10.0,EDUCATION,C,7200,10.99,0.1,N,3,0,0,0.01229650948835168,Low Risk
28,47820,OWN,12.0,MEDICAL,A,6000,5.42,0.13,N,9,0,0,0.013765966843556972,Low Risk
24,40000,OWN,4.0,MEDICAL,A,1000,7.37,0.03,N,2,0,0,0.014443135658303435,Low Risk
31,84000,MORTGAGE,2.0,EDUCATION,D,10400,14.96,0.12,N,7,0,0,0.3703024478412742,Medium Risk
25,39996,RENT,2.0,MEDICAL,B,10000,10.99,0.25,N,4,0,0,0.0994083079188129,Low Risk
22,38000,RENT,2.0,MEDICAL,A,18500,7.66,0.49,N,4,1,1,0.9674782076456966,High Risk
39,17721,OWN,0.0,DEBTCONSOLIDATION,C,3975,11.97,0.22,Y,15,1,1,0.827572669958902,High Risk
30,51372,RENT,4.0,MEDICAL,A,4500,6.39,0.09,N,10,0,0,0.053136340708455125,Low Risk
23,143000,MORTGAGE,7.0,DEBTCONSOLIDATION,D,24250,14.59,0.17,Y,2,1,1,0.7450356780133078,High Risk
39,150000,MORTGAGE,9.0,EDUCATION,A,30000,8.9,0.2,N,15,0,0,0.03089764513940069,Low Risk
44,36000,RENT,6.0,VENTURE,D,4000,15.2,0.11,N,12,0,0,0.3656953634004699,Medium Risk
27,30000,RENT,2.0,DEBTCONSOLIDATION,B,7000,10.37,0.23,N,7,0,0,0.15840408570172024,Low Risk
27,90000,RENT,2.0,DEBTCONSOLIDATION,C,9000,13.49,0.1,N,7,0,0,0.07095290110490264,Low Risk
22,42000,MORTGAGE,5.0,VENTURE,A,5000,6.99,0.12,N,4,0,0,0.018593063282382857,Low Risk
21,35000,OWN,2.0,VENTURE,C,7200,15.23,0.21,N,4,0,0,0.028260495305261247,Low Risk
45,38268,MORTGAGE,14.0,PERSONAL,B,8400,12.18,0.22,N,11,0,0,0.09140848856990437,Low Risk
32,38300,RENT,4.0,MEDICAL,B,5000,10.25,0.13,N,9,0,0,0.09059174012152403,Low Risk
30,78000,RENT,12.0,PERSONAL,A,7000,6.54,0.09,N,5,0,0,0.047384565758061305,Low Risk
23,21600,MORTGAGE,7.0,EDUCATION,A,2000,6.17,0.09,N,4,0,0,0.0832348690003042,Low Risk
25,52000,RENT,4.0,PERSONAL,B,24000,10.74,0.46,N,2,1,1,0.9662728054559017,High Risk
26,40000,MORTGAGE,10.0,HOMEIMPROVEMENT,C,12000,13.49,0.3,N,2,0,0,0.12535475724950515,Low Risk
32,249996,MORTGAGE,4.0,PERSONAL,C,14000,12.99,0.06,N,8,0,0,0.04804349592591049,Low Risk
24,33600,RENT,0.0,PERSONAL,C,7000,13.61,0.21,Y,4,0,0,0.19417713695456715,Low Risk
24,64000,MORTGAGE,8.0,VENTURE,B,4000,10.0,0.06,N,2,0,0,0.02515125090266538,Low Risk
25,87000,MORTGAGE,4.0,MEDICAL,B,13000,11.26,0.15,N,3,0,0,0.06380027443783619,Low Risk
30,50000,MORTGAGE,0.0,EDUCATION,C,10000,10.99,0.2,N,5,0,0,0.09130122043731383,Low Risk
26,36000,MORTGAGE,10.0,VENTURE,A,9000,5.42,0.25,N,4,0,0,0.019919220031490437,Low Risk
30,120000,MORTGAGE,3.0,EDUCATION,B,8000,10.37,0.07,N,9,0,0,0.03736656341035149,Low Risk
23,100000,MORTGAGE,0.0,VENTURE,A,11000,8.49,0.11,N,2,0,0,0.012325250428894607,Low Risk
50,68000,MORTGAGE,5.0,PERSONAL,B,10000,11.49,0.15,N,13,0,0,0.0680803060972139,Low Risk
26,68004,RENT,10.0,DEBTCONSOLIDATION,D,3500,15.28,0.05,Y,3,1,1,0.8255974163855192,High Risk
23,56400,MORTGAGE,4.0,EDUCATION,B,4000,11.49,0.07,N,4,0,0,0.07967368562921483,Low Risk
21,35000,MORTGAGE,1.0,MEDICAL,A,4950,7.68,0.14,N,4,0,0,0.054735526533321595,Low Risk
25,42000,MORTGAGE,9.0,HOMEIMPROVEMENT,B,12000,9.91,0.29,N,2,0,0,0.11552703998612024,Low Risk
25,32400,RENT,1.0,HOMEIMPROVEMENT,D,17500,15.95,0.54,Y,3,1,1,0.9972348294979461,High Risk
25,68000,RENT,2.0,DEBTCONSOLIDATION,B,13600,10.0,0.2,N,3,0,0,0.07412733600131095,Low Risk
23,74800,MORTGAGE,4.0,MEDICAL,C,8400,14.65,0.1,N,4,1,0,0.14677124341166872,Low Risk
24,50000,RENT,4.0,DEBTCONSOLIDATION,A,14400,10.99,0.29,N,2,0,0,0.0933699624467964,Low Risk
44,140000,OWN,14.0,VENTURE,B,21500,11.83,0.15,N,14,0,0,0.006348374163988325,Low Risk
25,34000,MORTGAGE,1.0,HOMEIMPROVEMENT,A,2500,6.03,0.07,N,2,0,0,0.3431289692745012,Medium Risk
27,48996,RENT,3.0,EDUCATION,B,12000,12.53,0.24,N,8,0,0,0.08396666730210813,Low Risk
22,34977,MORTGAGE,5.0,PERSONAL,D,13000,16.0,0.37,N,2,0,1,0.5858144609112377,Medium Risk
39,55000,RENT,0.0,MEDICAL,B,3000,10.2,0.05,N,15,0,0,0.09657556111391678,Low Risk
23,95000,MORTGAGE,7.0,PERSONAL,F,25000,18.78,0.26,N,4,0,0,0.4740334883275427,Medium Risk
30,58000,MORTGAGE,14.0,DEBTCONSOLIDATION,B,5350,9.99,0.09,N,9,0,0,0.08361528399258497,Low Risk
22,140000,MORTGAGE,6.0,EDUCATION,B,10000,10.99,0.07,N,3,0,0,0.041120816560993464,Low Risk
25,48000,RENT,3.0,DEBTCONSOLIDATION,B,2000,10.74,0.04,N,2,0,0,0.08701715342094782,Low Risk
29,90000,MORTGAGE,14.0,EDUCATION,B,10000,10.65,0.11,N,6,0,0,0.03505436388884914,Low Risk
23,24000,RENT,1.0,VENTURE,B,14075,10.99,0.59,N,3,1,1,0.9627282623592981,High Risk
23,45600,RENT,4.0,VENTURE,C,5000,14.22,0.11,N,4,0,0,0.12442401357483932,Low Risk
25,90000,MORTGAGE,9.0,VENTURE,A,20000,6.54,0.22,N,3,0,0,0.010459138007641137,Low Risk
22,100000,MORTGAGE,6.0,EDUCATION,A,15000,7.49,0.15,N,2,0,0,0.023583022183128882,Low Risk
29,75000,MORTGAGE,8.0,PERSONAL,C,12000,13.16,0.16,Y,7,1,0,0.0731850542705615,Low Risk
35,80000,OWN,5.0,VENTURE,D,15000,15.99,0.19,Y,5,0,0,0.018386776720733595,Low Risk
46,60000,MORTGAGE,1.0,EDUCATION,C,5000,11.72,0.08,N,16,0,0,0.060836974288024766,Low Risk
25,33600,RENT,5.0,PERSONAL,A,5075,5.79,0.15,N,2,0,0,0.09712086380193309,Low Risk
35,762000,OWN,8.0,MEDICAL,A,10000,8.94,0.01,N,8,0,0,0.010124087838728445,Low Risk
27,31400,RENT,1.0,MEDICAL,B,3500,11.71,0.11,N,8,0,0,0.16148076375896486,Low Risk
24,42000,MORTGAGE,5.0,PERSONAL,A,19200,7.9,0.46,N,4,0,0,0.12072293038556846,Low Risk
23,48000,OWN,6.0,EDUCATION,B,5000,10.08,0.1,N,4,0,0,0.013440862582241274,Low Risk
27,72900,MORTGAGE,3.0,PERSONAL,D,10000,15.7,0.14,Y,9,0,0,0.3961927327444862,Medium Risk
22,25000,OWN,4.0,VENTURE,A,5000,6.03,0.2,N,3,0,0,0.008690696171481676,Low Risk
32,72500,MORTGAGE,4.0,HOMEIMPROVEMENT,A,4000,5.42,0.06,N,10,0,0,0.05009797079063794,Low Risk
21,23040,OWN,1.0,VENTURE,D,5000,10.99,0.22,N,3,0,0,0.039025991587917246,Low Risk
22,58000,RENT,3.0,PERSONAL,B,1800,12.18,0.03,N,2,0,0,0.0889603467785677,Low Risk
29,82600,MORTGAGE,6.0,VENTURE,B,19450,9.91,0.24,N,10,0,0,0.023117607227390747,Low Risk
31,40000,MORTGAGE,5.0,PERSONAL,A,14000,6.03,0.35,N,10,0,0,0.09224515620610764,Low Risk
35,120000,RENT,4.0,HOMEIMPROVEMENT,B,12000,10.99,0.1,N,7,0,0,0.05217906185722226,Low Risk
22,54000,MORTGAGE,6.0,MEDICAL,A,5000,6.03,0.09,N,2,0,0,0.050390189060047004,Low Risk
24,13200,RENT,6.0,VENTURE,D,4000,15.65,0.3,Y,3,1,1,0.876132689562818,High Risk
29,64000,RENT,3.0,DEBTCONSOLIDATION,A,7000,7.51,0.11,N,6,0,0,0.049126727076717384,Low Risk
39,42000,RENT,0.0,PERSONAL,D,11000,13.55,0.26,N,12,1,0,0.48562161958029915,Medium Risk
28,65000,MORTGAGE,12.0,EDUCATION,B,15000,9.99,0.23,N,10,0,0,0.05748743980729544,Low Risk
28,100000,MORTGAGE,13.0,PERSONAL,A,13000,8.59,0.13,N,9,0,0,0.026229928612880416,Low Risk
29,104000,MORTGAGE,6.0,HOMEIMPROVEMENT,A,18000,7.66,0.17,N,7,0,0,0.028527168085503308,Low Risk
27,130000,MORTGAGE,3.0,VENTURE,B,24000,10.99,0.18,N,10,0,0,0.025821053837846466,Low Risk
23,49029,RENT,1.0,MEDICAL,A,9000,10.99,0.18,N,2,1,0,0.06769302553993986,Low Risk
34,85000,MORTGAGE,2.0,HOMEIMPROVEMENT,D,15000,15.99,0.18,Y,9,0,0,0.48904950201173497,Medium Risk
25,116000,RENT,5.0,DEBTCONSOLIDATION,C,10000,14.26,0.09,Y,4,0,0,0.11588484465775149,Low Risk
22,86000,MORTGAGE,4.0,PERSONAL,A,24000,7.51,0.28,N,2,0,0,0.046025014573248445,Low Risk
23,145000,MORTGAGE,0.0,EDUCATION,A,14400,5.79,0.1,N,4,0,0,0.023583022183128882,Low Risk
24,85000,RENT,0.0,MEDICAL,C,15000,13.11,0.18,N,3,0,0,0.081280397376214,Low Risk
25,70000,MORTGAGE,9.0,PERSONAL,B,1000,12.69,0.01,N,2,0,0,0.06848207194402244,Low Risk
25,23040,RENT,0.0,DEBTCONSOLIDATION,C,3200,14.79,0.14,N,2,0,0,0.27879327515856217,Low Risk
21,38000,RENT,5.0,EDUCATION,B,13500,9.91,0.36,N,3,1,1,0.964359391867428,High Risk
25,66420,MORTGAGE,1.0,EDUCATION,B,4000,12.18,0.06,N,2,0,0,0.06877646009538968,Low Risk
22,54000,RENT,1.0,DEBTCONSOLIDATION,A,5000,6.54,0.09,N,3,1,0,0.05115398649422127,Low Risk
25,42500,RENT,0.0,MEDICAL,C,4000,12.99,0.09,N,3,0,0,0.12572138771807725,Low Risk
29,45000,RENT,5.0,MEDICAL,C,2400,10.99,0.05,N,6,0,0,0.11277661182537381,Low Risk
24,69000,RENT,0.0,PERSONAL,E,10000,17.14,0.14,N,4,1,1,0.6983376254573511,High Risk
28,50000,MORTGAGE,8.0,EDUCATION,A,7000,8.59,0.14,N,9,0,0,0.04502818248007263,Low Risk
22,48000,RENT,7.0,PERSONAL,B,7200,12.69,0.15,N,2,0,0,0.08844984804456994,Low Risk
24,24000,RENT,3.0,VENTURE,B,10000,8.7,0.42,N,2,1,1,0.9391503077675075,High Risk
32,29962,RENT,4.0,MEDICAL,B,8000,12.53,0.27,N,7,0,0,0.21042539154918385,Low Risk
22,28000,RENT,6.0,EDUCATION,A,10000,5.42,0.36,N,3,1,1,0.9557600403877831,High Risk
23,42000,RENT,7.0,VENTURE,B,15000,11.83,0.36,N,4,1,1,0.9568898884374484,High Risk
57,40000,RENT,1.0,DEBTCONSOLIDATION,A,15000,8.9,0.38,N,20,1,1,0.9598502792007252,High Risk
22,19200,MORTGAGE,3.0,EDUCATION,D,5000,15.33,0.26,Y,2,1,1,0.8849546186923875,High Risk
35,130000,MORTGAGE,2.0,PERSONAL,B,12000,10.08,0.09,N,7,0,0,0.04146858059745842,Low Risk
25,65000,RENT,3.0,PERSONAL,A,4000,6.62,0.06,N,2,0,0,0.03804202517539235,Low Risk
24,67000,OWN,2.0,MEDICAL,B,16000,12.69,0.24,N,4,0,0,0.018784586529109876,Low Risk
24,60000,MORTGAGE,6.0,PERSONAL,C,2400,13.61,0.04,Y,4,0,0,0.06233937574987449,Low Risk
28,90000,MORTGAGE,0.0,MEDICAL,A,15000,7.88,0.17,N,6,0,0,0.0280038882618835,Low Risk
24,94992,RENT,1.0,EDUCATION,B,12000,11.89,0.13,N,4,0,0,0.04712684336346599,Low Risk
34,67392,MORTGAGE,0.0,DEBTCONSOLIDATION,C,15000,13.85,0.22,Y,8,1,0,0.1206165365243085,Low Risk
34,53500,RENT,0.0,EDUCATION,A,3200,6.76,0.06,N,5,0,0,0.04749183076429614,Low Risk
33,48000,MORTGAGE,1.0,PERSONAL,D,20000,16.07,0.42,N,10,0,0,0.48361002355177946,Medium Risk
24,52000,MORTGAGE,3.0,VENTURE,A,3500,6.76,0.07,N,3,0,0,0.017111894298164326,Low Risk
33,35000,RENT,2.0,DEBTCONSOLIDATION,C,10000,13.48,0.29,Y,10,0,0,0.14233237255217437,Low Risk
24,130000,MORTGAGE,8.0,EDUCATION,A,18500,10.99,0.14,N,2,0,0,0.02848963657648496,Low Risk
23,25000,RENT,0.0,DEBTCONSOLIDATION,A,5000,6.91,0.2,N,3,0,0,0.10202442695837954,Low Risk
22,98000,MORTGAGE,1.0,HOMEIMPROVEMENT,A,9000,9.63,0.09,N,2,1,0,0.029970610989269314,Low Risk
30,75000,RENT,0.0,EDUCATION,A,16000,8.9,0.21,N,10,0,0,0.04071266534539662,Low Risk
33,94000,RENT,4.0,HOMEIMPROVEMENT,B,7000,11.49,0.07,N,10,0,0,0.05217906185722226,Low Risk
24,17616,RENT,4.0,VENTURE,B,2000,10.37,0.11,N,2,0,0,0.19310045482843424,Low Risk
22,48888,RENT,1.0,PERSONAL,C,18400,13.16,0.38,N,2,1,1,0.9739341783023622,High Risk
26,49992,MORTGAGE,10.0,DEBTCONSOLIDATION,B,6000,10.99,0.12,N,2,0,0,0.10665531925778764,Low Risk
36,60996,MORTGAGE,8.0,DEBTCONSOLIDATION,B,15000,9.63,0.25,N,14,0,0,0.08428312013334209,Low Risk
26,125000,RENT,10.0,MEDICAL,B,3000,12.21,0.02,N,4,0,0,0.059197114619582984,Low Risk
24,62000,MORTGAGE,8.0,PERSONAL,A,5875,6.03,0.09,N,2,0,0,0.03755259732382356,Low Risk
22,65000,MORTGAGE,4.0,EDUCATION,A,9000,9.63,0.14,N,3,0,0,0.03486139290988845,Low Risk
26,61000,MORTGAGE,4.0,PERSONAL,A,8000,7.49,0.13,N,2,0,0,0.03755259732382356,Low Risk
23,95000,MORTGAGE,4.0,MEDICAL,A,4400,7.9,0.05,N,3,0,0,0.031566888483832135,Low Risk
31,113000,RENT,1.0,HOMEIMPROVEMENT,D,9600,14.91,0.08,Y,7,1,1,0.5576853110726618,Medium Risk
24,37200,RENT,8.0,DEBTCONSOLIDATION,A,7200,7.9,0.19,N,4,0,0,0.06106314480177924,Low Risk
32,28600,RENT,3.0,VENTURE,B,6700,10.37,0.23,N,9,0,0,0.06335602653655135,Low Risk
25,60500,OWN,6.0,PERSONAL,B,17000,12.42,0.28,N,2,0,0,0.018041539276780618,Low Risk
23,75000,RENT,4.0,MEDICAL,A,12000,6.03,0.16,N,3,0,0,0.04095284470439664,Low Risk
24,50000,MORTGAGE,8.0,EDUCATION,A,3000,7.66,0.06,N,2,0,0,0.0450892044701376,Low Risk
33,400000,MORTGAGE,9.0,MEDICAL,A,15000,6.03,0.04,N,6,0,0,0.028914441855558245,Low Risk
24,49000,OTHER,1.0,PERSONAL,C,20000,11.34,0.41,Y,4,1,1,0.5259689792930295,Medium Risk
31,90000,MORTGAGE,15.0,EDUCATION,C,10000,12.53,0.11,N,8,0,0,0.04221697900194837,Low Risk
25,70550,RENT,6.0,MEDICAL,E,10000,16.77,0.12,N,3,1,1,0.7490640345375598,High Risk
27,27180,RENT,4.0,MEDICAL,A,4800,7.14,0.18,N,10,0,0,0.1063456019128911,Low Risk
28,110000,MORTGAGE,3.0,VENTURE,A,11000,5.79,0.1,N,5,0,0,0.009427409434547887,Low Risk
27,83886,MORTGAGE,11.0,VENTURE,A,15000,6.03,0.18,N,6,0,0,0.011416006723071555,Low Risk
23,75000,RENT,0.0,MEDICAL,B,6000,11.48,0.08,N,2,0,0,0.08745993002811908,Low Risk
23,48000,OWN,4.0,VENTURE,B,7000,10.74,0.15,N,4,0,0,0.006073878367303693,Low Risk
27,55000,MORTGAGE,0.0,DEBTCONSOLIDATION,A,11000,5.42,0.2,N,9,0,0,0.04879487553826187,Low Risk
29,65000,MORTGAGE,0.0,HOMEIMPROVEMENT,A,10000,8.94,0.15,N,9,0,0,0.05092957204536622,Low Risk
31,59534,RENT,5.0,PERSONAL,D,15000,15.21,0.25,Y,10,0,1,0.6952944310884014,High Risk
24,30000,RENT,8.0,VENTURE,B,4800,11.49,0.16,N,2,0,0,0.09045653413360265,Low Risk
49,110000,MORTGAGE,11.0,HOMEIMPROVEMENT,A,3000,7.51,0.03,N,16,0,0,0.030737206710671663,Low Risk
25,78000,MORTGAGE,9.0,EDUCATION,A,8000,5.79,0.1,N,2,0,0,0.0426788982725959,Low Risk
24,23000,RENT,1.0,PERSONAL,C,5000,10.99,0.22,Y,2,0,0,0.17516105386980566,Low Risk
38,81000,RENT,0.0,HOMEIMPROVEMENT,A,24000,8.49,0.3,N,13,0,0,0.07360113854674459,Low Risk
22,70000,MORTGAGE,5.0,DEBTCONSOLIDATION,C,15000,13.92,0.21,N,2,0,0,0.11213816380140944,Low Risk
23,55000,RENT,4.0,EDUCATION,B,8000,9.25,0.15,N,2,0,0,0.06898910188621847,Low Risk
30,24000,RENT,5.0,MEDICAL,C,5500,13.23,0.23,Y,8,0,0,0.17061810279697637,Low Risk
26,43200,MORTGAGE,10.0,HOMEIMPROVEMENT,B,2500,9.88,0.06,N,4,0,0,0.1222026655990549,Low Risk
25,85000,RENT,5.0,EDUCATION,A,14400,8.49,0.17,N,2,0,0,0.032239231105123736,Low Risk
28,28896,RENT,6.0,PERSONAL,C,15000,13.48,0.52,Y,8,1,1,0.9718743831902946,High Risk
22,27259,RENT,1.0,EDUCATION,B,2400,10.59,0.09,N,2,0,0,0.12515576496332267,Low Risk
22,42000,OWN,3.0,VENTURE,A,7000,10.99,0.17,N,3,0,0,0.006747023431658204,Low Risk
30,70000,MORTGAGE,15.0,DEBTCONSOLIDATION,B,10000,10.75,0.14,N,6,0,0,0.07401243287293191,Low Risk
25,50000,MORTGAGE,8.0,DEBTCONSOLIDATION,B,12500,10.65,0.25,N,4,0,0,0.08361528399258497,Low Risk
24,54000,MORTGAGE,8.0,HOMEIMPROVEMENT,B,8500,10.99,0.16,N,3,0,0,0.12643014588167967,Low Risk
35,70000,MORTGAGE,14.0,HOMEIMPROVEMENT,B,20000,11.49,0.29,N,10,0,0,0.09467729387002972,Low Risk
22,95000,MORTGAGE,2.0,MEDICAL,B,5000,10.59,0.05,N,2,0,0,0.05439678562937919,Low Risk
23,34000,RENT,2.0,DEBTCONSOLIDATION,D,6000,14.09,0.18,Y,4,1,1,0.9334827712488019,High Risk
22,56004,MORTGAGE,6.0,DEBTCONSOLIDATION,A,2000,7.51,0.04,N,4,0,0,0.05353151849135536,Low Risk
39,24000,RENT,9.0,EDUCATION,B,5000,11.14,0.21,N,12,0,0,0.14215649639479722,Low Risk
23,50000,MORTGAGE,2.0,VENTURE,A,6400,8.49,0.13,N,4,0,0,0.022181221470247103,Low Risk
29,73000,RENT,1.0,HOMEIMPROVEMENT,B,20000,11.83,0.27,N,9,1,0,0.1263492609648249,Low Risk
23,44400,RENT,0.0,VENTURE,B,1500,11.63,0.03,N,4,0,0,0.06401610736593971,Low Risk
25,42000,RENT,2.0,DEBTCONSOLIDATION,C,4800,13.22,0.11,N,4,0,0,0.11281529440738597,Low Risk
34,45000,RENT,4.0,VENTURE,B,10000,11.71,0.22,N,10,0,0,0.04649816908090214,Low Risk
29,27600,RENT,2.0,EDUCATION,A,7500,6.62,0.27,N,9,0,0,0.12779804911611886,Low Risk
24,95000,RENT,8.0,PERSONAL,D,17200,17.58,0.18,N,3,0,0,0.3444185294493095,Medium Risk
25,39000,RENT,1.0,HOMEIMPROVEMENT,D,10750,14.59,0.28,Y,4,1,1,0.8698877326640244,High Risk
30,81004,RENT,3.0,VENTURE,A,10000,6.91,0.12,N,9,0,0,0.012280013771360891,Low Risk
37,50000,MORTGAGE,0.0,EDUCATION,A,20000,6.17,0.4,N,12,0,0,0.11051347029679624,Low Risk
24,425000,MORTGAGE,8.0,EDUCATION,A,10000,7.88,0.02,N,2,0,0,0.024303696318815644,Low Risk
43,50000,RENT,0.0,PERSONAL,B,4500,10.74,0.09,N,16,0,0,0.07838347510677067,Low Risk
22,30000,RENT,3.0,PERSONAL,B,3000,11.12,0.1,N,3,0,0,0.14242744415360006,Low Risk
24,56000,RENT,6.0,PERSONAL,A,9000,7.29,0.16,N,2,0,0,0.04773597423340801,Low Risk
30,70125,MORTGAGE,2.0,MEDICAL,D,25000,15.33,0.3,Y,9,1,1,0.8235599699179876,High Risk
44,140787,MORTGAGE,3.0,MEDICAL,D,35000,16.49,0.21,Y,15,1,1,0.7167103552601303,High Risk
28,91000,MORTGAGE,12.0,MEDICAL,C,21000,13.35,0.23,Y,6,0,0,0.07461512328593556,Low Risk
24,50000,MORTGAGE,7.0,VENTURE,D,1000,14.42,0.02,N,3,0,0,0.28660162600564737,Low Risk
25,70000,OWN,9.0,HOMEIMPROVEMENT,A,5000,8.59,0.07,N,3,0,0,0.015862168028703057,Low Risk
52,48000,RENT,3.0,MEDICAL,C,11000,12.73,0.23,N,22,0,0,0.1121462671302547,Low Risk
22,60000,RENT,5.0,EDUCATION,B,6000,11.49,0.1,N,4,0,0,0.0542717766393438,Low Risk
24,41000,RENT,4.0,EDUCATION,A,10000,6.99,0.24,N,4,0,0,0.05040067044007728,Low Risk
26,28000,RENT,7.0,MEDICAL,A,6500,7.51,0.23,N,3,0,0,0.10192180240828963,Low Risk
37,30480,OWN,1.0,MEDICAL,B,1200,11.99,0.04,N,15,0,0,0.026143472776742165,Low Risk
25,60000,MORTGAGE,9.0,VENTURE,A,15000,8.49,0.25,N,3,0,0,0.012400489741539648,Low Risk
39,40000,RENT,1.0,MEDICAL,A,3300,10.99,0.08,N,13,0,0,0.06552729449767888,Low Risk
37,200004,MORTGAGE,0.0,PERSONAL,C,5000,10.99,0.02,N,12,0,0,0.050653822872420005,Low Risk
23,60000,MORTGAGE,3.0,EDUCATION,A,20000,7.88,0.33,N,4,0,0,0.07172134147118273,Low Risk
26,85000,MORTGAGE,10.0,VENTURE,C,2200,13.43,0.03,N,3,0,0,0.04414513815726152,Low Risk
31,78000,RENT,2.0,VENTURE,A,8000,7.9,0.1,N,7,0,0,0.0279106602992803,Low Risk
28,52000,RENT,6.0,DEBTCONSOLIDATION,A,6000,7.14,0.12,N,6,0,0,0.05084833062833039,Low Risk
34,55000,MORTGAGE,3.0,VENTURE,A,12800,5.42,0.23,N,9,0,0,0.016676429883813005,Low Risk
25,66000,RENT,9.0,VENTURE,D,25000,15.33,0.38,Y,2,1,1,0.9588606568307104,High Risk
21,35360,MORTGAGE,2.0,EDUCATION,D,12250,15.31,0.35,N,4,0,0,0.4103452604296172,Medium Risk
22,70000,MORTGAGE,1.0,DEBTCONSOLIDATION,C,25000,13.79,0.36,N,3,1,0,0.2445237914896936,Low Risk
48,19200,OWN,1.0,MEDICAL,C,7000,10.99,0.36,N,16,1,1,0.8733345971397102,High Risk
31,30372,RENT,2.0,PERSONAL,D,20200,14.74,0.67,Y,5,1,1,0.9865189859438938,High Risk
24,48000,MORTGAGE,8.0,EDUCATION,A,3100,8.94,0.06,N,3,0,0,0.0468656659313921,Low Risk
31,85224,OWN,15.0,PERSONAL,B,6000,10.0,0.07,N,9,0,0,0.010100669513784782,Low Risk
24,62500,MORTGAGE,2.0,VENTURE,A,6000,5.79,0.1,N,2,0,0,0.01775513013717008,Low Risk
36,80000,MORTGAGE,0.0,EDUCATION,B,15000,10.71,0.19,N,14,0,0,0.04162383006548778,Low Risk
26,100000,RENT,5.0,PERSONAL,C,24000,12.73,0.24,N,4,0,0,0.06855496247432044,Low Risk
27,32496,OWN,4.0,VENTURE,B,9200,11.86,0.28,N,8,0,0,0.015757384991017205,Low Risk
31,53000,MORTGAGE,8.0,EDUCATION,C,3000,15.23,0.06,N,5,0,0,0.147994860072817,Low Risk
26,74000,MORTGAGE,5.0,DEBTCONSOLIDATION,A,10000,6.62,0.14,N,2,0,0,0.043003336217057646,Low Risk
25,45000,MORTGAGE,0.0,DEBTCONSOLIDATION,A,4325,6.91,0.1,N,3,0,0,0.04908882621430709,Low Risk
26,232500,MORTGAGE,0.0,MEDICAL,C,25000,14.17,0.11,Y,2,0,0,0.13693781714629996,Low Risk
41,58000,MORTGAGE,6.0,DEBTCONSOLIDATION,C,5200,12.87,0.09,N,11,0,0,0.11579949130669533,Low Risk
35,40000,RENT,6.0,DEBTCONSOLIDATION,C,5100,13.72,0.13,Y,5,0,0,0.11397681385160122,Low Risk
26,63000,RENT,3.0,HOMEIMPROVEMENT,C,6000,13.23,0.1,N,2,0,0,0.10450310844679525,Low Risk
25,34800,MORTGAGE,6.0,DEBTCONSOLIDATION,A,5125,6.99,0.15,N,2,1,0,0.10311371793413433,Low Risk
26,50000,RENT,4.0,PERSONAL,B,6000,10.99,0.12,N,3,0,0,0.08844984804456994,Low Risk
40,96000,MORTGAGE,5.0,HOMEIMPROVEMENT,C,3200,10.99,0.03,N,17,0,0,0.05595378305643758,Low Risk
23,32400,RENT,6.0,VENTURE,B,3000,10.0,0.09,N,2,0,0,0.0610150202119694,Low Risk
55,48000,RENT,1.0,EDUCATION,B,5500,10.62,0.11,N,22,1,0,0.07468507472356874,Low Risk
30,110000,MORTGAGE,12.0,HOMEIMPROVEMENT,B,5000,10.99,0.05,N,7,0,0,0.052336019742469604,Low Risk
25,21996,RENT,3.0,HOMEIMPROVEMENT,C,8000,13.98,0.36,Y,2,1,1,0.9949033637681093,High Risk
29,30000,OWN,0.0,PERSONAL,A,10000,6.17,0.33,N,5,0,0,0.038624862078186786,Low Risk
25,58296,RENT,9.0,DEBTCONSOLIDATION,A,5000,6.17,0.09,N,4,0,0,0.05115398649422127,Low Risk
26,49000,RENT,0.0,HOMEIMPROVEMENT,F,20000,19.79,0.41,N,3,1,1,0.9925873016748173,High Risk
43,50000,MORTGAGE,12.0,HOMEIMPROVEMENT,B,5000,10.0,0.1,N,16,0,0,0.11843416919892666,Low Risk
21,46500,MORTGAGE,5.0,EDUCATION,D,1300,14.96,0.03,N,2,0,0,0.4134378831714773,Medium Risk
21,20000,RENT,2.0,MEDICAL,A,9000,7.51,0.45,N,4,1,1,0.9562385514125489,High Risk
27,43000,MORTGAGE,11.0,VENTURE,A,17500,7.29,0.41,N,7,0,0,0.0665950044252927,Low Risk
31,50000,MORTGAGE,2.0,DEBTCONSOLIDATION,B,5000,10.62,0.1,N,10,0,0,0.08410045384982948,Low Risk
23,55000,RENT,1.0,MEDICAL,A,3800,6.76,0.07,N,4,0,0,0.053136340708455125,Low Risk
24,172000,MORTGAGE,6.0,DEBTCONSOLIDATION,C,20000,13.47,0.12,Y,4,1,0,0.0916451805637172,Low Risk
28,70000,RENT,1.0,HOMEIMPROVEMENT,C,12000,14.27,0.17,Y,6,0,0,0.15106408880783456,Low Risk
40,53000,RENT,4.0,MEDICAL,A,4500,6.03,0.08,N,16,0,0,0.05214371567390337,Low Risk
23,95327,OWN,4.0,VENTURE,A,4325,7.74,0.05,N,2,0,0,0.0033620036568659303,Low Risk
32,63000,RENT,4.0,VENTURE,A,12000,6.62,0.19,N,10,0,0,0.01621538788648932,Low Risk
22,50000,MORTGAGE,6.0,VENTURE,C,10000,10.99,0.2,N,4,0,0,0.08019661066648115,Low Risk
24,45204,RENT,0.0,MEDICAL,A,12000,7.51,0.27,N,4,0,0,0.07064285018178541,Low Risk
24,110000,RENT,4.0,DEBTCONSOLIDATION,B,18000,12.18,0.16,N,4,0,0,0.07169454282243738,Low Risk
26,115200,MORTGAGE,10.0,DEBTCONSOLIDATION,C,4500,11.97,0.04,Y,2,0,0,0.08088648935621737,Low Risk
24,40000,RENT,1.0,PERSONAL,B,3000,10.74,0.07,N,3,0,0,0.07211917633299499,Low Risk
29,140000,OWN,5.0,VENTURE,B,27000,9.91,0.19,N,7,0,0,0.0049661060017067655,Low Risk
43,71015,RENT,8.0,VENTURE,B,5000,11.14,0.07,N,14,0,0,0.037045807549447515,Low Risk
29,72000,MORTGAGE,0.0,VENTURE,B,24000,10.99,0.33,N,6,0,0,0.10498700884550187,Low Risk
28,209000,OWN,4.0,PERSONAL,D,15000,14.84,0.07,Y,7,0,0,0.040936392304735995,Low Risk
28,56800,RENT,2.0,VENTURE,A,4000,7.88,0.07,N,9,0,0,0.026930044775441794,Low Risk
22,54000,RENT,6.0,DEBTCONSOLIDATION,D,5000,17.27,0.09,Y,2,1,1,0.8571349394474554,High Risk
23,90000,RENT,0.0,EDUCATION,A,12000,8.9,0.13,N,2,0,0,0.02587614980298852,Low Risk
35,158000,OWN,14.0,EDUCATION,B,10000,9.63,0.06,N,10,0,0,0.009318671262407947,Low Risk
31,30000,RENT,2.0,MEDICAL,B,3000,10.95,0.1,N,8,0,0,0.16148076375896486,Low Risk
23,86000,MORTGAGE,5.0,EDUCATION,A,21000,8.9,0.24,N,4,0,0,0.03827451526457556,Low Risk
24,30000,RENT,2.0,EDUCATION,A,3000,6.03,0.1,N,3,0,0,0.09784282142834828,Low Risk
23,90000,RENT,2.0,MEDICAL,B,20000,11.49,0.22,N,4,0,0,0.07722924836526529,Low Risk
30,175000,MORTGAGE,2.0,HOMEIMPROVEMENT,A,6000,7.68,0.03,N,7,0,0,0.028527168085503308,Low Risk
24,72000,MORTGAGE,1.0,PERSONAL,A,12000,5.42,0.17,N,2,0,0,0.03493478828889461,Low Risk
34,58800,MORTGAGE,3.0,HOMEIMPROVEMENT,E,17000,17.74,0.29,N,10,1,1,0.6632116150511538,High Risk
31,46080,RENT,3.0,MEDICAL,E,2800,17.56,0.06,N,10,0,1,0.8074658569177027,High Risk
32,34000,RENT,4.0,VENTURE,A,4000,7.74,0.12,N,10,0,0,0.056995169747013394,Low Risk
31,52000,RENT,0.0,VENTURE,A,8000,7.51,0.15,N,5,0,0,0.02676504915873139,Low Risk
22,40000,RENT,1.0,DEBTCONSOLIDATION,A,2800,7.49,0.07,N,4,0,0,0.05396714542917449,Low Risk
33,87550,RENT,0.0,MEDICAL,C,9000,14.65,0.09,Y,7,1,0,0.15388151910366205,Low Risk
38,34800,RENT,1.0,DEBTCONSOLIDATION,C,2100,14.72,0.06,N,13,0,0,0.32738837291066747,Medium Risk
22,73000,MORTGAGE,3.0,MEDICAL,B,17000,11.99,0.23,N,3,0,0,0.08965734530657472,Low Risk
22,36000,RENT,4.0,PERSONAL,B,10000,11.36,0.28,N,2,1,0,0.11520599120810861,Low Risk
28,13500,OWN,0.0,PERSONAL,A,6700,9.63,0.5,N,5,1,1,0.9419169136070334,High Risk
27,50000,MORTGAGE,7.0,MEDICAL,A,9500,8.9,0.19,N,8,0,0,0.05323738129961423,Low Risk
22,45000,RENT,4.0,EDUCATION,B,10000,10.65,0.22,N,3,0,0,0.06898910188621847,Low Risk
25,47000,RENT,1.0,EDUCATION,A,8500,8.9,0.18,N,4,0,0,0.04931904909279962,Low Risk
24,185000,MORTGAGE,6.0,MEDICAL,A,3000,7.88,0.02,N,2,0,0,0.03110431332190411,Low Risk
25,90000,MORTGAGE,4.0,VENTURE,B,10000,10.0,0.11,N,2,0,0,0.014909600811360814,Low Risk
24,36000,RENT,5.0,VENTURE,D,3525,14.59,0.1,Y,3,0,0,0.36179930965850704,Medium Risk
23,65000,RENT,7.0,PERSONAL,D,16000,14.59,0.25,N,4,0,0,0.4291381345653564,Medium Risk
32,45000,RENT,1.0,DEBTCONSOLIDATION,B,5000,10.36,0.11,N,5,0,0,0.08422959387158935,Low Risk
32,43000,RENT,2.0,MEDICAL,B,6950,9.91,0.16,N,9,0,0,0.09297920596692479,Low Risk
30,84300,RENT,4.0,PERSONAL,B,12000,8.88,0.14,N,7,0,0,0.045861392260964425,Low Risk
28,57360,MORTGAGE,3.0,EDUCATION,B,23000,10.99,0.4,N,7,0,0,0.1447077923811511,Low Risk
28,68004,RENT,1.0,PERSONAL,C,15000,13.16,0.22,Y,7,0,0,0.09199455689914321,Low Risk
26,80004,MORTGAGE,7.0,PERSONAL,C,7500,15.23,0.09,N,4,1,0,0.08504775830499822,Low Risk
24,36000,MORTGAGE,3.0,EDUCATION,B,8000,9.83,0.22,N,3,0,0,0.07289087754386983,Low Risk
27,13500,RENT,2.0,MEDICAL,B,8000,12.18,0.59,N,5,1,1,0.9932184281799946,High Risk
25,120000,RENT,9.0,EDUCATION,A,30000,7.9,0.25,N,4,0,0,0.038888071828618614,Low Risk
43,36000,RENT,1.0,MEDICAL,A,10000,8.94,0.28,N,11,0,0,0.08210867845850985,Low Risk
25,28008,RENT,5.0,MEDICAL,B,4000,10.0,0.14,N,2,0,0,0.1315955600642582,Low Risk
25,55000,MORTGAGE,4.0,MEDICAL,D,9000,16.77,0.16,Y,2,1,1,0.7527979801510596,High Risk
22,27302,MORTGAGE,6.0,MEDICAL,B,3725,12.69,0.14,N,2,0,0,0.14383028859960023,Low Risk
27,66300,MORTGAGE,11.0,MEDICAL,D,21000,15.62,0.27,Y,10,1,1,0.6604620701432032,High Risk
32,53000,RENT,0.0,DEBTCONSOLIDATION,B,5700,9.99,0.11,N,9,0,0,0.08374374713209276,Low Risk
34,65000,RENT,2.0,DEBTCONSOLIDATION,A,12000,7.49,0.18,N,7,0,0,0.04397998216712088,Low Risk
30,20000,OWN,14.0,HOMEIMPROVEMENT,A,3800,6.99,0.19,N,5,0,0,0.04427388355238446,Low Risk
25,40000,OWN,0.0,EDUCATION,B,8000,10.38,0.2,N,4,0,0,0.012837739804874867,Low Risk
26,7904,MORTGAGE,0.0,HOMEIMPROVEMENT,B,500,10.71,0.06,N,3,0,1,0.5793882148305924,Medium Risk
26,27600,RENT,0.0,MEDICAL,A,4725,6.54,0.17,N,2,0,0,0.1063456019128911,Low Risk
24,120000,RENT,5.0,MEDICAL,A,15000,10.99,0.13,N,3,0,0,0.03832012713776936,Low Risk
23,72000,RENT,7.0,VENTURE,B,12000,9.99,0.17,N,3,0,0,0.02557042175833657,Low Risk
27,58650,MORTGAGE,5.0,MEDICAL,E,7500,15.07,0.11,Y,9,1,1,0.8702937041318985,High Risk
22,24000,OWN,1.0,VENTURE,A,8000,7.51,0.33,N,3,0,0,0.024599455899628853,Low Risk
32,52000,RENT,3.0,EDUCATION,C,4200,13.23,0.08,Y,10,0,0,0.0911832328010659,Low Risk
27,74700,MORTGAGE,7.0,HOMEIMPROVEMENT,B,5000,11.49,0.07,N,6,1,0,0.09235522338050925,Low Risk
42,75000,MORTGAGE,2.0,EDUCATION,B,9600,11.99,0.13,N,11,0,0,0.06689301620001686,Low Risk
24,10000,RENT,0.0,VENTURE,B,1400,10.83,0.14,N,4,0,0,0.27800964267749323,Low Risk
22,51000,MORTGAGE,3.0,DEBTCONSOLIDATION,A,10000,8.49,0.2,N,3,0,0,0.05105114427104959,Low Risk
38,33600,RENT,0.0,VENTURE,A,4800,8.49,0.14,N,11,0,0,0.060092979119399634,Low Risk
30,106000,RENT,9.0,DEBTCONSOLIDATION,C,20000,13.22,0.19,Y,5,0,0,0.10439913225327908,Low Risk
24,50000,RENT,3.0,PERSONAL,D,5000,14.74,0.1,Y,4,0,1,0.5146761557715543,Medium Risk
23,160000,MORTGAGE,1.0,VENTURE,C,35000,15.23,0.22,Y,2,0,0,0.11279227563408403,Low Risk
23,30000,MORTGAGE,5.0,MEDICAL,A,1000,7.4,0.03,N,2,0,0,0.0995665759846748,Low Risk
23,68500,MORTGAGE,7.0,EDUCATION,C,4200,11.66,0.06,Y,4,0,0,0.06906462584284619,Low Risk
26,83004,RENT,7.0,EDUCATION,A,5450,7.9,0.07,N,4,0,0,0.03139479539264742,Low Risk
32,21600,RENT,4.0,DEBTCONSOLIDATION,A,4000,8.07,0.19,N,10,0,0,0.10774871382095187,Low Risk
37,91800,MORTGAGE,21.0,MEDICAL,D,20000,14.84,0.19,Y,12,1,1,0.7084638088758763,High Risk
29,38004,RENT,2.0,PERSONAL,C,1500,12.53,0.04,Y,7,1,0,0.11317194240152267,Low Risk
27,26400,RENT,1.0,MEDICAL,C,2000,13.61,0.08,N,10,0,0,0.16952946078010378,Low Risk
28,56004,RENT,12.0,MEDICAL,C,5525,12.68,0.1,N,9,0,0,0.1121462671302547,Low Risk
25,39000,MORTGAGE,9.0,DEBTCONSOLIDATION,C,3000,13.99,0.08,N,2,0,0,0.2295628410902443,Low Risk
36,54000,RENT,2.0,HOMEIMPROVEMENT,A,7500,10.99,0.14,N,14,1,0,0.09268753668485284,Low Risk
23,47004,RENT,3.0,EDUCATION,C,4000,12.53,0.09,Y,4,0,0,0.0883038955756611,Low Risk
32,66100,MORTGAGE,5.0,MEDICAL,A,5000,6.03,0.08,N,8,0,0,0.03918087876871502,Low Risk
29,115000,RENT,5.0,HOMEIMPROVEMENT,A,7500,5.99,0.07,N,8,0,0,0.031188990129174473,Low Risk
27,60000,MORTGAGE,8.0,PERSONAL,B,5000,9.63,0.08,N,6,0,0,0.046860284503438474,Low Risk
24,71000,MORTGAGE,6.0,MEDICAL,B,10000,10.36,0.14,N,4,0,0,0.07014394427909,Low Risk
37,71000,MORTGAGE,11.0,DEBTCONSOLIDATION,B,11200,12.42,0.16,N,11,0,0,0.09467980703605432,Low Risk
21,59000,MORTGAGE,5.0,PERSONAL,B,5600,11.49,0.09,N,4,0,0,0.14782766672244077,Low Risk
25,42240,OWN,10.0,HOMEIMPROVEMENT,A,8000,6.62,0.19,N,4,0,0,0.02095129264847214,Low Risk
27,38000,MORTGAGE,11.0,DEBTCONSOLIDATION,B,5000,9.76,0.13,N,5,0,0,0.08677740896374098,Low Risk
23,42870,RENT,7.0,MEDICAL,A,2000,5.42,0.05,N,3,0,0,0.062255668632174355,Low Risk
24,72000,OWN,8.0,HOMEIMPROVEMENT,A,9000,7.49,0.13,N,4,0,0,0.014577872829156466,Low Risk
24,30000,RENT,0.0,PERSONAL,E,10000,19.29,0.33,Y,3,1,1,0.9896255646706711,High Risk
23,90000,MORTGAGE,5.0,PERSONAL,A,15000,6.03,0.17,N,3,0,0,0.023221634201025652,Low Risk
27,130000,MORTGAGE,12.0,PERSONAL,A,5000,8.63,0.04,N,5,0,0,0.02639171488484306,Low Risk
23,84996,MORTGAGE,5.0,MEDICAL,B,5000,10.95,0.06,N,3,0,0,0.06417852175254617,Low Risk
31,65200,MORTGAGE,7.0,PERSONAL,A,7000,8.0,0.11,N,8,0,0,0.036966129826804126,Low Risk
24,30000,RENT,2.0,VENTURE,A,4000,5.99,0.13,N,2,0,0,0.056151032765921274,Low Risk
39,28800,RENT,4.0,PERSONAL,C,3250,14.72,0.11,N,16,0,0,0.2160551839358134,Low Risk
23,20004,RENT,2.0,DEBTCONSOLIDATION,B,1500,9.62,0.07,N,3,0,0,0.12081498920193115,Low Risk
27,48100,MORTGAGE,1.0,VENTURE,B,20000,11.89,0.42,N,10,0,0,0.1214705426626036,Low Risk
28,50000,OWN,12.0,VENTURE,A,6000,6.03,0.12,N,9,0,0,0.004874993727729159,Low Risk
37,50000,MORTGAGE,4.0,EDUCATION,A,2325,6.99,0.05,N,17,0,0,0.045969253987911456,Low Risk
27,24000,MORTGAGE,6.0,PERSONAL,A,6250,8.49,0.26,N,8,0,0,0.10457138790494493,Low Risk
22,20000,RENT,2.0,VENTURE,B,5000,11.86,0.25,N,2,0,0,0.10364049198294897,Low Risk
27,67200,RENT,0.0,PERSONAL,A,8000,6.03,0.12,N,5,0,0,0.037811593921728566,Low Risk
31,39000,RENT,5.0,MEDICAL,C,6600,13.79,0.17,Y,9,0,0,0.18964848135776496,Low Risk
31,70550,RENT,2.0,MEDICAL,D,16000,17.49,0.19,N,8,1,1,0.86806768055275,High Risk
23,56016,RENT,4.0,EDUCATION,E,5000,15.13,0.09,N,3,0,0,0.30332405154636793,Medium Risk
23,37700,MORTGAGE,7.0,DEBTCONSOLIDATION,A,10000,9.63,0.27,N,3,1,0,0.06429739647025433,Low Risk
24,41500,MORTGAGE,8.0,EDUCATION,A,8500,7.14,0.2,N,4,0,0,0.046612455066672026,Low Risk
22,45000,RENT,7.0,EDUCATION,C,6200,13.79,0.14,N,3,0,0,0.0975318967694592,Low Risk
24,95000,RENT,5.0,VENTURE,B,14000,10.99,0.15,N,4,0,0,0.024144399879898144,Low Risk
27,102000,MORTGAGE,1.0,PERSONAL,B,16000,11.99,0.16,N,5,0,0,0.04707742413197951,Low Risk
26,18700,RENT,2.0,EDUCATION,A,1500,5.42,0.08,N,4,0,0,0.1975239674800706,Low Risk
37,58000,RENT,1.0,EDUCATION,B,9500,9.96,0.16,N,15,0,0,0.07468507472356874,Low Risk
23,81504,MORTGAGE,6.0,DEBTCONSOLIDATION,A,2400,6.92,0.03,N,4,0,0,0.04070609657622294,Low Risk
41,21000,RENT,0.0,MEDICAL,B,3000,10.99,0.14,N,15,0,0,0.1384121402002619,Low Risk
26,63000,MORTGAGE,10.0,MEDICAL,A,3500,7.68,0.06,N,4,0,0,0.043468321876024084,Low Risk
25,70000,MORTGAGE,6.0,VENTURE,A,14000,5.42,0.2,N,3,0,0,0.01338065658801569,Low Risk
22,125000,MORTGAGE,6.0,VENTURE,B,10000,10.99,0.08,N,2,0,0,0.021559899576924717,Low Risk
36,38568,RENT,7.0,EDUCATION,E,2400,18.39,0.06,Y,13,0,0,0.48666472382335996,Medium Risk
29,57000,RENT,5.0,EDUCATION,E,10000,18.64,0.18,Y,6,0,0,0.468259852422537,Medium Risk
21,52000,RENT,5.0,PERSONAL,D,16000,15.7,0.31,N,4,1,1,0.9786150065849181,High Risk
30,54000,RENT,2.0,DEBTCONSOLIDATION,D,16200,15.57,0.3,N,10,1,1,0.9206042975219225,High Risk
24,23000,RENT,0.0,EDUCATION,A,3000,8.0,0.13,N,3,0,0,0.09277179244761147,Low Risk
22,23000,MORTGAGE,1.0,EDUCATION,A,2400,9.63,0.1,N,4,0,0,0.08699413138554363,Low Risk
22,55000,MORTGAGE,6.0,PERSONAL,C,3250,13.49,0.06,Y,4,0,0,0.09256080178008233,Low Risk
34,78000,RENT,0.0,DEBTCONSOLIDATION,A,16800,7.37,0.22,N,5,0,0,0.0585666530975506,Low Risk
29,92250,RENT,2.0,MEDICAL,B,13000,10.99,0.14,N,9,0,0,0.062347929461010865,Low Risk
23,61000,RENT,2.0,PERSONAL,D,8400,14.84,0.14,N,2,1,1,0.6438350619712857,High Risk
24,21000,RENT,0.0,EDUCATION,C,4000,13.43,0.19,N,2,0,0,0.1526605033273351,Low Risk
24,35000,OWN,1.0,MEDICAL,D,7000,16.29,0.2,N,4,0,0,0.2242471324325701,Low Risk
24,39000,RENT,4.0,HOMEIMPROVEMENT,C,8000,10.99,0.21,N,2,1,0,0.23828096263402734,Low Risk
33,55000,OWN,4.0,HOMEIMPROVEMENT,A,12000,7.51,0.22,N,9,0,0,0.019057925472138675,Low Risk
23,75000,MORTGAGE,7.0,PERSONAL,B,4950,10.99,0.07,N,3,0,0,0.06699980482349958,Low Risk
37,15000,OWN,0.0,VENTURE,A,5000,7.74,0.33,N,13,1,1,0.9325983060833783,High Risk
22,56650,MORTGAGE,2.0,MEDICAL,B,6500,10.65,0.11,N,2,0,0,0.09290790090012344,Low Risk
26,159800,MORTGAGE,6.0,MEDICAL,D,30000,17.58,0.16,Y,3,1,1,0.7758856274518504,High Risk
26,65000,RENT,0.0,VENTURE,C,17000,13.47,0.26,N,2,0,0,0.11144474386497265,Low Risk
24,100000,MORTGAGE,8.0,DEBTCONSOLIDATION,C,3600,13.23,0.04,Y,2,0,0,0.0820512415242371,Low Risk
24,74000,RENT,1.0,HOMEIMPROVEMENT,D,16800,15.65,0.23,Y,3,1,1,0.6781565013657075,High Risk
22,35004,OWN,3.0,VENTURE,A,3000,7.9,0.09,N,4,0,0,0.005681122208530393,Low Risk
22,41000,MORTGAGE,0.0,VENTURE,B,6400,9.99,0.16,N,4,0,0,0.037239630929017824,Low Risk
26,54000,MORTGAGE,5.0,PERSONAL,A,14000,7.88,0.26,N,3,0,0,0.049470393448829246,Low Risk
27,83200,RENT,11.0,EDUCATION,D,9000,15.31,0.11,Y,5,0,0,0.2693155392505812,Low Risk
42,33564,RENT,5.0,PERSONAL,D,6000,16.29,0.18,N,15,1,1,0.6547155091402036,High Risk
27,35000,RENT,0.0,DEBTCONSOLIDATION,A,3000,8.49,0.09,N,10,0,0,0.061282358474278924,Low Risk
22,74000,RENT,7.0,DEBTCONSOLIDATION,D,24250,15.65,0.33,Y,2,1,1,0.9925918926608421,High Risk
23,26000,RENT,1.0,PERSONAL,D,1600,16.29,0.06,Y,3,1,1,0.7754084219203323,High Risk
25,75000,MORTGAGE,9.0,MEDICAL,C,4800,15.27,0.06,Y,3,0,0,0.16164050694048446,Low Risk
22,52800,RENT,1.0,PERSONAL,A,2100,6.76,0.04,N,2,0,0,0.05199075155457315,Low Risk
23,43000,MORTGAGE,1.0,EDUCATION,A,9000,9.63,0.21,N,2,0,0,0.04774623248332216,Low Risk
22,99600,MORTGAGE,6.0,MEDICAL,B,5000,9.67,0.05,N,3,0,0,0.05127452012645676,Low Risk
28,55000,RENT,3.0,MEDICAL,C,5000,12.53,0.09,Y,10,0,0,0.11289574443941856,Low Risk
23,126996,OWN,2.0,EDUCATION,B,11000,10.0,0.09,N,2,0,0,0.009689014357513234,Low Risk
24,40000,MORTGAGE,3.0,EDUCATION,B,6400,9.91,0.16,N,4,0,0,0.060350002303932664,Low Risk
26,53595,MORTGAGE,3.0,PERSONAL,A,6000,7.88,0.11,N,2,0,0,0.04446808858014854,Low Risk
21,68100,MORTGAGE,5.0,DEBTCONSOLIDATION,E,17500,17.19,0.26,N,4,1,1,0.8663631972311172,High Risk
27,52000,RENT,0.0,HOMEIMPROVEMENT,B,5100,10.37,0.1,N,9,0,0,0.12959724004419457,Low Risk
30,39000,RENT,1.0,MEDICAL,A,2300,8.59,0.06,N,6,0,0,0.09982750496759236,Low Risk
35,132000,MORTGAGE,14.0,PERSONAL,A,22000,6.54,0.17,N,5,0,0,0.0290830416778146,Low Risk
32,29100,MORTGAGE,3.0,MEDICAL,D,10000,15.95,0.34,Y,9,1,1,0.6288925524751908,High Risk
29,88000,MORTGAGE,3.0,DEBTCONSOLIDATION,C,15000,13.85,0.17,Y,6,0,0,0.12416992011188796,Low Risk
25,31200,RENT,7.0,MEDICAL,A,3500,6.92,0.11,N,3,0,0,0.09712086380193309,Low Risk
24,120000,RENT,0.0,PERSONAL,B,6000,10.99,0.05,N,3,0,0,0.04974988416666193,Low Risk
31,40000,MORTGAGE,5.0,HOMEIMPROVEMENT,A,14000,6.03,0.35,N,7,0,0,0.13823187298371137,Low Risk
23,30000,RENT,3.0,PERSONAL,B,10000,11.14,0.33,N,2,1,1,0.9679625821400107,High Risk
23,34800,RENT,7.0,EDUCATION,A,2500,6.39,0.07,N,2,0,0,0.1104028674876709,Low Risk
21,45996,RENT,5.0,DEBTCONSOLIDATION,D,5000,10.99,0.11,Y,3,1,1,0.6858409452538727,High Risk
27,102000,MORTGAGE,9.0,PERSONAL,A,6000,7.49,0.06,N,9,0,0,0.024773380079777342,Low Risk
26,44000,MORTGAGE,8.0,MEDICAL,G,12000,18.84,0.27,Y,3,1,1,0.8797952392945587,High Risk
22,21600,RENT,6.0,PERSONAL,D,1600,10.99,0.07,Y,4,0,0,0.4155122007217492,Medium Risk
22,30000,RENT,2.0,VENTURE,D,4200,15.31,0.14,Y,2,1,1,0.6993103287197096,High Risk
38,38000,RENT,3.0,DEBTCONSOLIDATION,A,10000,8.59,0.26,N,15,0,0,0.08042979498637473,Low Risk
26,63834,MORTGAGE,5.0,MEDICAL,B,17000,11.12,0.27,N,3,0,0,0.10208440829156294,Low Risk
24,47000,RENT,7.0,VENTURE,A,6000,8.9,0.13,N,3,0,0,0.020937653204216866,Low Risk
24,56000,RENT,8.0,HOMEIMPROVEMENT,D,9000,10.99,0.16,Y,2,0,0,0.4272031197554095,Medium Risk
22,70000,RENT,6.0,PERSONAL,B,13600,12.21,0.19,N,4,0,0,0.07068933525400259,Low Risk
25,38014,MORTGAGE,4.0,HOMEIMPROVEMENT,A,10000,8.49,0.26,N,3,0,0,0.10598736409241516,Low Risk
27,20400,RENT,3.0,VENTURE,A,5500,6.91,0.27,N,8,0,0,0.05431106290436387,Low Risk
24,73500,RENT,3.0,HOMEIMPROVEMENT,C,5000,12.99,0.07,N,4,0,0,0.10322023022090686,Low Risk
38,50000,RENT,8.0,MEDICAL,C,20000,13.85,0.4,N,14,1,1,0.9795760667026595,High Risk
26,26004,MORTGAGE,5.0,HOMEIMPROVEMENT,B,6000,11.99,0.23,N,2,0,0,0.3082777660695149,Medium Risk
26,42000,RENT,3.0,PERSONAL,C,5000,13.99,0.12,N,3,1,0,0.13069357204581813,Low Risk
27,58000,RENT,11.0,VENTURE,A,7000,10.99,0.12,N,9,0,0,0.03021323627989297,Low Risk
21,28800,RENT,1.0,EDUCATION,B,9600,10.37,0.33,N,3,1,1,0.964406005815589,High Risk
25,31000,RENT,2.0,DEBTCONSOLIDATION,A,1800,8.32,0.06,N,2,0,0,0.11055304020659762,Low Risk
22,32000,RENT,0.0,MEDICAL,B,3200,10.2,0.1,N,4,0,0,0.15255516380264772,Low Risk
36,16800,RENT,2.0,PERSONAL,C,1200,13.06,0.07,N,15,0,0,0.37819955038536635,Medium Risk
22,90000,RENT,2.0,PERSONAL,B,7000,8.88,0.08,N,3,0,0,0.04114180099591798,Low Risk
28,80000,RENT,8.0,HOMEIMPROVEMENT,B,18000,10.59,0.23,N,10,0,0,0.048192266201274,Low Risk
28,100000,MORTGAGE,13.0,VENTURE,A,13000,8.59,0.13,N,5,0,0,0.009990936541544147,Low Risk
34,62000,MORTGAGE,18.0,HOMEIMPROVEMENT,B,28000,11.71,0.45,N,10,0,0,0.15796219427848013,Low Risk
27,46000,MORTGAGE,11.0,EDUCATION,A,8725,9.32,0.19,N,9,1,0,0.04502818248007263,Low Risk
28,47004,MORTGAGE,12.0,PERSONAL,C,10000,13.61,0.21,Y,6,1,0,0.09203172900451019,Low Risk
24,90000,MORTGAGE,3.0,VENTURE,A,12000,7.51,0.13,N,3,0,0,0.00889652401253863,Low Risk
26,122500,RENT,1.0,MEDICAL,B,10000,10.65,0.08,N,3,0,0,0.05502479975586238,Low Risk
27,24000,OWN,4.0,EDUCATION,C,4000,12.99,0.17,N,6,0,0,0.02220594927485993,Low Risk
26,71000,RENT,9.0,MEDICAL,B,3000,10.99,0.04,N,4,0,0,0.08495967923257408,Low Risk
34,46800,MORTGAGE,1.0,HOMEIMPROVEMENT,B,5525,11.11,0.12,N,6,0,0,0.13338321485911322,Low Risk
42,45000,OWN,0.0,VENTURE,A,5000,7.43,0.11,N,12,0,0,0.00594047992163742,Low Risk
23,55000,MORTGAGE,5.0,MEDICAL,C,8000,13.85,0.15,Y,2,0,0,0.1298885594403517,Low Risk
21,88000,RENT,4.0,VENTURE,E,10000,17.93,0.11,Y,3,1,0,0.25909758248936604,Low Risk
24,108000,MORTGAGE,8.0,DEBTCONSOLIDATION,A,4200,10.99,0.04,N,3,0,0,0.04433485305996481,Low Risk
61,53000,MORTGAGE,3.0,PERSONAL,A,7000,7.49,0.13,N,23,0,0,0.04330650250230637,Low Risk
25,18000,RENT,1.0,PERSONAL,B,5500,11.71,0.31,N,2,1,1,0.9926102756707892,High Risk
26,35500,RENT,10.0,DEBTCONSOLIDATION,D,8400,17.27,0.24,N,4,1,1,0.8637944241864346,High Risk
24,20856,OWN,4.0,VENTURE,B,10000,10.59,0.48,N,4,0,0,0.022347116683570617,Low Risk
22,110000,MORTGAGE,6.0,VENTURE,B,6000,9.99,0.05,N,3,0,0,0.0159149592316194,Low Risk
36,47500,MORTGAGE,8.0,DEBTCONSOLIDATION,A,2700,5.79,0.06,N,14,0,0,0.0521460996861477,Low Risk
24,66500,MORTGAGE,7.0,VENTURE,C,1400,12.53,0.02,Y,4,0,0,0.06685365166798489,Low Risk
22,36000,MORTGAGE,0.0,EDUCATION,C,11625,13.49,0.32,N,2,0,0,0.2026408775175358,Low Risk
36,78000,MORTGAGE,7.0,DEBTCONSOLIDATION,C,9600,13.98,0.12,Y,13,1,0,0.13662566632264517,Low Risk
26,135000,MORTGAGE,11.0,EDUCATION,A,6700,6.03,0.05,N,4,0,0,0.024119919762554464,Low Risk
34,50725,RENT,1.0,PERSONAL,C,5400,13.16,0.11,Y,9,0,0,0.10626883289112518,Low Risk
28,36000,RENT,13.0,MEDICAL,A,10000,8.59,0.28,N,9,0,0,0.08210867845850985,Low Risk
31,94000,MORTGAGE,15.0,PERSONAL,A,3000,5.42,0.03,N,10,0,0,0.025806653671101663,Low Risk
26,62000,MORTGAGE,10.0,VENTURE,C,10000,13.43,0.16,Y,2,0,0,0.07207747583932103,Low Risk
35,33000,OWN,0.0,EDUCATION,C,2000,13.98,0.06,Y,6,0,0,0.021896345764655854,Low Risk
26,37000,RENT,0.0,PERSONAL,B,14000,9.88,0.38,N,2,1,1,0.9681110361315632,High Risk
23,40000,MORTGAGE,4.0,PERSONAL,B,6000,10.99,0.15,N,2,0,0,0.07594263071168392,Low Risk
25,72000,RENT,2.0,MEDICAL,B,10000,10.37,0.14,N,4,0,0,0.07438342402400563,Low Risk
27,73000,MORTGAGE,11.0,EDUCATION,A,17000,7.88,0.23,N,6,0,0,0.03653699209880763,Low Risk
22,72000,RENT,4.0,PERSONAL,A,6200,5.99,0.09,N,2,0,0,0.037811593921728566,Low Risk
23,55000,RENT,8.0,MEDICAL,B,4000,10.99,0.07,N,2,0,0,0.10589701624248973,Low Risk
36,48000,MORTGAGE,6.0,VENTURE,A,1500,8.9,0.03,N,16,0,0,0.01899951401693484,Low Risk
23,46500,RENT,0.0,MEDICAL,D,8400,16.89,0.18,Y,3,1,1,0.8808195213479068,High Risk
22,70550,RENT,4.0,MEDICAL,E,12000,15.68,0.14,N,3,1,1,0.6492762874676596,High Risk
36,48000,MORTGAGE,3.0,MEDICAL,C,1500,13.92,0.03,N,11,1,0,0.13046888847390753,Low Risk
48,82500,RENT,4.0,HOMEIMPROVEMENT,A,18000,7.51,0.22,N,16,0,0,0.03750297648290465,Low Risk
36,828000,MORTGAGE,3.0,MEDICAL,B,4200,10.99,0.01,N,13,0,0,0.05817743428776919,Low Risk
23,26500,OWN,6.0,VENTURE,A,6000,8.0,0.23,N,3,0,0,0.008777171602367417,Low Risk
30,85000,RENT,1.0,PERSONAL,E,24000,16.82,0.28,N,8,1,1,0.6896102215853938,High Risk
24,113000,MORTGAGE,8.0,VENTURE,A,2100,7.4,0.02,N,3,0,0,0.009947756156309332,Low Risk
27,60000,RENT,3.0,VENTURE,A,2400,7.49,0.04,N,6,0,0,0.01328054875046936,Low Risk
23,46000,RENT,2.0,EDUCATION,D,8000,11.86,0.17,N,3,1,0,0.40723778867533317,Medium Risk
22,52500,MORTGAGE,6.0,VENTURE,C,8000,15.23,0.15,Y,4,0,0,0.13821214671231213,Low Risk
39,43680,RENT,9.0,MEDICAL,B,16000,10.99,0.37,N,16,1,1,0.9747479982802449,High Risk
23,51000,RENT,4.0,DEBTCONSOLIDATION,A,10400,10.99,0.2,N,2,0,0,0.06933839489217714,Low Risk
22,126500,RENT,1.0,DEBTCONSOLIDATION,C,19200,13.79,0.15,Y,3,0,0,0.11042812645141001,Low Risk
22,45000,MORTGAGE,1.0,EDUCATION,B,3300,10.99,0.07,N,3,0,0,0.08430351787868187,Low Risk
25,49000,MORTGAGE,8.0,MEDICAL,B,18200,11.99,0.37,N,4,1,0,0.18207130573333102,Low Risk
28,53004,MORTGAGE,2.0,HOMEIMPROVEMENT,C,10000,12.98,0.19,N,10,0,0,0.1432548241788229,Low Risk
22,44400,RENT,2.0,PERSONAL,E,10800,18.79,0.24,N,3,1,1,0.762436819008029,High Risk
27,73580,MORTGAGE,3.0,EDUCATION,D,19950,14.96,0.27,N,7,0,0,0.32101697376970056,Medium Risk
22,60000,RENT,2.0,PERSONAL,B,3000,11.89,0.05,N,4,0,0,0.06237852953845015,Low Risk
23,33195,RENT,5.0,MEDICAL,B,1800,11.99,0.05,N,3,0,0,0.1533221435867239,Low Risk
24,30000,MORTGAGE,8.0,DEBTCONSOLIDATION,B,17000,11.99,0.57,N,3,1,0,0.2613962672425907,Low Risk
23,110000,MORTGAGE,8.0,VENTURE,A,7800,10.99,0.07,N,4,0,0,0.01356362266257535,Low Risk
24,47110,MORTGAGE,0.0,PERSONAL,B,11000,10.99,0.23,N,4,0,0,0.09016732213562155,Low Risk
36,25200,RENT,3.0,MEDICAL,A,7200,7.29,0.29,N,11,0,0,0.12863596297573524,Low Risk
31,62000,MORTGAGE,4.0,MEDICAL,A,6550,5.79,0.11,N,10,0,0,0.04265449526182917,Low Risk
28,25000,RENT,0.0,HOMEIMPROVEMENT,F,5175,18.43,0.21,Y,6,1,1,0.9649491826434275,High Risk
43,85000,RENT,2.0,PERSONAL,A,2000,6.62,0.02,N,14,0,0,0.0324976381121375,Low Risk
32,42000,RENT,4.0,DEBTCONSOLIDATION,B,5000,10.08,0.12,N,9,0,0,0.08422959387158935,Low Risk
33,55000,MORTGAGE,4.0,HOMEIMPROVEMENT,B,8000,11.14,0.15,N,9,0,0,0.12643014588167967,Low Risk
22,118812,MORTGAGE,6.0,MEDICAL,C,15000,13.35,0.13,N,2,0,0,0.06548912912404478,Low Risk
23,75000,MORTGAGE,0.0,DEBTCONSOLIDATION,C,9500,10.99,0.13,Y,3,0,0,0.10639413443134577,Low Risk
24,55000,RENT,3.0,EDUCATION,A,14500,6.62,0.26,N,2,0,0,0.06549066114858419,Low Risk
25,118000,MORTGAGE,8.0,HOMEIMPROVEMENT,A,15000,7.88,0.13,N,4,0,0,0.028527168085503308,Low Risk
29,66000,MORTGAGE,4.0,VENTURE,A,3000,5.42,0.05,N,7,0,0,0.01346428436175272,Low Risk
31,73000,MORTGAGE,3.0,HOMEIMPROVEMENT,B,15000,10.99,0.21,N,8,0,0,0.08822449482384405,Low Risk
26,63000,RENT,2.0,DEBTCONSOLIDATION,C,21600,14.35,0.34,Y,3,1,1,0.9796199718105206,High Risk
21,24000,RENT,5.0,DEBTCONSOLIDATION,C,13000,12.87,0.54,N,2,1,1,0.97136072019707,High Risk
33,30000,RENT,0.0,PERSONAL,A,6500,8.49,0.22,N,5,0,0,0.12039474933531866,Low Risk
23,30000,MORTGAGE,3.0,DEBTCONSOLIDATION,A,3800,5.79,0.13,N,3,0,0,0.09338259162285259,Low Risk
24,26000,RENT,2.0,HOMEIMPROVEMENT,D,6200,14.11,0.24,N,4,1,1,0.9254199445540624,High Risk
21,37423,RENT,5.0,MEDICAL,A,2800,7.88,0.07,N,4,0,0,0.0646857287923795,Low Risk
23,28000,OWN,1.0,EDUCATION,C,7500,10.99,0.27,N,3,0,0,0.025813565691682715,Low Risk
28,34000,RENT,7.0,DEBTCONSOLIDATION,B,9600,10.99,0.28,N,5,0,0,0.2686411174399412,Low Risk
25,46000,RENT,3.0,DEBTCONSOLIDATION,A,7000,9.07,0.15,N,3,0,0,0.05387354342643136,Low Risk
54,29000,MORTGAGE,7.0,PERSONAL,B,2500,11.71,0.09,N,28,0,0,0.14908569554841136,Low Risk
31,122000,RENT,2.0,EDUCATION,C,25600,15.96,0.21,Y,7,0,0,0.17309252140057513,Low Risk
23,54000,RENT,7.0,EDUCATION,B,1500,9.62,0.03,N,4,0,0,0.07173092402573132,Low Risk
30,33000,RENT,2.0,VENTURE,B,2000,10.99,0.06,N,8,0,0,0.104205985120616,Low Risk
25,70000,MORTGAGE,5.0,PERSONAL,A,8000,7.88,0.11,N,4,0,0,0.035197994360911415,Low Risk
31,36000,OWN,15.0,VENTURE,A,5000,6.99,0.14,N,9,0,0,0.005758245726151484,Low Risk
22,24000,OWN,2.0,PERSONAL,C,3000,13.61,0.13,N,2,0,0,0.020794575379188024,Low Risk
22,24996,OWN,2.0,PERSONAL,B,13000,8.88,0.52,N,4,0,0,0.04077356023146799,Low Risk
26,66000,RENT,3.0,HOMEIMPROVEMENT,B,25000,11.58,0.38,N,4,1,1,0.9706072694618877,High Risk
31,24000,RENT,2.0,PERSONAL,C,4000,13.48,0.17,Y,6,0,0,0.17692909734158438,Low Risk
26,60000,RENT,0.0,VENTURE,A,24000,7.9,0.4,N,2,1,1,0.9307415978223237,High Risk
21,33000,RENT,5.0,EDUCATION,C,5000,12.84,0.15,N,2,0,0,0.14277861220055793,Low Risk
25,85000,MORTGAGE,7.0,PERSONAL,A,2000,10.99,0.02,N,2,0,0,0.03560075247793027,Low Risk
24,156000,MORTGAGE,6.0,MEDICAL,C,15000,13.57,0.1,Y,4,0,0,0.06768770309124587,Low Risk
25,38000,MORTGAGE,9.0,HOMEIMPROVEMENT,A,5400,8.9,0.14,N,2,0,0,0.09584647890180507,Low Risk
29,70000,RENT,4.0,EDUCATION,E,5000,10.99,0.07,N,6,0,0,0.19082610076620166,Low Risk
26,71000,RENT,0.0,MEDICAL,B,11600,10.99,0.16,N,2,0,0,0.08935149657034014,Low Risk
29,55000,MORTGAGE,9.0,HOMEIMPROVEMENT,A,5000,10.99,0.09,N,10,0,0,0.08991232823963298,Low Risk
25,153000,MORTGAGE,9.0,EDUCATION,B,7500,11.71,0.05,N,3,0,0,0.04203979375165666,Low Risk
30,42000,RENT,2.0,MEDICAL,A,10000,10.99,0.24,N,7,0,0,0.07322620894800934,Low Risk
40,81000,MORTGAGE,10.0,HOMEIMPROVEMENT,A,20000,6.17,0.25,N,14,0,0,0.03920898678301523,Low Risk
24,110000,RENT,0.0,PERSONAL,B,6000,10.99,0.05,N,4,0,0,0.04974988416666193,Low Risk
25,40000,MORTGAGE,5.0,HOMEIMPROVEMENT,B,15000,11.36,0.38,N,2,1,0,0.17647487925142283,Low Risk
21,16000,RENT,5.0,VENTURE,B,6000,9.63,0.38,N,3,1,1,0.9911469894900008,High Risk
32,90000,MORTGAGE,2.0,PERSONAL,B,25000,11.36,0.28,N,9,0,0,0.057372125026499604,Low Risk
28,225000,MORTGAGE,11.0,EDUCATION,E,9000,16.95,0.04,Y,8,1,0,0.23937922169943057,Low Risk
35,67500,RENT,3.0,MEDICAL,B,10000,10.65,0.15,N,7,0,0,0.070199130496878,Low Risk
25,80000,MORTGAGE,5.0,DEBTCONSOLIDATION,A,18000,5.79,0.23,N,2,0,0,0.03519809726272314,Low Risk
23,157500,RENT,1.0,EDUCATION,B,10000,12.69,0.06,N,2,0,0,0.04610201639203317,Low Risk
40,148350,MORTGAGE,11.0,HOMEIMPROVEMENT,A,5000,6.03,0.03,N,16,0,0,0.029470610324681314,Low Risk
33,35000,RENT,0.0,PERSONAL,A,5000,8.9,0.14,N,5,0,0,0.057767397960459606,Low Risk
22,61000,MORTGAGE,6.0,EDUCATION,A,12000,7.49,0.2,N,2,0,0,0.035770722203923196,Low Risk
26,108000,RENT,5.0,EDUCATION,D,2000,16.29,0.02,N,4,0,0,0.260026544342349,Low Risk
25,42000,RENT,5.0,MEDICAL,B,6000,12.42,0.14,N,2,0,0,0.10530056008895301,Low Risk
23,28000,RENT,5.0,PERSONAL,B,6000,9.63,0.21,N,4,0,0,0.13481237622574865,Low Risk
59,83768,MORTGAGE,15.0,PERSONAL,B,12000,11.86,0.14,N,18,0,0,0.05011648269722705,Low Risk
24,39000,MORTGAGE,8.0,HOMEIMPROVEMENT,C,5000,10.99,0.13,N,3,1,0,0.20138664833710349,Low Risk
23,115000,MORTGAGE,4.0,EDUCATION,A,24000,7.9,0.21,N,3,0,0,0.030214549819289793,Low Risk
25,46000,RENT,5.0,DEBTCONSOLIDATION,C,7200,10.99,0.16,Y,3,0,0,0.11386672853585494,Low Risk
28,95000,MORTGAGE,0.0,MEDICAL,C,11000,13.06,0.12,Y,9,0,0,0.07561104566712545,Low Risk
21,43000,MORTGAGE,5.0,PERSONAL,A,7000,6.62,0.16,N,4,0,0,0.04784541015188519,Low Risk
24,52000,OWN,8.0,EDUCATION,B,4000,10.62,0.08,N,4,0,0,0.013750112534203208,Low Risk
40,110000,RENT,0.0,EDUCATION,B,20000,10.38,0.18,N,16,0,0,0.05448763672879247,Low Risk
26,34000,MORTGAGE,5.0,EDUCATION,B,5500,10.65,0.16,N,3,1,0,0.1824495394838187,Low Risk
29,50000,MORTGAGE,0.0,PERSONAL,B,3575,11.49,0.07,N,7,0,0,0.0906867473056958,Low Risk
33,38400,RENT,6.0,MEDICAL,B,10500,11.99,0.27,N,8,0,0,0.1307089977020663,Low Risk
37,108000,RENT,0.0,HOMEIMPROVEMENT,E,20000,16.32,0.19,N,15,1,1,0.6348550654554536,High Risk
22,70000,RENT,0.0,EDUCATION,B,6000,11.89,0.09,N,2,0,0,0.0694865221913805,Low Risk
23,87500,MORTGAGE,2.0,PERSONAL,B,1600,9.88,0.02,N,2,0,0,0.048741023115631665,Low Risk
25,54000,MORTGAGE,5.0,HOMEIMPROVEMENT,B,5100,9.62,0.09,N,4,0,0,0.11843416919892666,Low Risk
23,160000,MORTGAGE,2.0,EDUCATION,D,25000,15.65,0.16,Y,2,0,0,0.3888998000353886,Medium Risk
22,66500,RENT,0.0,VENTURE,D,10000,14.11,0.15,Y,2,1,0,0.4270720528649743,Medium Risk
25,70000,RENT,9.0,EDUCATION,D,12000,13.55,0.17,Y,3,0,0,0.18179305339532553,Low Risk
42,69996,MORTGAGE,1.0,PERSONAL,A,10000,7.66,0.14,N,12,0,0,0.034528250756437374,Low Risk
24,24000,RENT,8.0,MEDICAL,B,2000,10.99,0.08,N,3,0,0,0.13832234777477878,Low Risk
26,32000,RENT,1.0,VENTURE,C,7500,13.79,0.23,N,3,0,0,0.2061635338016983,Low Risk
27,72000,RENT,4.0,HOMEIMPROVEMENT,C,20000,13.22,0.28,N,9,1,0,0.12872232194523658,Low Risk
25,47000,RENT,6.0,VENTURE,B,6000,11.71,0.13,N,2,0,0,0.04649816908090214,Low Risk
31,45000,RENT,2.0,EDUCATION,C,9000,12.84,0.2,N,5,0,0,0.09575996092716052,Low Risk
30,43000,RENT,0.0,VENTURE,B,5000,9.62,0.12,N,9,0,0,0.044880474854125184,Low Risk
24,70000,RENT,8.0,VENTURE,E,20000,14.88,0.29,N,4,1,0,0.1858834007106668,Low Risk
21,47520,RENT,5.0,MEDICAL,D,10000,15.33,0.21,Y,4,1,1,0.761154218560049,High Risk
23,112976,MORTGAGE,2.0,MEDICAL,A,20000,6.91,0.18,N,2,0,0,0.03407228868800823,Low Risk
28,80000,RENT,5.0,DEBTCONSOLIDATION,B,2200,9.99,0.03,N,6,0,0,0.05704013516858668,Low Risk
29,61628,RENT,2.0,MEDICAL,E,6000,16.95,0.08,Y,9,1,1,0.9286021966077596,High Risk
22,78400,MORTGAGE,2.0,VENTURE,D,5000,17.49,0.06,Y,3,0,0,0.4715625548071311,Medium Risk
30,78000,RENT,4.0,HOMEIMPROVEMENT,D,25000,10.99,0.32,Y,9,1,1,0.981030827319774,High Risk
34,47125,MORTGAGE,12.0,VENTURE,B,3200,10.99,0.07,N,8,0,0,0.04258793799546854,Low Risk
21,29004,RENT,5.0,PERSONAL,C,11000,14.22,0.38,Y,4,1,1,0.9733544563217799,High Risk
50,46000,MORTGAGE,8.0,EDUCATION,D,8600,14.09,0.19,N,12,0,0,0.3392329679640661,Medium Risk
26,55000,RENT,3.0,VENTURE,C,5000,13.48,0.09,Y,4,0,0,0.09117240948018489,Low Risk
28,75000,MORTGAGE,11.0,PERSONAL,A,3000,7.9,0.04,N,8,1,0,0.037628601311336406,Low Risk
34,92000,MORTGAGE,1.0,PERSONAL,A,9000,9.63,0.1,N,8,0,0,0.026229928612880416,Low Risk
50,900000,MORTGAGE,11.0,DEBTCONSOLIDATION,B,30000,12.69,0.03,N,15,0,0,0.0939365859967623,Low Risk
22,45000,OWN,4.0,PERSONAL,A,7000,6.62,0.16,N,3,0,0,0.012075836178089607,Low Risk
25,32200,RENT,1.0,VENTURE,D,10000,16.77,0.31,Y,4,1,1,0.9839750168365187,High Risk
27,120000,MORTGAGE,2.0,VENTURE,B,16000,12.21,0.13,N,5,0,0,0.027299512988383123,Low Risk
26,250000,MORTGAGE,10.0,EDUCATION,A,15000,7.49,0.06,N,2,0,0,0.024119919762554464,Low Risk
24,56000,MORTGAGE,8.0,MEDICAL,A,12250,6.03,0.22,N,4,0,0,0.050088856122831864,Low Risk
24,115800,MORTGAGE,5.0,PERSONAL,B,12000,10.99,0.1,N,3,0,0,0.04439288471336169,Low Risk
37,74000,RENT,7.0,PERSONAL,B,15000,11.71,0.2,N,11,0,0,0.07515858352176842,Low Risk
25,108000,MORTGAGE,0.0,HOMEIMPROVEMENT,B,21000,11.71,0.19,N,4,0,0,0.06028937383626266,Low Risk
22,130000,MORTGAGE,3.0,VENTURE,B,24250,12.18,0.19,N,4,0,0,0.025821053837846466,Low Risk
25,23920,RENT,0.0,MEDICAL,C,4000,14.35,0.17,N,2,0,0,0.25349291966647153,Low Risk
28,30000,MORTGAGE,2.0,MEDICAL,A,10500,8.94,0.35,N,8,0,0,0.1866557722934587,Low Risk
22,11220,RENT,4.0,MEDICAL,C,1000,12.99,0.09,N,4,0,0,0.3974337914635997,Medium Risk
23,25000,OWN,5.0,MEDICAL,A,7200,8.49,0.29,N,2,0,0,0.02310467550201908,Low Risk
24,60000,RENT,8.0,PERSONAL,D,20000,13.87,0.33,N,4,1,1,0.969114246742181,High Risk
28,59000,MORTGAGE,2.0,VENTURE,B,14000,10.36,0.24,N,7,0,0,0.06716654536655105,Low Risk
22,48000,RENT,3.0,DEBTCONSOLIDATION,B,6700,11.99,0.14,N,3,0,0,0.10681505416198901,Low Risk
23,60000,RENT,5.0,DEBTCONSOLIDATION,A,10000,7.14,0.17,N,2,0,0,0.036935093184926826,Low Risk
26,99085,MORTGAGE,10.0,VENTURE,D,8000,14.91,0.08,Y,4,0,0,0.1500826115594644,Low Risk
24,60000,MORTGAGE,8.0,MEDICAL,A,13000,7.29,0.22,N,2,0,0,0.0326780761479179,Low Risk
37,200000,MORTGAGE,3.0,HOMEIMPROVEMENT,B,25000,10.75,0.13,N,11,0,0,0.05310137855791715,Low Risk
27,26004,RENT,7.0,VENTURE,A,6000,7.14,0.23,N,5,0,0,0.04376623568889774,Low Risk
26,68000,MORTGAGE,3.0,DEBTCONSOLIDATION,A,10000,5.79,0.15,N,2,0,0,0.043003336217057646,Low Risk
31,66000,RENT,11.0,HOMEIMPROVEMENT,B,10500,12.69,0.16,N,10,0,0,0.09062786404998605,Low Risk
26,30000,RENT,2.0,EDUCATION,B,5000,12.42,0.17,N,2,1,0,0.16583329773025235,Low Risk
23,46852,RENT,3.0,EDUCATION,B,6800,10.65,0.15,N,4,1,0,0.06898910188621847,Low Risk
22,30000,RENT,3.0,PERSONAL,B,6000,10.37,0.2,N,2,0,0,0.1505483712271524,Low Risk
27,33000,RENT,11.0,HOMEIMPROVEMENT,D,1600,16.89,0.05,Y,5,1,1,0.9164594611158926,High Risk
36,60000,RENT,1.0,PERSONAL,C,7200,10.99,0.12,Y,12,0,0,0.07111702579098732,Low Risk
31,84000,MORTGAGE,3.0,HOMEIMPROVEMENT,G,25000,17.34,0.3,Y,5,1,1,0.9067946937180056,High Risk
25,155004,MORTGAGE,9.0,DEBTCONSOLIDATION,A,10500,7.49,0.07,N,3,0,0,0.03302344451737036,Low Risk
26,35000,RENT,9.0,MEDICAL,C,2000,13.99,0.06,N,2,0,0,0.15938474363417346,Low Risk
25,48000,RENT,3.0,DEBTCONSOLIDATION,B,2000,10.74,0.04,N,3,0,0,0.08701715342094782,Low Risk
23,103000,MORTGAGE,1.0,PERSONAL,E,20000,17.04,0.19,N,2,0,0,0.4101590805664379,Medium Risk
24,90000,RENT,1.0,HOMEIMPROVEMENT,B,19500,9.76,0.22,N,2,0,0,0.06208049067101238,Low Risk
45,66000,RENT,4.0,HOMEIMPROVEMENT,B,13650,12.42,0.21,N,11,0,0,0.09062786404998605,Low Risk
30,53000,MORTGAGE,3.0,HOMEIMPROVEMENT,A,12500,6.03,0.24,N,7,0,0,0.0710837062735364,Low Risk
23,53760,RENT,0.0,EDUCATION,C,5000,13.43,0.09,N,4,0,0,0.09431972611052823,Low Risk
36,77000,MORTGAGE,7.0,PERSONAL,A,6000,6.99,0.08,N,12,0,0,0.03350148530053881,Low Risk
23,34482,RENT,7.0,PERSONAL,B,7000,10.99,0.2,N,4,0,0,0.17998455970306587,Low Risk
28,72000,RENT,0.0,MEDICAL,C,24000,13.85,0.33,N,5,1,1,0.9788094900897422,High Risk
21,18000,RENT,3.0,EDUCATION,A,2500,7.88,0.14,N,2,0,0,0.19722690695215175,Low Risk
23,15000,OWN,7.0,MEDICAL,B,4475,10.99,0.3,N,4,1,1,0.8641738942406233,High Risk
34,45000,OWN,0.0,VENTURE,A,7000,5.42,0.16,N,5,0,0,0.0059033034818266735,Low Risk
26,122000,MORTGAGE,10.0,PERSONAL,A,6000,7.51,0.05,N,2,0,0,0.024962008181637425,Low Risk
28,48000,MORTGAGE,4.0,PERSONAL,B,3000,11.99,0.06,N,10,0,0,0.0857391806711395,Low Risk
27,46576,MORTGAGE,8.0,DEBTCONSOLIDATION,A,4800,10.99,0.1,N,10,0,0,0.066151172776429,Low Risk
36,32400,MORTGAGE,20.0,PERSONAL,D,6600,13.24,0.2,Y,11,0,0,0.4567153454620251,Medium Risk
22,46200,RENT,0.0,VENTURE,A,10000,7.29,0.22,N,3,0,0,0.026218684125015712,Low Risk
25,115000,MORTGAGE,4.0,VENTURE,A,20000,6.91,0.17,N,2,0,0,0.010931682330489937,Low Risk
31,27036,MORTGAGE,2.0,EDUCATION,B,6500,11.11,0.24,N,7,0,0,0.14295855187293288,Low Risk
28,98000,MORTGAGE,6.0,MEDICAL,A,1000,7.74,0.01,N,9,0,0,0.03258187753673317,Low Risk
25,98000,MORTGAGE,9.0,EDUCATION,A,2000,5.42,0.02,N,4,0,0,0.026327960230655676,Low Risk
27,98000,MORTGAGE,11.0,VENTURE,B,17000,8.88,0.17,N,9,0,0,0.0159149592316194,Low Risk
30,42000,RENT,1.0,MEDICAL,D,6000,14.46,0.14,N,5,1,1,0.8671600034758855,High Risk
27,55000,MORTGAGE,3.0,PERSONAL,A,11000,7.49,0.2,N,10,0,0,0.04413873328385993,Low Risk
31,60000,MORTGAGE,5.0,VENTURE,F,19400,18.53,0.32,Y,10,0,0,0.3465499682477256,Medium Risk
24,72000,MORTGAGE,8.0,VENTURE,B,18000,11.86,0.25,N,4,0,0,0.036257262876557686,Low Risk
24,95000,RENT,3.0,DEBTCONSOLIDATION,A,18000,8.49,0.19,N,4,0,0,0.03714848980242387,Low Risk
26,60000,MORTGAGE,6.0,HOMEIMPROVEMENT,B,5000,9.99,0.08,N,2,0,0,0.06769379235905429,Low Risk
22,45000,RENT,0.0,PERSONAL,C,6000,13.23,0.13,N,4,0,0,0.10080352243300535,Low Risk
24,44000,MORTGAGE,8.0,EDUCATION,A,2000,5.79,0.05,N,3,0,0,0.07475153129257403,Low Risk
23,100000,RENT,4.0,VENTURE,B,4150,10.65,0.04,N,2,0,0,0.01794606638945055,Low Risk
40,75600,MORTGAGE,9.0,VENTURE,A,14000,7.51,0.19,N,14,0,0,0.012918746712827,Low Risk
27,80000,MORTGAGE,11.0,PERSONAL,B,20000,10.99,0.25,N,10,0,0,0.05545492110801537,Low Risk
23,24960,RENT,0.0,PERSONAL,B,10000,9.64,0.4,N,4,1,1,0.964624883482107,High Risk
22,54000,RENT,6.0,EDUCATION,B,9975,11.48,0.18,N,4,1,0,0.0822098338955465,Low Risk
23,130000,MORTGAGE,7.0,EDUCATION,B,20000,10.62,0.15,N,4,0,0,0.04219292537103228,Low Risk
25,111996,RENT,9.0,PERSONAL,D,24250,10.99,0.22,N,3,0,0,0.228138597381166,Low Risk
30,21600,RENT,4.0,VENTURE,B,5000,11.71,0.23,N,7,0,0,0.08101848235159324,Low Risk
22,50000,MORTGAGE,6.0,VENTURE,C,10000,10.99,0.2,Y,3,0,0,0.08537693913529593,Low Risk
22,46976,OWN,5.0,PERSONAL,C,11000,14.26,0.23,Y,2,0,0,0.01713494961915862,Low Risk
22,42000,RENT,3.0,MEDICAL,B,8550,11.99,0.2,N,2,0,0,0.10530056008895301,Low Risk
23,36000,MORTGAGE,7.0,VENTURE,C,4800,13.06,0.13,Y,2,0,0,0.08939139392463082,Low Risk
29,26400,RENT,4.0,MEDICAL,A,7200,7.49,0.27,N,10,0,0,0.13088365146665015,Low Risk
30,52000,MORTGAGE,4.0,HOMEIMPROVEMENT,B,14675,9.63,0.28,N,7,0,0,0.11664484680119426,Low Risk
23,114000,MORTGAGE,7.0,EDUCATION,C,8000,12.68,0.07,N,4,0,0,0.04399931591807493,Low Risk
27,16800,RENT,3.0,DEBTCONSOLIDATION,B,6500,11.99,0.39,N,8,1,1,0.9928192796238602,High Risk
26,48000,MORTGAGE,10.0,VENTURE,C,13800,13.49,0.29,Y,2,0,0,0.08578747427798676,Low Risk
36,68000,OTHER,2.0,PERSONAL,A,7200,9.63,0.11,N,15,0,0,0.036966129826804126,Low Risk
22,79000,MORTGAGE,6.0,MEDICAL,A,10375,6.62,0.13,N,4,0,0,0.04972103127907913,Low Risk
22,57564,MORTGAGE,6.0,MEDICAL,B,21000,11.48,0.36,N,3,0,0,0.18207130573333102,Low Risk
28,140000,RENT,3.0,DEBTCONSOLIDATION,B,12000,9.91,0.09,N,10,0,0,0.05660575946272054,Low Risk
27,60000,RENT,11.0,EDUCATION,B,1800,11.46,0.03,N,8,0,0,0.0557994441504582,Low Risk
25,33000,RENT,4.0,MEDICAL,B,3600,10.0,0.11,N,3,1,0,0.14031036527467336,Low Risk
29,40000,MORTGAGE,13.0,PERSONAL,B,25000,11.86,0.63,N,7,0,0,0.13934807894264026,Low Risk
22,40000,RENT,0.0,DEBTCONSOLIDATION,A,2100,6.39,0.05,N,2,0,0,0.05396714542917449,Low Risk
26,44000,MORTGAGE,3.0,DEBTCONSOLIDATION,D,3500,16.29,0.08,N,3,1,1,0.8423378464810218,High Risk
22,54000,RENT,2.0,MEDICAL,D,10000,13.36,0.19,Y,3,1,1,0.7211712488595661,High Risk
22,20000,RENT,1.0,DEBTCONSOLIDATION,B,6500,10.99,0.33,N,2,1,1,0.9659657184302526,High Risk
34,28800,RENT,0.0,DEBTCONSOLIDATION,F,2500,21.36,0.09,N,7,1,1,0.8115330543285135,High Risk
23,108366,RENT,7.0,HOMEIMPROVEMENT,F,35000,20.25,0.32,N,2,1,1,0.9823116535311902,High Risk
22,31200,RENT,0.0,PERSONAL,D,8000,14.3,0.26,Y,3,1,1,0.7354088345911312,High Risk
31,32000,RENT,0.0,HOMEIMPROVEMENT,B,4500,11.14,0.14,N,9,1,1,0.5907889923461405,Medium Risk
36,144000,MORTGAGE,0.0,PERSONAL,C,7600,15.23,0.05,N,16,0,0,0.09697858166230289,Low Risk
22,21000,RENT,1.0,PERSONAL,A,8500,7.51,0.4,N,4,1,1,0.9565617514324796,High Risk
28,170000,MORTGAGE,0.0,EDUCATION,A,10000,10.99,0.06,N,5,0,0,0.02846529040074415,Low Risk
28,72000,MORTGAGE,12.0,VENTURE,E,16000,15.95,0.22,N,5,0,0,0.15314568234312062,Low Risk
26,41500,RENT,9.0,EDUCATION,A,11400,7.66,0.27,N,3,0,0,0.06795522789796972,Low Risk
25,120000,RENT,2.0,PERSONAL,A,15000,7.51,0.13,N,2,0,0,0.027868783562362102,Low Risk
24,28800,RENT,5.0,MEDICAL,A,8000,10.99,0.28,N,2,0,0,0.15123461655757295,Low Risk
24,65004,RENT,4.0,PERSONAL,A,8000,8.49,0.12,N,2,0,0,0.04052133860671498,Low Risk
43,36000,MORTGAGE,5.0,VENTURE,B,5000,9.91,0.14,N,17,0,0,0.03191175008829684,Low Risk
22,74000,RENT,6.0,PERSONAL,B,12600,10.65,0.17,N,3,0,0,0.058597633640054984,Low Risk
26,37680,RENT,5.0,MEDICAL,D,2000,14.96,0.05,N,3,1,1,0.7457467416748785,High Risk
24,20000,OWN,2.0,HOMEIMPROVEMENT,A,3000,8.94,0.15,N,2,0,0,0.04886553058715126,Low Risk
28,48000,RENT,1.0,VENTURE,B,2650,11.26,0.06,N,6,0,0,0.06401610736593971,Low Risk
36,37200,RENT,5.0,EDUCATION,C,11000,12.73,0.3,N,12,0,0,0.11661440531395237,Low Risk
21,118000,OWN,5.0,VENTURE,A,14000,7.88,0.12,N,3,0,0,0.0033409094865496677,Low Risk
23,40000,RENT,7.0,EDUCATION,D,9250,16.07,0.23,N,2,0,0,0.4138468547867881,Medium Risk
36,50000,MORTGAGE,2.0,MEDICAL,C,16000,13.48,0.32,N,15,0,0,0.26222027300916845,Low Risk
23,36000,MORTGAGE,3.0,DEBTCONSOLIDATION,C,3000,13.22,0.08,N,4,0,0,0.1193539555001988,Low Risk
32,30000,RENT,0.0,VENTURE,A,8000,7.74,0.27,N,9,0,0,0.08697472729378139,Low Risk
23,65000,RENT,2.0,VENTURE,A,5000,5.42,0.08,N,2,0,0,0.020798904532115494,Low Risk
22,108000,OWN,2.0,VENTURE,C,8000,15.27,0.07,Y,2,0,0,0.024685982785839358,Low Risk
29,66500,OWN,4.0,VENTURE,A,12000,6.99,0.18,N,8,0,0,0.004349464685114655,Low Risk
23,65000,RENT,7.0,EDUCATION,B,3600,10.59,0.06,N,3,0,0,0.05522950673900808,Low Risk
24,70000,RENT,8.0,VENTURE,C,4000,13.49,0.06,Y,4,0,0,0.07408169838418963,Low Risk
32,45000,RENT,9.0,MEDICAL,A,12000,7.88,0.27,N,6,0,0,0.0693471425534562,Low Risk
24,72000,MORTGAGE,8.0,PERSONAL,A,5000,6.03,0.07,N,4,0,0,0.03514832815570701,Low Risk
28,30000,RENT,13.0,MEDICAL,B,14800,11.14,0.49,N,7,1,1,0.9723720173422413,High Risk
22,91000,RENT,6.0,PERSONAL,A,8000,6.92,0.09,N,4,0,0,0.02559463408565846,Low Risk
29,36100,MORTGAGE,2.0,PERSONAL,C,14000,14.27,0.39,N,10,0,0,0.22729093369556597,Low Risk
26,85000,MORTGAGE,0.0,DEBTCONSOLIDATION,B,8000,10.99,0.09,N,3,0,0,0.07697973357379675,Low Risk
27,59000,MORTGAGE,3.0,MEDICAL,B,6000,11.83,0.1,N,5,0,0,0.17958888726789846,Low Risk
33,55000,RENT,3.0,EDUCATION,C,6000,13.35,0.11,Y,5,0,0,0.0906612474448643,Low Risk
41,60000,MORTGAGE,3.0,PERSONAL,E,16800,17.99,0.28,Y,16,0,0,0.38359989665591804,Medium Risk
25,30720,MORTGAGE,3.0,VENTURE,B,2000,11.12,0.07,N,2,0,0,0.07033595266095481,Low Risk
23,60000,MORTGAGE,7.0,DEBTCONSOLIDATION,A,15000,7.9,0.25,N,3,0,0,0.039519559675780976,Low Risk
24,38700,RENT,2.0,DEBTCONSOLIDATION,B,10000,10.99,0.26,N,3,0,0,0.12976112360223868,Low Risk
25,63000,MORTGAGE,2.0,HOMEIMPROVEMENT,B,20000,9.99,0.32,N,2,0,0,0.15429344464587466,Low Risk
21,40000,RENT,4.0,VENTURE,A,5000,5.79,0.13,N,2,0,0,0.018855482983144177,Low Risk
31,17000,RENT,2.0,MEDICAL,D,4000,14.59,0.24,Y,9,1,1,0.9778574958135857,High Risk
23,150000,MORTGAGE,7.0,DEBTCONSOLIDATION,A,9600,6.92,0.06,N,2,0,0,0.03302344451737036,Low Risk
34,63000,OWN,5.0,VENTURE,G,20500,20.9,0.33,Y,8,1,1,0.6303047895080127,High Risk
24,35000,RENT,4.0,EDUCATION,B,2000,10.59,0.06,N,3,0,0,0.07593670056824853,Low Risk
55,75000,MORTGAGE,3.0,PERSONAL,A,10000,7.51,0.13,N,20,0,0,0.033754270265935,Low Risk
25,17352,RENT,0.0,PERSONAL,B,2500,12.53,0.14,N,4,0,0,0.34758086751356804,Medium Risk
22,84000,MORTGAGE,3.0,EDUCATION,A,8000,7.88,0.1,N,4,0,0,0.026901436594014963,Low Risk
39,48000,RENT,4.0,MEDICAL,D,20500,14.59,0.43,N,16,1,1,0.9898026599035472,High Risk
38,118000,MORTGAGE,12.0,PERSONAL,B,11400,10.59,0.1,N,16,0,0,0.03905771776199442,Low Risk
23,39120,OWN,4.0,MEDICAL,B,7000,11.71,0.18,N,3,0,0,0.028748145370315357,Low Risk
29,74004,MORTGAGE,2.0,DEBTCONSOLIDATION,B,10000,11.86,0.14,N,8,0,0,0.09204302119084593,Low Risk
22,65000,RENT,4.0,EDUCATION,D,34000,17.58,0.52,N,4,1,1,0.9644551327304538,High Risk
29,24000,RENT,1.0,MEDICAL,A,5000,6.92,0.21,N,10,0,0,0.10202442695837954,Low Risk
25,30000,OWN,4.0,DEBTCONSOLIDATION,D,10000,14.61,0.33,Y,2,0,0,0.16174800313755508,Low Risk
38,53052,RENT,0.0,MEDICAL,B,8000,10.99,0.15,N,13,0,0,0.1112395719541964,Low Risk
23,145000,MORTGAGE,3.0,MEDICAL,B,12000,10.37,0.08,N,2,0,0,0.050968182733660265,Low Risk
25,37500,RENT,1.0,MEDICAL,C,10000,15.96,0.27,Y,4,0,0,0.3731612165834562,Medium Risk
25,54000,RENT,1.0,PERSONAL,A,3600,10.99,0.07,N,3,1,0,0.06208466210444271,Low Risk
26,132000,MORTGAGE,3.0,EDUCATION,A,10200,7.9,0.08,N,2,0,0,0.025282915724226286,Low Risk
26,65000,MORTGAGE,6.0,VENTURE,E,22000,17.19,0.34,N,2,0,0,0.31341639758879647,Medium Risk
43,50000,RENT,6.0,PERSONAL,C,18000,14.35,0.36,N,16,1,1,0.9736190182497534,High Risk
30,110925,MORTGAGE,1.0,MEDICAL,D,25000,15.33,0.19,N,9,1,1,0.8177689073421813,High Risk
29,36000,MORTGAGE,6.0,PERSONAL,A,8000,6.54,0.22,N,8,1,0,0.051456626120962884,Low Risk
23,60000,RENT,3.0,MEDICAL,A,13000,7.66,0.22,N,4,1,0,0.03494427144579835,Low Risk
22,12000,MORTGAGE,7.0,EDUCATION,D,1500,14.84,0.13,Y,3,0,0,0.46833154683390477,Medium Risk
21,55272,RENT,5.0,VENTURE,A,5000,5.42,0.09,N,3,0,0,0.019632057676278077,Low Risk
25,106000,RENT,4.0,PERSONAL,B,5000,10.99,0.05,N,4,0,0,0.047203673375323524,Low Risk
29,46000,MORTGAGE,3.0,PERSONAL,B,6000,11.49,0.13,N,8,0,0,0.08524543699298875,Low Risk
26,80040,MORTGAGE,6.0,PERSONAL,A,10000,10.99,0.12,N,2,1,0,0.033784339338270755,Low Risk
42,39996,MORTGAGE,2.0,HOMEIMPROVEMENT,A,2500,5.42,0.06,N,12,0,0,0.07681129267907316,Low Risk
22,60000,RENT,6.0,VENTURE,D,7800,15.21,0.13,N,4,0,0,0.21370146200791945,Low Risk
21,42500,RENT,0.0,DEBTCONSOLIDATION,B,2500,10.99,0.06,N,4,0,0,0.10446843088629865,Low Risk
24,96000,MORTGAGE,8.0,VENTURE,A,4200,5.99,0.04,N,3,0,0,0.009486567373736493,Low Risk
22,76000,RENT,4.0,EDUCATION,A,12000,7.9,0.16,N,4,0,0,0.03736863420883365,Low Risk
27,41000,MORTGAGE,3.0,PERSONAL,A,10000,8.59,0.24,N,8,0,0,0.05058810960757992,Low Risk
25,180000,MORTGAGE,9.0,HOMEIMPROVEMENT,B,6000,12.42,0.03,N,4,0,0,0.04938289282604607,Low Risk
30,130000,MORTGAGE,3.0,EDUCATION,C,33250,13.06,0.26,Y,5,0,0,0.059630334926326745,Low Risk
22,12000,RENT,5.0,EDUCATION,B,5500,10.36,0.46,N,4,1,1,0.9926852801038379,High Risk
38,45000,RENT,1.0,MEDICAL,C,5000,12.68,0.11,Y,13,0,0,0.12539923679304724,Low Risk
37,36000,MORTGAGE,5.0,DEBTCONSOLIDATION,A,12000,6.03,0.33,N,13,0,0,0.11637549260189804,Low Risk
37,78000,MORTGAGE,5.0,DEBTCONSOLIDATION,B,12000,9.83,0.15,N,11,0,0,0.09187542839667989,Low Risk
29,105996,MORTGAGE,0.0,DEBTCONSOLIDATION,B,19400,10.99,0.18,N,6,0,0,0.07698853818655112,Low Risk
22,25000,RENT,2.0,PERSONAL,C,7000,13.85,0.28,Y,3,0,0,0.212135371186559,Low Risk
23,100000,MORTGAGE,4.0,EDUCATION,C,10000,12.87,0.1,Y,3,0,0,0.046044015105286676,Low Risk
26,40000,RENT,4.0,MEDICAL,B,15000,10.99,0.38,N,3,1,1,0.9714629194609088,High Risk
36,84000,MORTGAGE,2.0,PERSONAL,B,6000,12.69,0.07,N,13,0,0,0.053127898371835965,Low Risk
22,72000,MORTGAGE,3.0,EDUCATION,A,8400,5.42,0.12,N,2,0,0,0.033272834255763384,Low Risk
33,126000,MORTGAGE,17.0,HOMEIMPROVEMENT,A,9500,5.42,0.08,N,7,0,0,0.027769885719621343,Low Risk
30,78411,OTHER,15.0,VENTURE,B,15850,11.14,0.2,N,5,0,0,0.04476164372487792,Low Risk
27,39600,MORTGAGE,4.0,VENTURE,G,2500,20.86,0.06,Y,8,1,1,0.784587712243809,High Risk
21,16800,MORTGAGE,0.0,VENTURE,B,6000,10.39,0.36,N,4,1,1,0.901092545716825,High Risk
21,28000,MORTGAGE,2.0,EDUCATION,C,1000,12.99,0.04,Y,4,0,0,0.1434903143814215,Low Risk
24,47211,OWN,8.0,VENTURE,B,10000,11.83,0.21,N,3,0,0,0.007540730660156937,Low Risk
23,26000,MORTGAGE,3.0,DEBTCONSOLIDATION,B,7800,10.59,0.3,N,4,0,0,0.14584918408629413,Low Risk
22,45000,RENT,0.0,PERSONAL,A,10500,6.99,0.23,N,2,0,0,0.04773597423340801,Low Risk
26,24000,RENT,5.0,DEBTCONSOLIDATION,A,6000,6.62,0.25,N,4,0,0,0.09658208901184258,Low Risk
23,45000,MORTGAGE,2.0,PERSONAL,A,3000,7.05,0.07,N,3,0,0,0.0459416667473282,Low Risk
47,33888,MORTGAGE,5.0,PERSONAL,A,7000,7.49,0.21,N,13,0,0,0.10314544007094194,Low Risk
28,64000,RENT,1.0,DEBTCONSOLIDATION,B,18000,11.58,0.28,N,6,1,0,0.13273174390359074,Low Risk
29,92000,MORTGAGE,4.0,HOMEIMPROVEMENT,A,14000,6.03,0.15,N,8,0,0,0.028312381746404918,Low Risk
24,140000,MORTGAGE,8.0,HOMEIMPROVEMENT,B,25000,10.36,0.18,N,2,0,0,0.05310137855791715,Low Risk
22,29004,MORTGAGE,6.0,EDUCATION,A,2500,6.91,0.09,N,3,0,0,0.0929050112327723,Low Risk
37,65000,RENT,2.0,DEBTCONSOLIDATION,A,10000,5.42,0.15,N,14,0,0,0.04397998216712088,Low Risk
25,69900,MORTGAGE,9.0,DEBTCONSOLIDATION,A,5050,5.42,0.07,N,3,0,0,0.04326398432141724,Low Risk
23,120000,RENT,7.0,EDUCATION,B,25000,9.99,0.21,N,2,0,0,0.05302761005889665,Low Risk
22,160000,RENT,6.0,PERSONAL,A,20000,7.49,0.13,N,3,0,0,0.035624170960038615,Low Risk
23,80000,RENT,5.0,VENTURE,B,5000,12.42,0.06,N,4,0,0,0.023504810225900747,Low Risk
23,120000,MORTGAGE,7.0,EDUCATION,B,18225,10.99,0.15,N,3,0,0,0.041120816560993464,Low Risk
38,30000,RENT,0.0,EDUCATION,B,5600,9.99,0.19,N,15,1,0,0.15265576205005238,Low Risk
22,18996,RENT,3.0,EDUCATION,D,3200,15.28,0.17,Y,3,1,1,0.8908844084641064,High Risk
22,22800,OWN,1.0,MEDICAL,A,9000,5.99,0.39,N,2,0,0,0.041456011536491845,Low Risk
23,75000,RENT,4.0,EDUCATION,B,7500,11.83,0.1,N,2,0,0,0.06418768451490797,Low Risk
22,46800,RENT,5.0,DEBTCONSOLIDATION,B,2800,10.37,0.06,N,3,0,0,0.08701715342094782,Low Risk
28,34000,RENT,1.0,VENTURE,C,5000,14.26,0.15,Y,9,1,0,0.3253256861210946,Medium Risk
21,12000,MORTGAGE,5.0,DEBTCONSOLIDATION,E,3250,15.68,0.27,Y,2,1,1,0.9759828552631549,High Risk
32,230000,RENT,16.0,HOMEIMPROVEMENT,A,35000,10.99,0.15,N,9,0,0,0.049930601993114276,Low Risk
25,64800,RENT,5.0,HOMEIMPROVEMENT,A,10000,7.88,0.15,N,4,0,0,0.05313294970475932,Low Risk
27,78000,OWN,2.0,PERSONAL,A,15000,8.94,0.19,N,7,0,0,0.014881498267346815,Low Risk
29,42500,RENT,9.0,VENTURE,A,15000,7.88,0.35,N,7,1,1,0.9297779611679674,High Risk
22,38004,RENT,0.0,MEDICAL,B,4100,11.49,0.11,N,4,0,0,0.11462193447731903,Low Risk
21,57500,MORTGAGE,6.0,VENTURE,A,4000,7.9,0.07,N,3,0,0,0.018126359050628163,Low Risk
26,57600,RENT,10.0,DEBTCONSOLIDATION,D,2150,15.62,0.04,Y,3,1,1,0.8571349394474554,High Risk
69,24000,RENT,3.0,MEDICAL,A,6000,6.62,0.25,N,20,0,0,0.09485917407538096,Low Risk
27,120000,MORTGAGE,2.0,EDUCATION,A,7000,7.14,0.06,N,10,0,0,0.024119919762554464,Low Risk
22,19200,RENT,4.0,HOMEIMPROVEMENT,D,8000,16.29,0.42,Y,3,1,1,0.999575232348682,High Risk
28,40000,RENT,1.0,PERSONAL,C,3700,15.96,0.09,N,8,0,0,0.22483944027671598,Low Risk
24,110000,RENT,7.0,VENTURE,D,24000,15.62,0.22,N,4,0,0,0.2401781832558915,Low Risk
27,75400,MORTGAGE,3.0,MEDICAL,A,6000,7.74,0.08,N,9,0,0,0.03931484273191472,Low Risk
23,48672,RENT,6.0,EDUCATION,A,12000,7.42,0.25,N,3,0,0,0.04549373709250975,Low Risk
28,115000,MORTGAGE,11.0,HOMEIMPROVEMENT,A,5000,7.51,0.04,N,8,0,0,0.030272827187874305,Low Risk
22,34800,RENT,4.0,DEBTCONSOLIDATION,B,4000,10.74,0.11,N,3,0,0,0.15069841193563813,Low Risk
27,27000,RENT,11.0,EDUCATION,B,1500,10.36,0.06,N,5,0,0,0.12091079638621893,Low Risk
30,45000,RENT,3.0,VENTURE,B,20000,11.86,0.44,N,7,1,1,0.957549354372158,High Risk
22,75000,MORTGAGE,2.0,MEDICAL,A,8150,7.51,0.11,N,4,0,0,0.03931484273191472,Low Risk
28,39000,MORTGAGE,13.0,MEDICAL,D,3375,14.83,0.09,N,8,1,1,0.8103030212163872,High Risk
35,108000,RENT,1.0,PERSONAL,B,7000,10.99,0.06,N,7,0,0,0.04974988416666193,Low Risk
43,350000,MORTGAGE,3.0,PERSONAL,B,18000,11.49,0.05,N,14,0,0,0.04439288471336169,Low Risk
27,18000,MORTGAGE,0.0,VENTURE,A,2000,7.88,0.11,N,5,0,0,0.1351307463442521,Low Risk
26,78000,RENT,4.0,DEBTCONSOLIDATION,A,12000,7.14,0.15,N,2,0,0,0.05606956552743499,Low Risk
27,60000,MORTGAGE,0.0,DEBTCONSOLIDATION,A,7000,7.43,0.12,N,9,0,0,0.03542254006199987,Low Risk
26,38400,OWN,4.0,HOMEIMPROVEMENT,B,7000,12.69,0.18,N,2,0,0,0.026389182912358297,Low Risk
24,28596,RENT,5.0,EDUCATION,B,1500,11.46,0.05,N,4,0,0,0.1271490572628337,Low Risk
23,50000,RENT,0.0,EDUCATION,A,10000,6.92,0.2,N,2,0,0,0.04549373709250975,Low Risk
27,80000,RENT,1.0,VENTURE,B,18000,10.39,0.23,N,8,0,0,0.025898061664838008,Low Risk
21,75000,RENT,5.0,MEDICAL,B,15000,10.37,0.2,N,4,0,0,0.07303477502840286,Low Risk
29,41000,RENT,3.0,PERSONAL,B,5000,11.49,0.12,N,9,0,0,0.0889603467785677,Low Risk
67,200000,MORTGAGE,2.0,PERSONAL,C,3000,10.28,0.01,N,26,0,0,0.04618223248770251,Low Risk
21,48000,RENT,1.0,DEBTCONSOLIDATION,C,1800,13.35,0.04,Y,2,0,0,0.11884577790349285,Low Risk
22,51000,RENT,6.0,DEBTCONSOLIDATION,B,15000,11.11,0.29,N,4,0,0,0.13704484660507438,Low Risk
36,83625,MORTGAGE,6.0,PERSONAL,A,13200,7.51,0.16,N,12,0,0,0.027713027721557197,Low Risk
48,50000,RENT,1.0,HOMEIMPROVEMENT,B,5000,11.49,0.1,N,12,0,0,0.1455711663299632,Low Risk
22,62000,MORTGAGE,6.0,PERSONAL,A,5000,6.03,0.08,N,4,0,0,0.037781512178405,Low Risk
24,53000,MORTGAGE,8.0,VENTURE,A,6850,6.92,0.13,N,2,0,0,0.01700600145972045,Low Risk
29,150000,MORTGAGE,14.0,VENTURE,A,12000,5.42,0.08,N,9,0,0,0.009427409434547887,Low Risk
35,105000,MORTGAGE,11.0,EDUCATION,A,10000,10.99,0.1,N,10,0,0,0.02848963657648496,Low Risk
34,25480,RENT,6.0,MEDICAL,D,5000,12.8,0.2,N,5,1,1,0.581571130330892,Medium Risk
27,36000,RENT,2.0,MEDICAL,B,2000,11.99,0.06,N,8,0,0,0.11462193447731903,Low Risk
25,60000,RENT,2.0,EDUCATION,B,20000,10.99,0.33,N,4,1,1,0.959457057093258,High Risk
22,50000,MORTGAGE,7.0,EDUCATION,A,6400,8.0,0.13,N,2,0,0,0.044046883662135446,Low Risk
22,30000,MORTGAGE,6.0,VENTURE,B,3000,11.49,0.1,N,2,0,0,0.07033595266095481,Low Risk
58,45600,MORTGAGE,20.0,PERSONAL,C,6000,12.99,0.13,N,25,0,0,0.1069830012673443,Low Risk
24,110000,MORTGAGE,8.0,PERSONAL,C,5600,12.98,0.05,Y,4,0,0,0.049687532528028225,Low Risk
27,43000,RENT,11.0,PERSONAL,B,3000,10.99,0.07,N,7,0,0,0.0889603467785677,Low Risk
27,67000,RENT,1.0,PERSONAL,C,2800,13.04,0.04,N,7,0,0,0.081252442603155,Low Risk
40,108000,RENT,10.0,HOMEIMPROVEMENT,B,9000,11.86,0.08,N,12,1,0,0.05217906185722226,Low Risk
26,24000,RENT,3.0,EDUCATION,B,5400,11.49,0.23,N,3,0,0,0.13489496538714177,Low Risk
66,42000,RENT,2.0,MEDICAL,B,6475,9.99,0.15,N,24,0,0,0.09297920596692479,Low Risk
24,77300,RENT,4.0,PERSONAL,A,3350,10.99,0.04,N,3,0,0,0.04828289634590911,Low Risk
47,18000,MORTGAGE,4.0,PERSONAL,A,3000,5.42,0.17,N,12,1,1,0.9420314978645783,High Risk
29,40000,OWN,0.0,MEDICAL,A,5000,5.42,0.13,N,10,0,0,0.013300932087726066,Low Risk
33,79440,MORTGAGE,12.0,MEDICAL,C,5525,13.85,0.07,Y,9,0,0,0.12335690224291183,Low Risk
33,178650,MORTGAGE,5.0,HOMEIMPROVEMENT,A,20000,6.99,0.11,N,6,0,0,0.0321060908636291,Low Risk
26,50200,RENT,1.0,HOMEIMPROVEMENT,A,9000,7.66,0.18,N,3,0,0,0.07821456422043523,Low Risk
22,60000,MORTGAGE,5.0,VENTURE,B,20000,12.21,0.33,N,3,0,0,0.07417733411593502,Low Risk
33,49700,MORTGAGE,0.0,PERSONAL,A,12000,6.92,0.24,N,9,0,0,0.04330650250230637,Low Risk
34,42000,MORTGAGE,18.0,HOMEIMPROVEMENT,A,2000,5.79,0.05,N,8,0,0,0.08621058063255636,Low Risk
23,60000,RENT,4.0,DEBTCONSOLIDATION,A,7000,5.79,0.12,N,3,0,0,0.036935093184926826,Low Risk
22,110000,MORTGAGE,2.0,VENTURE,B,9000,11.11,0.08,N,4,0,0,0.027299512988383123,Low Risk
32,128000,RENT,11.0,VENTURE,C,10000,13.85,0.08,Y,5,1,0,0.04954402337723059,Low Risk
23,42000,RENT,7.0,EDUCATION,B,6025,9.63,0.14,N,4,0,0,0.06898910188621847,Low Risk
33,28800,RENT,5.0,MEDICAL,B,4000,9.88,0.14,N,5,0,0,0.1315955600642582,Low Risk
26,52000,MORTGAGE,10.0,HOMEIMPROVEMENT,B,10750,9.62,0.21,N,2,0,0,0.11219292152672494,Low Risk
22,36000,MORTGAGE,3.0,MEDICAL,B,6000,12.53,0.17,N,2,0,0,0.10783352492252546,Low Risk
29,51000,MORTGAGE,8.0,PERSONAL,B,25000,11.49,0.49,N,10,0,0,0.14979784687341294,Low Risk
25,78000,MORTGAGE,8.0,DEBTCONSOLIDATION,D,6000,15.62,0.08,N,3,1,1,0.8338828881936907,High Risk
21,21600,RENT,0.0,DEBTCONSOLIDATION,B,2000,11.71,0.09,N,2,1,0,0.13511005618533972,Low Risk
23,50400,RENT,3.0,EDUCATION,B,5000,10.38,0.1,N,2,0,0,0.06939583148932743,Low Risk
33,84996,RENT,2.0,EDUCATION,A,4000,8.59,0.05,N,6,0,0,0.031587405194379456,Low Risk
24,13000,RENT,4.0,PERSONAL,B,4000,9.88,0.31,N,2,1,1,0.9930581837009604,High Risk
28,32000,MORTGAGE,4.0,HOMEIMPROVEMENT,D,8575,17.58,0.27,N,7,1,1,0.815017964153481,High Risk
26,54000,MORTGAGE,11.0,DEBTCONSOLIDATION,B,4800,11.49,0.09,N,2,1,0,0.10725852925104813,Low Risk
23,33600,RENT,2.0,PERSONAL,B,1000,10.36,0.03,N,2,0,0,0.14170584264244646,Low Risk
23,91000,MORTGAGE,4.0,VENTURE,E,8000,17.19,0.09,N,4,0,0,0.13174554056280782,Low Risk
21,98000,MORTGAGE,5.0,DEBTCONSOLIDATION,B,6000,10.59,0.06,N,4,0,0,0.05558451179365601,Low Risk
25,39000,RENT,4.0,MEDICAL,A,4000,7.88,0.1,N,4,0,0,0.08838355772696868,Low Risk
22,14400,RENT,0.0,VENTURE,D,4000,14.61,0.28,N,2,1,1,0.9464276441510576,High Risk
32,51648,RENT,7.0,VENTURE,E,16000,14.18,0.31,N,8,1,1,0.9710792944409753,High Risk
28,80000,OWN,1.0,MEDICAL,A,3000,6.54,0.04,N,9,0,0,0.009090020539805833,Low Risk
23,40000,RENT,3.0,EDUCATION,A,6000,5.79,0.15,N,4,0,0,0.04373980763618659,Low Risk
28,52000,RENT,0.0,HOMEIMPROVEMENT,B,4000,10.75,0.08,N,8,0,0,0.12959724004419457,Low Risk
25,76000,RENT,1.0,DEBTCONSOLIDATION,A,5000,7.9,0.07,N,3,0,0,0.04673892297003301,Low Risk
30,80000,MORTGAGE,2.0,EDUCATION,C,6000,14.17,0.07,Y,9,0,0,0.07020553017228089,Low Risk
22,30000,RENT,4.0,DEBTCONSOLIDATION,D,7000,16.49,0.23,Y,3,1,1,0.8913007365993356,High Risk
30,111000,RENT,3.0,VENTURE,C,15450,10.91,0.14,Y,7,0,0,0.047839609959649206,Low Risk
38,44000,OWN,2.0,VENTURE,B,7000,9.76,0.16,N,12,0,0,0.007730137818247543,Low Risk
39,52000,RENT,5.0,PERSONAL,B,6500,10.99,0.13,N,12,0,0,0.08844984804456994,Low Risk
38,17280,OWN,0.0,HOMEIMPROVEMENT,D,1000,16.29,0.06,N,11,0,1,0.5062316048538238,Medium Risk
24,29000,RENT,4.0,PERSONAL,B,2500,10.99,0.09,N,3,0,0,0.1542851341259783,Low Risk
23,37500,RENT,0.0,PERSONAL,A,1800,8.94,0.05,N,2,0,0,0.06475615979345525,Low Risk
25,48000,RENT,9.0,PERSONAL,B,15000,10.99,0.31,N,2,1,1,0.9695348123036405,High Risk
33,72000,MORTGAGE,6.0,VENTURE,A,4250,5.42,0.06,N,5,0,0,0.01320242841892238,Low Risk
25,60000,RENT,9.0,MEDICAL,C,8400,13.99,0.14,Y,3,0,0,0.10044412347558859,Low Risk
27,40000,RENT,3.0,PERSONAL,A,3000,7.05,0.07,N,8,0,0,0.047771027234568685,Low Risk
22,57000,MORTGAGE,1.0,VENTURE,A,3200,5.99,0.06,N,4,0,0,0.02107455427662453,Low Risk
27,30000,RENT,2.0,MEDICAL,A,6000,7.66,0.2,N,9,0,0,0.11432594667980453,Low Risk
29,78000,MORTGAGE,0.0,PERSONAL,B,9600,10.99,0.12,N,5,0,0,0.0895329234926838,Low Risk
24,28000,RENT,3.0,VENTURE,E,6400,14.75,0.23,N,2,0,0,0.27624605978396477,Low Risk
34,62000,MORTGAGE,18.0,VENTURE,B,28000,11.71,0.45,N,7,0,0,0.09599214633065936,Low Risk
44,48000,MORTGAGE,12.0,DEBTCONSOLIDATION,B,17500,12.18,0.36,N,15,0,0,0.18192843537611594,Low Risk
28,45000,MORTGAGE,0.0,VENTURE,B,3675,10.99,0.08,N,6,0,0,0.05361880101983657,Low Risk
23,35000,MORTGAGE,7.0,EDUCATION,C,5000,12.98,0.14,Y,3,1,0,0.0891315146484676,Low Risk
22,30000,MORTGAGE,6.0,DEBTCONSOLIDATION,B,3000,11.49,0.1,N,3,0,0,0.15361568107239087,Low Risk
36,76800,MORTGAGE,18.0,PERSONAL,A,6200,5.99,0.08,N,17,0,0,0.03350148530053881,Low Risk
32,24000,RENT,4.0,MEDICAL,B,3500,11.86,0.15,N,10,0,0,0.13832234777477878,Low Risk
20,42000,RENT,4.0,VENTURE,B,6500,11.71,0.15,N,2,0,0,0.04649816908090214,Low Risk
32,51400,RENT,1.0,HOMEIMPROVEMENT,A,8000,7.51,0.16,N,10,0,0,0.07679145401417009,Low Risk
56,150000,MORTGAGE,5.0,PERSONAL,B,15000,11.48,0.1,N,26,0,0,0.04439288471336169,Low Risk
26,24000,RENT,0.0,MEDICAL,D,3600,14.96,0.15,N,4,1,1,0.8282228366558634,High Risk
23,60000,MORTGAGE,7.0,MEDICAL,A,7000,7.9,0.12,N,4,0,0,0.03477224278937631,Low Risk
21,31544,MORTGAGE,4.0,MEDICAL,A,2200,7.9,0.07,N,2,0,0,0.10547985879785292,Low Risk
28,80000,RENT,2.0,DEBTCONSOLIDATION,B,15000,11.48,0.19,N,5,0,0,0.07177149537562443,Low Risk
27,30000,RENT,1.0,HOMEIMPROVEMENT,D,10000,10.99,0.33,Y,6,1,1,0.9976846830436861,High Risk
23,74000,RENT,7.0,DEBTCONSOLIDATION,B,24000,10.99,0.32,N,2,1,1,0.9767347585413493,High Risk
22,25000,RENT,1.0,VENTURE,B,2050,10.59,0.08,N,2,0,0,0.07437391084131274,Low Risk
28,85000,RENT,1.0,EDUCATION,A,14400,9.07,0.17,N,8,0,0,0.032239231105123736,Low Risk
29,41700,RENT,0.0,EDUCATION,A,4500,10.99,0.11,N,6,0,0,0.0642070366858142,Low Risk
23,16000,OWN,7.0,PERSONAL,A,2000,6.39,0.13,N,3,0,0,0.14807023268878647,Low Risk
25,45000,RENT,3.0,MEDICAL,E,13650,18.79,0.3,N,2,1,1,0.8035942521038011,High Risk
22,93000,RENT,6.0,HOMEIMPROVEMENT,A,6000,8.94,0.06,N,4,1,0,0.033440624751720265,Low Risk
23,90000,MORTGAGE,5.0,PERSONAL,B,6000,11.89,0.07,N,4,0,0,0.04166472277857682,Low Risk
34,98000,MORTGAGE,10.0,VENTURE,A,16000,6.03,0.16,N,5,0,0,0.009243327799937449,Low Risk
25,88000,MORTGAGE,7.0,PERSONAL,B,11000,11.14,0.13,N,2,0,0,0.06337257384277055,Low Risk
36,39996,RENT,1.0,MEDICAL,A,5700,7.29,0.14,N,13,0,0,0.049846923231785537,Low Risk
22,64000,MORTGAGE,6.0,VENTURE,C,15000,13.23,0.23,Y,3,0,0,0.07432570024739574,Low Risk
28,266000,MORTGAGE,12.0,PERSONAL,A,9000,5.42,0.03,N,10,0,0,0.024773380079777342,Low Risk
30,11292,RENT,4.0,MEDICAL,A,2100,6.76,0.19,N,6,1,1,0.9480519238218144,High Risk
23,98000,RENT,5.0,DEBTCONSOLIDATION,A,3500,8.07,0.04,N,3,0,0,0.0373750369408807,Low Risk
32,32004,RENT,16.0,MEDICAL,B,4000,11.49,0.12,N,10,0,0,0.1533221435867239,Low Risk
21,45000,RENT,3.0,EDUCATION,B,10000,10.25,0.22,N,2,0,0,0.06898910188621847,Low Risk
29,70000,RENT,13.0,PERSONAL,D,16000,14.42,0.23,Y,6,0,0,0.4389406366919392,Medium Risk
22,69950,MORTGAGE,6.0,EDUCATION,C,9750,14.65,0.14,N,2,0,0,0.09838597649558264,Low Risk
27,67000,MORTGAGE,11.0,EDUCATION,D,24250,14.96,0.36,N,8,0,0,0.2776802337167986,Low Risk
22,70000,RENT,2.0,PERSONAL,A,3000,7.29,0.04,N,4,0,0,0.03936672684263357,Low Risk
22,65000,RENT,7.0,EDUCATION,A,8000,6.54,0.12,N,4,0,0,0.03601788929279981,Low Risk
28,69900,MORTGAGE,6.0,VENTURE,A,12000,7.49,0.17,N,10,0,0,0.01338065658801569,Low Risk
22,96000,RENT,6.0,PERSONAL,B,17000,11.48,0.18,N,2,0,0,0.046920454248046625,Low Risk
29,85000,MORTGAGE,9.0,MEDICAL,B,15000,10.65,0.18,N,9,0,0,0.059886409494544796,Low Risk
26,49995,MORTGAGE,10.0,EDUCATION,B,10000,11.71,0.2,N,3,0,0,0.08091025893582474,Low Risk
31,86500,OWN,0.0,PERSONAL,C,25000,13.57,0.29,Y,10,0,0,0.021145173049100283,Low Risk
25,124000,OWN,9.0,MEDICAL,B,2000,10.99,0.02,N,4,0,0,0.013727737406013185,Low Risk
33,66000,RENT,2.0,VENTURE,D,6400,14.96,0.1,N,7,1,1,0.5123816395272522,Medium Risk
22,64000,RENT,5.0,MEDICAL,A,6600,8.9,0.1,N,3,0,0,0.047843746406210114,Low Risk
26,21000,RENT,0.0,MEDICAL,B,4000,11.36,0.19,N,2,0,0,0.16066020240979423,Low Risk
65,45900,RENT,2.0,EDUCATION,C,10000,10.99,0.22,Y,19,0,0,0.09988132047318476,Low Risk
23,102000,OWN,0.0,MEDICAL,D,30000,16.77,0.29,Y,2,0,0,0.36520525781304486,Medium Risk
28,65450,MORTGAGE,5.0,MEDICAL,D,15000,16.89,0.19,N,9,1,1,0.6847777375692217,High Risk
23,80800,RENT,6.0,PERSONAL,A,12000,8.9,0.15,N,3,0,0,0.03256309066598712,Low Risk
34,74000,MORTGAGE,10.0,EDUCATION,C,17000,14.27,0.23,Y,10,0,0,0.09605488757611318,Low Risk
37,140000,MORTGAGE,15.0,HOMEIMPROVEMENT,A,14000,7.51,0.1,N,12,0,0,0.02798067502977063,Low Risk
31,36000,RENT,14.0,EDUCATION,C,7000,13.72,0.19,N,8,0,0,0.10665924842614753,Low Risk
23,53004,MORTGAGE,7.0,PERSONAL,A,10000,5.79,0.19,N,3,0,0,0.04413873328385993,Low Risk
24,32000,RENT,6.0,MEDICAL,B,4800,10.59,0.15,N,2,0,0,0.14031036527467336,Low Risk
27,45500,OWN,11.0,VENTURE,C,14000,13.92,0.31,Y,6,0,0,0.03311994705479003,Low Risk
25,32000,RENT,1.0,MEDICAL,E,2500,16.45,0.08,N,3,1,1,0.9369097659885495,High Risk
31,35000,RENT,4.0,MEDICAL,C,15000,13.11,0.43,N,9,1,1,0.9775797222875336,High Risk
25,55000,RENT,0.0,DEBTCONSOLIDATION,B,6000,10.65,0.11,N,2,0,0,0.08374374713209276,Low Risk
26,69996,MORTGAGE,10.0,DEBTCONSOLIDATION,C,14000,13.49,0.2,N,2,0,0,0.10233394631737266,Low Risk
23,90000,RENT,3.0,PERSONAL,B,6000,10.25,0.07,N,3,0,0,0.038749168171946465,Low Risk
33,59000,RENT,17.0,MEDICAL,B,9600,9.91,0.16,N,8,0,0,0.15202354646971114,Low Risk
43,35300,MORTGAGE,5.0,MEDICAL,B,10000,10.25,0.28,N,13,0,0,0.09274709535535094,Low Risk
24,62400,RENT,8.0,EDUCATION,B,15000,9.45,0.24,N,4,0,0,0.0640680604275484,Low Risk
25,50000,RENT,2.0,DEBTCONSOLIDATION,B,10000,10.95,0.2,N,3,0,0,0.10387908627197329,Low Risk
22,58650,RENT,6.0,MEDICAL,D,16800,16.77,0.24,N,2,1,1,0.9025616429066913,High Risk
29,74000,RENT,2.0,DEBTCONSOLIDATION,D,30750,10.99,0.42,N,6,1,1,0.9942196027037479,High Risk
30,48000,MORTGAGE,13.0,VENTURE,A,10950,10.99,0.23,N,9,0,0,0.026029245003407555,Low Risk
27,90000,RENT,0.0,DEBTCONSOLIDATION,A,20000,6.54,0.22,N,9,0,0,0.042775345239139145,Low Risk
23,77000,OWN,3.0,VENTURE,A,3500,5.99,0.05,N,2,0,0,0.0042757936243855805,Low Risk
25,90000,MORTGAGE,7.0,DEBTCONSOLIDATION,A,6000,7.14,0.07,N,3,0,0,0.03097134559315654,Low Risk
22,10200,RENT,4.0,VENTURE,C,3250,10.99,0.32,Y,2,1,1,0.993138996456675,High Risk
27,102500,MORTGAGE,0.0,DEBTCONSOLIDATION,B,9000,11.49,0.09,N,6,0,0,0.06840914228122097,Low Risk
25,33000,RENT,0.0,MEDICAL,A,1000,7.29,0.03,N,4,0,0,0.1046972517458456,Low Risk
30,70000,MORTGAGE,4.0,VENTURE,B,10000,10.25,0.14,N,8,0,0,0.023233201328713267,Low Risk
21,21000,RENT,6.0,EDUCATION,B,6500,11.89,0.31,N,4,1,1,0.9616864167743887,High Risk
26,50000,MORTGAGE,10.0,PERSONAL,A,10000,7.51,0.2,N,3,0,0,0.04446808858014854,Low Risk
23,64500,MORTGAGE,4.0,EDUCATION,A,5000,10.99,0.08,N,2,0,0,0.0452186709108403,Low Risk
30,28800,RENT,1.0,DEBTCONSOLIDATION,C,8000,12.73,0.28,N,10,0,0,0.1966016469098615,Low Risk
31,30000,RENT,0.0,EDUCATION,D,6600,16.49,0.22,Y,8,1,1,0.7639659905711143,High Risk
33,30000,RENT,14.0,EDUCATION,B,7500,11.86,0.25,N,5,1,0,0.15665991390328105,Low Risk
27,58000,RENT,3.0,MEDICAL,C,1400,15.27,0.02,Y,7,0,0,0.2121792149712926,Low Risk
28,300000,MORTGAGE,11.0,DEBTCONSOLIDATION,A,10800,6.92,0.04,N,5,0,0,0.03302344451737036,Low Risk
23,92000,MORTGAGE,7.0,VENTURE,E,10000,16.7,0.11,Y,2,0,0,0.14458829352588673,Low Risk
21,83004,MORTGAGE,2.0,DEBTCONSOLIDATION,D,10000,15.28,0.12,N,4,1,1,0.83368666686865,High Risk
29,30000,MORTGAGE,3.0,MEDICAL,B,4000,10.99,0.13,N,7,0,0,0.1532123789215658,Low Risk
23,100000,MORTGAGE,7.0,EDUCATION,A,15000,7.88,0.15,N,4,0,0,0.023762807574347927,Low Risk
24,33600,RENT,2.0,PERSONAL,A,9450,7.66,0.28,N,2,1,0,0.1489035638846526,Low Risk
26,42000,RENT,2.0,VENTURE,C,5000,11.91,0.12,Y,4,0,0,0.11888697993538479,Low Risk
35,91000,OWN,6.0,VENTURE,B,5600,10.99,0.06,N,8,0,0,0.004946172267473103,Low Risk
29,192000,MORTGAGE,6.0,VENTURE,C,15000,14.27,0.08,Y,6,0,0,0.05262489050821799,Low Risk
31,31500,RENT,2.0,MEDICAL,B,4200,9.99,0.13,N,7,0,0,0.1480084788516394,Low Risk
23,73500,RENT,7.0,PERSONAL,D,6000,14.96,0.08,Y,4,0,0,0.43831470841739234,Medium Risk
24,100000,MORTGAGE,8.0,MEDICAL,A,10750,6.99,0.11,N,4,0,0,0.029478619302620586,Low Risk
24,80000,MORTGAGE,8.0,DEBTCONSOLIDATION,C,24000,14.35,0.3,Y,3,0,0,0.1477076893003266,Low Risk
23,42048,MORTGAGE,7.0,EDUCATION,A,8500,7.74,0.2,N,3,0,0,0.0459380015239193,Low Risk
29,33600,RENT,0.0,PERSONAL,D,9600,15.99,0.29,Y,7,1,1,0.8249558785747728,High Risk
23,72250,MORTGAGE,7.0,MEDICAL,D,35000,15.99,0.41,N,2,1,1,0.5922277260689,Medium Risk
22,27264,RENT,4.0,EDUCATION,C,5000,13.11,0.18,Y,3,0,0,0.1557491031072125,Low Risk
29,174996,MORTGAGE,8.0,EDUCATION,D,25000,15.28,0.14,Y,10,0,0,0.2412433676991141,Low Risk
31,190000,MORTGAGE,15.0,MEDICAL,C,24000,10.99,0.13,N,10,0,0,0.08023013413096261,Low Risk
38,39500,RENT,4.0,MEDICAL,C,5000,13.22,0.13,N,14,0,0,0.1747895682609175,Low Risk
26,64900,RENT,4.0,MEDICAL,B,13625,10.99,0.21,N,3,0,0,0.08447000971040267,Low Risk
21,36000,RENT,3.0,MEDICAL,A,15000,6.62,0.42,N,2,1,1,0.9762319379903666,High Risk
37,60000,RENT,1.0,PERSONAL,B,6400,9.64,0.11,N,12,0,0,0.051363964070847895,Low Risk
23,51600,MORTGAGE,1.0,PERSONAL,B,4800,10.99,0.09,N,3,1,0,0.0906867473056958,Low Risk
25,72700,RENT,4.0,HOMEIMPROVEMENT,D,7000,14.84,0.1,Y,2,0,0,0.47827862647768066,Medium Risk
29,82000,OWN,5.0,PERSONAL,C,21000,14.65,0.26,Y,5,0,0,0.025671589322328076,Low Risk
34,48000,MORTGAGE,9.0,VENTURE,C,5600,15.96,0.12,Y,7,0,0,0.16499325632164472,Low Risk
23,144000,RENT,0.0,EDUCATION,B,24250,11.83,0.17,N,3,0,0,0.06181325145567859,Low Risk
26,45000,MORTGAGE,3.0,EDUCATION,C,4000,14.35,0.09,Y,2,0,0,0.11900613823234325,Low Risk
25,12000,RENT,4.0,DEBTCONSOLIDATION,B,3600,9.62,0.3,N,2,1,1,0.9242856369657458,High Risk
24,110000,RENT,4.0,DEBTCONSOLIDATION,A,13000,8.9,0.12,N,2,0,0,0.03714848980242387,Low Risk
22,50000,RENT,6.0,MEDICAL,A,9500,6.99,0.19,N,2,0,0,0.05281949923360885,Low Risk
24,80000,MORTGAGE,0.0,EDUCATION,A,18000,7.51,0.23,N,3,0,0,0.025919529647418046,Low Risk
23,78000,RENT,5.0,VENTURE,B,17000,10.99,0.22,N,2,0,0,0.049155599074476454,Low Risk
22,51000,RENT,6.0,VENTURE,B,5650,9.91,0.11,N,4,0,0,0.03239002741587996,Low Risk
26,182000,MORTGAGE,10.0,MEDICAL,B,24000,10.99,0.13,N,4,0,0,0.0751677299595587,Low Risk
23,18000,RENT,5.0,DEBTCONSOLIDATION,B,4000,10.99,0.22,N,3,1,1,0.8929456826198628,High Risk
26,33800,RENT,4.0,PERSONAL,C,13000,13.57,0.38,Y,2,1,1,0.9704347357116254,High Risk
30,36000,OWN,14.0,HOMEIMPROVEMENT,C,4000,13.49,0.11,N,10,0,0,0.028341526172050647,Low Risk
24,108000,MORTGAGE,5.0,EDUCATION,D,9950,14.96,0.09,Y,4,0,0,0.21658058195246857,Low Risk
30,50000,RENT,2.0,VENTURE,B,6400,11.71,0.13,N,6,0,0,0.06363875217500316,Low Risk
34,15523,OWN,1.0,VENTURE,A,3800,7.49,0.24,N,9,1,1,0.8992635221599065,High Risk
22,61500,RENT,3.0,EDUCATION,C,10000,14.22,0.16,N,2,0,0,0.10075860185900803,Low Risk
22,34000,RENT,3.0,DEBTCONSOLIDATION,A,4975,7.51,0.15,N,2,1,0,0.1310682725505743,Low Risk
29,62000,RENT,4.0,DEBTCONSOLIDATION,C,2300,13.43,0.04,Y,6,1,0,0.11581595806247114,Low Risk
24,90000,MORTGAGE,8.0,HOMEIMPROVEMENT,E,24000,17.56,0.27,N,3,0,0,0.3446040626111819,Medium Risk
36,30000,RENT,14.0,MEDICAL,B,3000,10.38,0.1,N,11,0,0,0.14466072329521168,Low Risk
43,60000,RENT,5.0,DEBTCONSOLIDATION,B,2000,12.53,0.03,N,17,0,0,0.0793203859573604,Low Risk
26,117000,MORTGAGE,8.0,EDUCATION,A,6000,7.51,0.05,N,3,0,0,0.024303696318815644,Low Risk
27,62900,RENT,3.0,MEDICAL,D,12000,15.95,0.16,N,9,1,1,0.6963744846645888,High Risk
24,35000,RENT,1.0,MEDICAL,B,10000,10.99,0.29,N,2,0,0,0.13339338091903175,Low Risk
29,80000,MORTGAGE,13.0,EDUCATION,A,10000,7.9,0.13,N,9,0,0,0.02488661992809226,Low Risk
30,66000,MORTGAGE,14.0,DEBTCONSOLIDATION,C,11200,13.49,0.17,N,6,1,0,0.10233394631737266,Low Risk
40,110000,RENT,6.0,HOMEIMPROVEMENT,B,13000,9.91,0.12,N,17,0,0,0.047079858723058504,Low Risk
25,50400,MORTGAGE,4.0,HOMEIMPROVEMENT,A,6000,7.14,0.12,N,4,0,0,0.0710837062735364,Low Risk
31,110000,MORTGAGE,2.0,DEBTCONSOLIDATION,B,6000,9.51,0.05,N,9,0,0,0.05558451179365601,Low Risk
23,80000,MORTGAGE,7.0,VENTURE,A,4800,7.29,0.06,N,4,0,0,0.009335499231325295,Low Risk
31,180000,MORTGAGE,5.0,VENTURE,C,9000,14.27,0.05,Y,6,0,0,0.05429387346050937,Low Risk
26,27983,MORTGAGE,7.0,DEBTCONSOLIDATION,A,6000,7.88,0.21,N,3,0,0,0.09751985849264481,Low Risk
26,52500,RENT,0.0,DEBTCONSOLIDATION,B,5700,11.12,0.11,N,2,0,0,0.10387908627197329,Low Risk
27,83300,MORTGAGE,3.0,MEDICAL,D,12000,15.21,0.12,N,6,1,1,0.5852798171893682,Medium Risk
22,37000,RENT,0.0,PERSONAL,B,7000,10.95,0.19,N,4,0,0,0.10023471010586396,Low Risk
38,67870,MORTGAGE,6.0,DEBTCONSOLIDATION,B,5000,10.99,0.07,N,15,0,0,0.09522250657311342,Low Risk
30,150000,OWN,5.0,PERSONAL,D,5425,10.99,0.04,Y,5,0,0,0.018840498848558887,Low Risk
23,10000,RENT,1.0,VENTURE,B,2100,12.21,0.21,N,3,1,1,0.8617996141791431,High Risk
30,36000,MORTGAGE,2.0,DEBTCONSOLIDATION,B,13500,9.91,0.38,N,5,0,0,0.15142046892387326,Low Risk
24,60000,RENT,1.0,EDUCATION,B,12000,10.99,0.2,N,4,0,0,0.05878071419731236,Low Risk
22,67000,MORTGAGE,6.0,VENTURE,A,4000,6.76,0.06,N,3,0,0,0.01346428436175272,Low Risk
25,60000,RENT,1.0,VENTURE,A,8000,5.42,0.13,N,2,0,0,0.01695701025218482,Low Risk
30,60000,RENT,0.0,DEBTCONSOLIDATION,B,4750,9.99,0.08,N,7,0,0,0.06177698937135944,Low Risk
29,58000,RENT,3.0,PERSONAL,A,10000,6.99,0.17,N,5,0,0,0.04773597423340801,Low Risk
27,75000,OWN,0.0,HOMEIMPROVEMENT,A,7500,8.38,0.1,N,6,0,0,0.014593277920364049,Low Risk
21,40000,RENT,3.0,EDUCATION,A,4000,7.51,0.1,N,2,0,0,0.044904626763058064,Low Risk
23,76500,RENT,3.0,DEBTCONSOLIDATION,B,18000,10.65,0.24,N,4,1,0,0.07826236529654433,Low Risk
31,52000,MORTGAGE,15.0,PERSONAL,B,15200,12.21,0.29,N,8,0,0,0.09330372061501957,Low Risk
24,75000,RENT,2.0,HOMEIMPROVEMENT,B,7000,10.74,0.09,N,3,0,0,0.08296751147969512,Low Risk
24,89000,OWN,7.0,HOMEIMPROVEMENT,D,15000,17.58,0.17,N,4,0,0,0.053268607045265294,Low Risk
31,41000,MORTGAGE,6.0,MEDICAL,C,3200,13.16,0.08,N,6,1,0,0.11902410584549598,Low Risk
28,165000,RENT,3.0,DEBTCONSOLIDATION,B,35000,11.49,0.21,N,9,0,0,0.101186898957698,Low Risk
22,44000,RENT,4.0,PERSONAL,D,4500,14.46,0.1,Y,2,1,1,0.5200428076277742,Medium Risk
26,32000,RENT,3.0,DEBTCONSOLIDATION,A,5000,7.49,0.16,N,2,0,0,0.11360700600470604,Low Risk
21,35000,RENT,6.0,PERSONAL,C,5000,14.79,0.14,N,2,1,0,0.1605067870551996,Low Risk
22,71400,RENT,3.0,VENTURE,C,5000,12.99,0.07,Y,4,0,0,0.07408169838418963,Low Risk
22,35000,RENT,1.0,EDUCATION,B,8000,9.2,0.23,N,3,0,0,0.07575612561309054,Low Risk
27,35000,RENT,3.0,MEDICAL,A,6000,7.49,0.17,N,10,0,0,0.05663952813241536,Low Risk
26,45900,RENT,0.0,PERSONAL,B,12000,10.39,0.26,N,3,0,0,0.09506369311847984,Low Risk
32,202300,MORTGAGE,9.0,MEDICAL,D,25000,14.59,0.11,N,7,1,1,0.679800475791516,High Risk
35,32900,RENT,4.0,HOMEIMPROVEMENT,C,4800,13.23,0.15,Y,9,1,1,0.5962214517214044,Medium Risk
22,56000,MORTGAGE,5.0,MEDICAL,B,12000,10.99,0.21,N,2,0,0,0.10522090203626895,Low Risk
33,60000,MORTGAGE,5.0,PERSONAL,A,2000,5.42,0.03,N,8,0,0,0.030751606295025595,Low Risk
23,54000,MORTGAGE,7.0,MEDICAL,A,6000,6.03,0.11,N,4,0,0,0.050088856122831864,Low Risk
35,46000,RENT,4.0,PERSONAL,C,8800,14.27,0.19,N,7,0,0,0.1378341148215846,Low Risk
40,82000,RENT,2.0,MEDICAL,B,14000,10.37,0.17,N,13,0,0,0.059724860200700045,Low Risk
28,30000,RENT,4.0,EDUCATION,B,3900,11.99,0.13,N,9,0,0,0.13561538217574484,Low Risk
27,73004,RENT,5.0,EDUCATION,A,9000,9.63,0.12,N,7,1,0,0.03907905174380944,Low Risk
23,38000,RENT,7.0,VENTURE,A,10000,7.51,0.26,N,4,0,0,0.032271327589868865,Low Risk
27,25000,MORTGAGE,4.0,PERSONAL,D,4750,14.83,0.19,N,9,0,1,0.5752496491645478,Medium Risk
26,70000,MORTGAGE,11.0,HOMEIMPROVEMENT,C,20000,14.27,0.29,Y,4,0,0,0.13098108775627976,Low Risk
23,88000,MORTGAGE,4.0,HOMEIMPROVEMENT,C,8400,14.65,0.1,N,4,1,0,0.15283594509696194,Low Risk
23,34800,RENT,1.0,VENTURE,B,1000,11.99,0.03,N,4,0,0,0.11492201723881544,Low Risk
22,26400,RENT,0.0,VENTURE,C,10000,13.49,0.38,N,3,1,1,0.9754175299326359,High Risk
42,18000,RENT,3.0,VENTURE,A,8000,6.91,0.44,N,17,1,1,0.9953016450374012,High Risk
22,42000,RENT,6.0,DEBTCONSOLIDATION,A,10000,6.17,0.24,N,3,0,0,0.055825210976562636,Low Risk
29,60000,RENT,7.0,EDUCATION,C,9000,13.61,0.15,N,9,0,0,0.059971833684554145,Low Risk
30,88800,MORTGAGE,14.0,EDUCATION,A,7000,6.62,0.08,N,6,0,0,0.029017540072489727,Low Risk
27,100500,MORTGAGE,11.0,EDUCATION,C,15000,14.65,0.15,N,6,0,0,0.06535056499167222,Low Risk
22,49000,RENT,0.0,EDUCATION,D,7600,15.62,0.16,N,4,1,1,0.6438873136266153,High Risk
27,44400,MORTGAGE,10.0,VENTURE,C,4000,13.99,0.09,Y,7,1,0,0.1096626237951172,Low Risk
21,28000,RENT,1.0,HOMEIMPROVEMENT,C,9700,11.34,0.35,N,2,1,1,0.9985012678539795,High Risk
24,54000,MORTGAGE,8.0,PERSONAL,A,13000,7.49,0.24,N,2,0,0,0.04413873328385993,Low Risk
28,46000,RENT,0.0,MEDICAL,A,2500,6.91,0.05,N,8,0,0,0.05750001918264004,Low Risk
23,59004,RENT,5.0,DEBTCONSOLIDATION,B,20000,10.83,0.34,N,2,1,1,0.9867017039424444,High Risk
23,57000,RENT,8.0,EDUCATION,C,7500,11.97,0.13,N,4,0,0,0.08770153533330066,Low Risk
24,84000,RENT,1.0,PERSONAL,A,12000,6.91,0.14,N,2,0,0,0.030368685986005173,Low Risk
28,216000,MORTGAGE,12.0,VENTURE,D,15000,16.02,0.07,Y,8,0,0,0.14756980014152668,Low Risk
25,134000,RENT,7.0,MEDICAL,B,25000,10.62,0.19,N,2,0,0,0.07586596535849607,Low Risk
24,20000,OWN,2.0,PERSONAL,A,3000,8.94,0.15,N,3,0,0,0.01750631297442877,Low Risk
22,30000,RENT,0.0,MEDICAL,A,7000,8.9,0.23,N,4,0,0,0.11957634876099217,Low Risk
22,32244,RENT,2.0,VENTURE,B,11100,12.21,0.34,N,3,1,1,0.9648573970118575,High Risk
26,69912,MORTGAGE,9.0,VENTURE,A,8000,6.99,0.11,N,2,0,0,0.01338065658801569,Low Risk
21,82100,RENT,3.0,PERSONAL,A,12200,6.03,0.15,N,2,0,0,0.030368685986005173,Low Risk
22,83000,OWN,6.0,DEBTCONSOLIDATION,D,25000,15.95,0.3,Y,4,0,0,0.2857463798977153,Low Risk
24,53004,MORTGAGE,6.0,DEBTCONSOLIDATION,B,21000,10.65,0.4,N,3,0,0,0.1576877647044208,Low Risk
29,240000,MORTGAGE,5.0,VENTURE,A,10000,8.49,0.04,N,8,0,0,0.009990936541544147,Low Risk
23,60000,RENT,2.0,VENTURE,A,9000,6.17,0.15,N,2,0,0,0.01695701025218482,Low Risk
31,30000,OWN,2.0,HOMEIMPROVEMENT,B,2950,10.75,0.1,N,7,0,0,0.06561122423049084,Low Risk
26,88500,MORTGAGE,10.0,EDUCATION,A,10000,8.59,0.11,N,4,0,0,0.030409327123987192,Low Risk
40,80000,RENT,0.0,MEDICAL,A,6000,8.94,0.07,N,11,0,0,0.03189641832296038,Low Risk
27,72000,RENT,6.0,VENTURE,A,20000,8.9,0.28,N,5,0,0,0.026841983719705573,Low Risk
22,49000,RENT,1.0,EDUCATION,A,8000,6.91,0.16,N,2,1,0,0.04549373709250975,Low Risk
27,35496,RENT,2.0,EDUCATION,A,3200,7.88,0.09,N,6,0,0,0.057521021893833096,Low Risk
28,95000,MORTGAGE,9.0,MEDICAL,C,5000,10.99,0.05,Y,7,0,0,0.06426738490531968,Low Risk
22,31215,OWN,4.0,EDUCATION,B,14000,9.91,0.45,N,3,0,0,0.03909696301811975,Low Risk
29,52044,MORTGAGE,12.0,EDUCATION,A,8875,7.9,0.17,N,7,1,0,0.04502818248007263,Low Risk
35,29400,RENT,0.0,EDUCATION,B,6150,12.21,0.21,N,10,0,0,0.16496153991362936,Low Risk
25,23920,MORTGAGE,0.0,MEDICAL,D,6000,14.59,0.25,Y,2,1,1,0.8208992686423541,High Risk
26,30000,RENT,0.0,EDUCATION,B,8000,9.91,0.27,N,2,1,0,0.18296191398375208,Low Risk
26,102000,MORTGAGE,5.0,PERSONAL,A,13000,5.42,0.13,N,3,0,0,0.024773380079777342,Low Risk
24,66300,RENT,4.0,MEDICAL,D,30000,10.99,0.38,N,3,1,1,0.9895955598770322,High Risk
34,45000,MORTGAGE,1.0,DEBTCONSOLIDATION,C,3800,13.16,0.08,Y,5,0,0,0.1186704421847153,Low Risk
29,34444,RENT,5.0,EDUCATION,C,5600,13.49,0.16,Y,7,0,0,0.1840224809136544,Low Risk
22,85200,RENT,6.0,VENTURE,D,20000,15.65,0.23,Y,4,1,0,0.27219236868100904,Low Risk
31,29000,RENT,7.0,HOMEIMPROVEMENT,D,13250,17.58,0.46,N,6,1,1,0.9960432100848655,High Risk
33,120999,MORTGAGE,7.0,DEBTCONSOLIDATION,C,15200,13.61,0.13,Y,7,0,0,0.08157684050018903,Low Risk
32,82000,MORTGAGE,4.0,EDUCATION,D,8000,16.89,0.1,N,8,0,0,0.23379828955048784,Low Risk
22,40000,MORTGAGE,3.0,DEBTCONSOLIDATION,B,7500,11.49,0.19,N,3,0,0,0.09525936977652336,Low Risk
34,51621,MORTGAGE,5.0,HOMEIMPROVEMENT,B,3500,11.49,0.07,N,7,0,0,0.13334444834264347,Low Risk
24,162000,MORTGAGE,8.0,DEBTCONSOLIDATION,C,16000,15.96,0.1,Y,2,0,0,0.17336399839670422,Low Risk
24,60000,MORTGAGE,4.0,MEDICAL,A,5000,7.14,0.08,N,2,0,0,0.03287829174666825,Low Risk
32,48000,RENT,1.0,HOMEIMPROVEMENT,D,8000,14.42,0.17,Y,8,1,1,0.772895544033681,High Risk
22,77237,MORTGAGE,0.0,MEDICAL,A,5875,6.17,0.08,N,3,0,0,0.03881054240626464,Low Risk
35,39996,RENT,4.0,EDUCATION,A,8000,5.99,0.2,N,5,0,0,0.04387199519168108,Low Risk
23,74000,MORTGAGE,7.0,PERSONAL,B,2100,10.99,0.03,N,4,1,0,0.06848207194402244,Low Risk
41,43000,RENT,2.0,MEDICAL,C,4000,13.23,0.09,N,16,0,0,0.12572138771807725,Low Risk
48,39915,RENT,15.0,VENTURE,A,20000,7.49,0.5,N,12,1,1,0.9269788140708078,High Risk
23,95000,RENT,4.0,PERSONAL,B,10000,10.99,0.11,N,4,0,0,0.046920454248046625,Low Risk
24,43000,MORTGAGE,8.0,DEBTCONSOLIDATION,D,10000,16.89,0.23,N,4,1,1,0.8414973410955352,High Risk
22,17280,RENT,0.0,EDUCATION,D,3500,10.99,0.2,Y,4,1,1,0.9659652749296405,High Risk
22,75000,MORTGAGE,3.0,PERSONAL,A,5600,8.0,0.07,N,2,0,0,0.03613954772945397,Low Risk
25,21812,RENT,7.0,EDUCATION,C,6000,14.72,0.28,Y,2,0,0,0.25750585581910895,Low Risk
47,24000,MORTGAGE,4.0,HOMEIMPROVEMENT,D,5100,10.99,0.21,Y,16,0,1,0.6590041222715668,High Risk
34,38000,MORTGAGE,12.0,DEBTCONSOLIDATION,B,12775,9.91,0.34,N,5,0,0,0.15142046892387326,Low Risk
25,58000,MORTGAGE,9.0,MEDICAL,A,8500,7.14,0.15,N,3,0,0,0.050088856122831864,Low Risk
25,55000,MORTGAGE,6.0,HOMEIMPROVEMENT,B,6500,10.99,0.12,N,2,0,0,0.12643014588167967,Low Risk
23,130000,MORTGAGE,7.0,MEDICAL,B,25000,11.12,0.19,N,3,0,0,0.0751677299595587,Low Risk
29,33000,RENT,5.0,HOMEIMPROVEMENT,A,8000,5.79,0.24,N,8,1,0,0.45802373345547825,Medium Risk
27,24000,RENT,2.0,MEDICAL,A,1450,10.99,0.06,N,9,0,0,0.10575316162690156,Low Risk
23,100000,MORTGAGE,7.0,EDUCATION,D,15000,16.0,0.15,Y,2,0,0,0.21323373434691842,Low Risk
41,70800,RENT,25.0,VENTURE,B,10000,11.36,0.14,N,12,0,0,0.0368211796867629,Low Risk
29,48000,MORTGAGE,5.0,EDUCATION,C,10000,12.73,0.21,Y,7,0,0,0.0864172229179248,Low Risk
32,68000,MORTGAGE,1.0,MEDICAL,B,6100,10.25,0.09,N,7,0,0,0.07432521131966344,Low Risk
23,38000,MORTGAGE,5.0,PERSONAL,A,5400,7.9,0.14,N,3,0,0,0.05439450958188047,Low Risk
41,28800,RENT,0.0,MEDICAL,C,9600,13.49,0.33,N,16,1,1,0.9752551397468724,High Risk
24,70000,MORTGAGE,8.0,VENTURE,B,25000,9.62,0.36,N,2,0,0,0.06828992156064304,Low Risk
48,80000,MORTGAGE,0.0,DEBTCONSOLIDATION,A,7700,9.63,0.1,N,11,0,0,0.03404006656109143,Low Risk
22,78700,RENT,6.0,VENTURE,C,14000,13.48,0.18,Y,3,0,0,0.08873022838128176,Low Risk
28,81000,MORTGAGE,11.0,PERSONAL,A,6000,6.17,0.07,N,8,0,0,0.02804165305449411,Low Risk
28,140000,RENT,11.0,HOMEIMPROVEMENT,C,25000,13.11,0.18,Y,7,0,0,0.07610834753884338,Low Risk
37,45000,RENT,1.0,MEDICAL,A,7200,9.63,0.16,N,11,0,0,0.05612952697917269,Low Risk
24,45996,RENT,2.0,VENTURE,C,10800,13.16,0.23,N,4,0,0,0.10687308343797823,Low Risk
23,42000,MORTGAGE,7.0,EDUCATION,D,10000,14.59,0.24,Y,2,0,0,0.3917472708644775,Medium Risk
23,210000,RENT,4.0,EDUCATION,B,12000,10.59,0.06,N,2,0,0,0.0386446998451885,Low Risk
22,62400,RENT,3.0,EDUCATION,D,24000,14.84,0.38,N,2,1,1,0.9653089368133163,High Risk
24,49812,RENT,4.0,MEDICAL,A,15000,6.17,0.3,N,3,0,0,0.07418140577115308,Low Risk
26,53000,OWN,2.0,VENTURE,B,2500,9.91,0.05,N,2,0,0,0.007778728844121943,Low Risk
30,25000,RENT,4.0,PERSONAL,B,3500,11.11,0.14,N,5,0,0,0.12833194544633766,Low Risk
25,28800,RENT,0.0,EDUCATION,A,5000,8.9,0.17,N,4,0,0,0.10964855095310015,Low Risk
37,250000,MORTGAGE,2.0,EDUCATION,C,34000,14.79,0.14,N,16,0,0,0.10078473711409178,Low Risk
24,75000,MORTGAGE,8.0,PERSONAL,B,1200,11.49,0.02,N,2,0,0,0.06699980482349958,Low Risk
32,48000,MORTGAGE,8.0,HOMEIMPROVEMENT,A,5200,5.42,0.11,N,5,0,0,0.07385866489380195,Low Risk
23,130000,RENT,7.0,VENTURE,B,25000,11.49,0.19,N,4,0,0,0.032628597405687035,Low Risk
35,40000,OWN,0.0,PERSONAL,A,5000,6.92,0.13,N,5,0,0,0.011439909506051452,Low Risk
25,48000,MORTGAGE,3.0,DEBTCONSOLIDATION,B,4800,10.74,0.1,N,4,0,0,0.08410045384982948,Low Risk
24,57000,RENT,0.0,PERSONAL,A,13500,6.92,0.24,N,2,0,0,0.04773597423340801,Low Risk
23,58000,OTHER,0.0,VENTURE,B,16000,12.21,0.28,N,4,0,0,0.05876685628765375,Low Risk
24,31000,MORTGAGE,8.0,EDUCATION,A,5000,5.42,0.16,N,2,0,0,0.10303623383092003,Low Risk
25,42769,RENT,3.0,EDUCATION,A,1500,7.49,0.04,N,3,0,0,0.0548792683632083,Low Risk
26,28800,MORTGAGE,2.0,VENTURE,A,5150,6.62,0.18,N,2,0,0,0.049693830352825125,Low Risk
21,50500,RENT,0.0,MEDICAL,B,5000,10.37,0.1,N,3,0,0,0.09351316462445948,Low Risk
43,49578,MORTGAGE,11.0,PERSONAL,C,16000,13.49,0.32,Y,13,0,0,0.20129266842151416,Low Risk
24,62000,MORTGAGE,7.0,PERSONAL,A,6200,10.99,0.1,N,2,0,0,0.048127247324815256,Low Risk
22,48000,RENT,6.0,VENTURE,B,15000,9.63,0.31,N,4,1,1,0.9429033636190008,High Risk
31,28000,RENT,1.0,HOMEIMPROVEMENT,D,3600,16.49,0.13,N,7,1,1,0.9570277038081342,High Risk
22,30000,RENT,4.0,VENTURE,E,8000,10.99,0.27,N,3,1,0,0.20505208303583075,Low Risk
29,120000,MORTGAGE,8.0,VENTURE,A,5000,7.43,0.04,N,6,0,0,0.009486567373736493,Low Risk
24,33996,RENT,2.0,EDUCATION,D,5000,14.96,0.15,Y,4,1,1,0.7779447494819809,High Risk
37,60000,RENT,1.0,MEDICAL,D,10000,15.99,0.17,Y,17,1,1,0.7938496202258754,High Risk
27,50000,MORTGAGE,0.0,PERSONAL,A,4000,10.99,0.08,N,9,0,0,0.05674945662636233,Low Risk
23,18500,RENT,2.0,VENTURE,C,9000,11.34,0.49,Y,3,1,1,0.9940227461861475,High Risk
24,105000,MORTGAGE,2.0,MEDICAL,B,9850,9.63,0.09,N,2,0,0,0.05407285757746771,Low Risk
22,54000,RENT,0.0,DEBTCONSOLIDATION,C,7000,13.61,0.13,N,4,0,0,0.11218476084144047,Low Risk
43,77000,MORTGAGE,3.0,EDUCATION,A,12000,5.99,0.16,N,16,0,0,0.0326255012537702,Low Risk
27,50055,MORTGAGE,5.0,VENTURE,B,15000,10.62,0.3,N,5,0,0,0.03362317071925203,Low Risk
25,100000,RENT,9.0,HOMEIMPROVEMENT,C,20000,13.06,0.2,Y,2,0,0,0.07692125645699718,Low Risk
23,83200,MORTGAGE,6.0,EDUCATION,A,4000,7.49,0.05,N,4,0,0,0.026863151307799378,Low Risk
25,48000,MORTGAGE,7.0,VENTURE,B,3000,11.99,0.06,N,4,0,0,0.04258793799546854,Low Risk
27,80000,MORTGAGE,11.0,EDUCATION,A,5000,8.0,0.06,N,6,0,0,0.025040333729439923,Low Risk
25,133119,MORTGAGE,10.0,DEBTCONSOLIDATION,B,25000,10.99,0.19,N,3,0,0,0.08705373558704012,Low Risk
25,70000,RENT,9.0,HOMEIMPROVEMENT,D,15000,16.02,0.21,N,4,0,0,0.47145698647423445,Medium Risk
25,65004,MORTGAGE,9.0,MEDICAL,A,4500,6.92,0.07,N,2,0,0,0.03993713618031061,Low Risk
25,99996,MORTGAGE,3.0,VENTURE,A,8000,8.0,0.08,N,2,0,0,0.009990936541544147,Low Risk
31,15204,RENT,4.0,EDUCATION,A,1875,8.49,0.12,N,7,1,0,0.20748512075936432,Low Risk
24,12960,MORTGAGE,1.0,HOMEIMPROVEMENT,B,3650,9.91,0.28,N,3,1,1,0.9643639816024803,High Risk
24,46000,RENT,8.0,PERSONAL,B,13000,10.99,0.28,N,3,0,0,0.10762849991109018,Low Risk
34,45000,RENT,2.0,MEDICAL,B,3000,11.11,0.07,N,7,0,0,0.11186546246364225,Low Risk
21,31200,RENT,4.0,MEDICAL,A,15000,6.62,0.48,N,3,1,1,0.9736828453397922,High Risk
23,88000,MORTGAGE,2.0,MEDICAL,C,6625,11.22,0.08,Y,3,0,0,0.09867255984531399,Low Risk
36,60000,RENT,2.0,HOMEIMPROVEMENT,B,15000,10.99,0.25,N,12,0,0,0.08051347033099707,Low Risk
32,25200,OWN,17.0,MEDICAL,A,4000,6.54,0.16,N,6,0,0,0.02189980382324853,Low Risk
22,60000,RENT,3.0,PERSONAL,C,5000,14.22,0.08,N,4,0,0,0.08476322346695353,Low Risk
33,75000,MORTGAGE,17.0,EDUCATION,C,12000,10.99,0.16,Y,10,0,0,0.06863340143356401,Low Risk
34,40000,RENT,2.0,VENTURE,B,5000,12.53,0.13,N,10,0,0,0.05688597872942669,Low Risk
29,27000,RENT,10.0,HOMEIMPROVEMENT,D,3975,12.17,0.15,N,5,1,1,0.844981961664162,High Risk
27,90000,RENT,0.0,DEBTCONSOLIDATION,B,7500,10.99,0.08,N,6,0,0,0.06547472942578915,Low Risk
22,20000,OWN,7.0,PERSONAL,B,3200,12.21,0.16,N,4,0,0,0.021640236903254877,Low Risk
24,75000,MORTGAGE,7.0,HOMEIMPROVEMENT,C,12000,13.49,0.16,Y,4,0,0,0.09375650272655274,Low Risk
29,40000,RENT,1.0,HOMEIMPROVEMENT,C,10000,13.16,0.25,N,7,1,0,0.13310495447593954,Low Risk
26,30000,RENT,0.0,DEBTCONSOLIDATION,D,6000,10.99,0.2,Y,2,1,1,0.8521208824080503,High Risk
24,82000,RENT,7.0,PERSONAL,B,17400,11.99,0.21,N,4,0,0,0.05658062601699708,Low Risk
22,37008,RENT,2.0,EDUCATION,B,3600,12.42,0.1,N,4,0,0,0.0937836845485589,Low Risk
25,155000,MORTGAGE,8.0,PERSONAL,C,10000,13.06,0.06,Y,3,0,0,0.049687532528028225,Low Risk
26,71040,MORTGAGE,1.0,DEBTCONSOLIDATION,A,3000,5.79,0.04,N,2,0,0,0.044762063966976025,Low Risk
30,65000,RENT,15.0,HOMEIMPROVEMENT,B,25000,10.99,0.38,N,5,1,1,0.9706072694618877,High Risk
23,67000,RENT,7.0,MEDICAL,B,3000,10.99,0.04,N,2,0,0,0.08495967923257408,Low Risk
34,27000,RENT,3.0,VENTURE,B,2525,12.21,0.09,N,7,0,0,0.07192422300025753,Low Risk
31,100000,MORTGAGE,8.0,VENTURE,B,7000,10.08,0.07,N,10,0,0,0.0159149592316194,Low Risk
29,72000,MORTGAGE,5.0,PERSONAL,A,10000,6.17,0.14,N,10,0,0,0.03493478828889461,Low Risk
31,152000,MORTGAGE,15.0,PERSONAL,A,15000,8.49,0.1,N,7,0,0,0.026229928612880416,Low Risk
22,33000,RENT,6.0,EDUCATION,B,9000,11.99,0.27,N,4,0,0,0.18409588017164297,Low Risk
24,145000,MORTGAGE,0.0,HOMEIMPROVEMENT,B,7000,10.99,0.05,N,3,0,0,0.05235265778313584,Low Risk
27,96000,MORTGAGE,4.0,DEBTCONSOLIDATION,C,2500,12.99,0.03,Y,10,0,0,0.0820512415242371,Low Risk
22,70000,RENT,3.0,VENTURE,C,9000,13.49,0.13,Y,2,0,0,0.07364967841520935,Low Risk
23,73426,MORTGAGE,0.0,DEBTCONSOLIDATION,C,7500,10.99,0.1,Y,2,0,0,0.10864645085516159,Low Risk
29,24000,RENT,4.0,VENTURE,C,7750,13.85,0.32,N,8,1,1,0.9712392871078785,High Risk
22,36000,MORTGAGE,3.0,DEBTCONSOLIDATION,A,5250,10.99,0.15,N,2,0,0,0.074849640455397,Low Risk
23,119496,MORTGAGE,7.0,EDUCATION,A,12000,7.88,0.1,N,4,0,0,0.023762807574347927,Low Risk
28,78000,MORTGAGE,11.0,DEBTCONSOLIDATION,E,12000,16.95,0.15,Y,7,1,1,0.8533631692502337,High Risk
28,90000,MORTGAGE,12.0,HOMEIMPROVEMENT,C,5000,14.79,0.06,Y,8,0,0,0.0779694930701294,Low Risk
29,64548,MORTGAGE,3.0,MEDICAL,B,15000,10.99,0.23,N,7,0,0,0.09596797263583928,Low Risk
35,42000,RENT,6.0,MEDICAL,A,5000,6.99,0.12,N,10,0,0,0.05648291042925574,Low Risk
25,75000,RENT,9.0,DEBTCONSOLIDATION,B,25000,10.36,0.33,N,2,1,1,0.9714041381521629,High Risk
27,21600,OWN,1.0,PERSONAL,A,4200,7.49,0.19,N,6,0,0,0.020801845726862438,Low Risk
32,227500,RENT,3.0,MEDICAL,C,25000,12.53,0.11,N,5,0,0,0.09148663579447656,Low Risk
47,1362000,MORTGAGE,9.0,VENTURE,A,6600,7.74,0.0,N,17,0,0,0.009314837277351504,Low Risk
35,54000,RENT,4.0,DEBTCONSOLIDATION,E,17250,19.42,0.32,N,10,1,1,0.9962828595124,High Risk
27,87000,MORTGAGE,2.0,VENTURE,A,7200,9.63,0.08,N,6,0,0,0.01397481440431703,Low Risk
23,108000,MORTGAGE,5.0,DEBTCONSOLIDATION,D,10000,10.99,0.09,Y,2,1,0,0.49268529074521455,Medium Risk
23,42000,RENT,3.0,DEBTCONSOLIDATION,B,1500,10.71,0.04,N,2,0,0,0.08701715342094782,Low Risk
31,305000,MORTGAGE,0.0,HOMEIMPROVEMENT,D,35000,17.58,0.11,Y,10,0,1,0.5074988166598461,Medium Risk
27,55140,MORTGAGE,8.0,HOMEIMPROVEMENT,C,10000,13.49,0.18,Y,8,0,0,0.13600762640600633,Low Risk
28,48000,OWN,1.0,EDUCATION,D,12000,14.54,0.25,N,7,0,0,0.06686968453129939,Low Risk
24,45600,MORTGAGE,0.0,EDUCATION,A,7200,6.91,0.16,N,2,0,0,0.042996984199401636,Low Risk
29,144000,MORTGAGE,13.0,VENTURE,A,16000,6.62,0.11,N,6,0,0,0.009427409434547887,Low Risk
27,54000,RENT,2.0,MEDICAL,B,20000,10.99,0.37,N,8,1,1,0.9765900429460678,High Risk
41,45600,RENT,18.0,MEDICAL,A,5000,6.17,0.11,N,14,0,0,0.05214371567390337,Low Risk
37,72000,MORTGAGE,9.0,EDUCATION,C,1600,13.92,0.02,Y,16,0,0,0.07381231316689191,Low Risk
22,29244,RENT,0.0,DEBTCONSOLIDATION,D,3000,13.3,0.1,Y,2,1,1,0.8335502487776317,High Risk
23,136000,MORTGAGE,2.0,PERSONAL,D,9800,15.99,0.07,Y,3,0,0,0.42459558253303825,Medium Risk
25,102000,MORTGAGE,7.0,HOMEIMPROVEMENT,G,25000,20.16,0.25,Y,4,1,1,0.8985858566505387,High Risk
24,54000,RENT,5.0,PERSONAL,B,10000,10.37,0.19,N,2,1,0,0.07356061459901758,Low Risk
27,75000,OWN,11.0,HOMEIMPROVEMENT,C,6000,13.47,0.08,N,7,0,0,0.01651615510616196,Low Risk
28,34000,RENT,1.0,PERSONAL,D,3000,15.7,0.09,Y,10,1,1,0.8361992908690942,High Risk
25,35000,OWN,2.0,MEDICAL,A,6400,10.99,0.18,N,2,0,0,0.015884029837925515,Low Risk
24,37648,RENT,0.0,MEDICAL,A,8000,7.29,0.21,N,2,0,0,0.058710308187954204,Low Risk
27,15600,RENT,11.0,MEDICAL,B,2800,10.65,0.18,N,7,1,1,0.9069852250478317,High Risk
26,74970,RENT,5.0,MEDICAL,A,6000,7.88,0.08,N,2,0,0,0.04148378048740152,Low Risk
28,19200,RENT,0.0,MEDICAL,C,9250,14.22,0.48,N,9,1,1,0.9941331024152278,High Risk
32,31000,MORTGAGE,16.0,DEBTCONSOLIDATION,A,3000,7.51,0.1,N,7,1,0,0.09538962412893359,Low Risk
34,35316,RENT,5.0,MEDICAL,D,7200,14.84,0.2,N,10,1,1,0.7445474654752574,High Risk
23,39500,RENT,7.0,MEDICAL,A,11000,10.99,0.28,N,2,0,0,0.1364974475695588,Low Risk
21,38400,RENT,5.0,VENTURE,B,2000,10.99,0.05,N,2,0,0,0.05031394181226611,Low Risk
23,46744,RENT,4.0,EDUCATION,D,8800,14.96,0.19,Y,3,0,0,0.44982359082830936,Medium Risk
25,180000,MORTGAGE,9.0,HOMEIMPROVEMENT,B,14400,10.99,0.08,N,2,0,0,0.04938289282604607,Low Risk
28,140000,RENT,0.0,DEBTCONSOLIDATION,A,7400,6.03,0.05,N,9,0,0,0.03502768455806229,Low Risk
23,48756,RENT,5.0,EDUCATION,B,4800,11.36,0.1,N,4,0,0,0.08268758460466923,Low Risk
22,30000,RENT,0.0,EDUCATION,B,5000,11.49,0.17,N,2,0,0,0.1626677430175655,Low Risk
27,47000,RENT,11.0,MEDICAL,B,1300,10.46,0.03,N,8,0,0,0.09126598251113716,Low Risk
28,29004,RENT,0.0,PERSONAL,E,4000,16.45,0.14,N,10,1,1,0.8214615910873269,High Risk
22,30000,RENT,4.0,EDUCATION,A,4350,6.03,0.14,N,4,0,0,0.09278495890725866,Low Risk
24,48000,RENT,8.0,PERSONAL,D,12000,16.77,0.25,Y,3,0,1,0.5293777813044495,Medium Risk
22,74000,MORTGAGE,1.0,VENTURE,E,25000,14.38,0.34,Y,3,1,0,0.32076033303723345,Medium Risk
26,65000,MORTGAGE,3.0,VENTURE,A,10000,7.29,0.15,N,3,0,0,0.01338065658801569,Low Risk
32,87000,MORTGAGE,8.0,MEDICAL,B,24800,12.53,0.29,N,5,0,0,0.10317259051147425,Low Risk
22,30000,RENT,0.0,EDUCATION,B,5000,10.33,0.17,N,3,0,0,0.15050223724964343,Low Risk
25,38000,RENT,9.0,MEDICAL,B,20000,11.11,0.53,N,4,1,1,0.9757981977258939,High Risk
39,60520,RENT,6.0,MEDICAL,D,6000,15.33,0.08,Y,15,1,1,0.7002535701237734,High Risk
28,99400,MORTGAGE,6.0,MEDICAL,B,4800,10.99,0.05,N,7,0,0,0.05817743428776919,Low Risk
23,37500,RENT,2.0,VENTURE,C,8000,14.26,0.21,N,4,0,0,0.17074900823880712,Low Risk
27,51996,OWN,8.0,EDUCATION,D,9600,14.09,0.18,N,10,0,0,0.02938116071057058,Low Risk
24,29200,MORTGAGE,6.0,PERSONAL,A,2500,6.76,0.09,N,2,0,0,0.09724592489598455,Low Risk
26,69000,MORTGAGE,4.0,VENTURE,D,16000,15.7,0.23,N,4,0,0,0.22656526789670212,Low Risk
22,50000,MORTGAGE,6.0,EDUCATION,A,4800,6.03,0.1,N,3,0,0,0.04231317341559983,Low Risk
35,83000,MORTGAGE,17.0,HOMEIMPROVEMENT,D,15000,10.99,0.18,N,6,0,0,0.1770672339395787,Low Risk
24,125000,RENT,9.0,HOMEIMPROVEMENT,B,19200,10.99,0.15,N,3,0,0,0.06756107969573079,Low Risk
28,24000,RENT,4.0,PERSONAL,C,3000,15.23,0.13,Y,7,0,0,0.208511632042417,Low Risk
24,100000,RENT,5.0,PERSONAL,A,10000,7.51,0.1,N,3,0,0,0.027868783562362102,Low Risk
26,92700,MORTGAGE,6.0,EDUCATION,B,1500,9.63,0.02,N,2,0,0,0.038904132969941385,Low Risk
36,45000,RENT,4.0,MEDICAL,B,20000,11.36,0.44,N,14,1,1,0.9751413811542209,High Risk
29,80000,RENT,3.0,EDUCATION,D,10000,17.27,0.13,N,8,0,0,0.23898137430931093,Low Risk
28,15000,RENT,0.0,MEDICAL,B,1800,11.49,0.12,N,7,0,0,0.36744446445127316,Medium Risk
28,70000,MORTGAGE,7.0,MEDICAL,A,4000,6.39,0.06,N,8,0,0,0.03993713618031061,Low Risk
28,14400,RENT,2.0,MEDICAL,C,4000,13.11,0.28,Y,8,1,1,0.9237209952944557,High Risk
23,36000,RENT,1.0,EDUCATION,A,7000,7.9,0.19,N,4,0,0,0.05620823262148951,Low Risk
44,72136,RENT,7.0,HOMEIMPROVEMENT,F,25000,19.41,0.35,N,17,1,1,0.9869516802872912,High Risk
41,92000,MORTGAGE,15.0,EDUCATION,A,12000,7.66,0.13,N,13,0,0,0.02383612684664797,Low Risk
26,77004,MORTGAGE,0.0,MEDICAL,B,6000,11.99,0.08,N,4,0,0,0.08739244982877707,Low Risk
31,120000,MORTGAGE,0.0,VENTURE,A,12000,6.03,0.1,N,6,0,0,0.0116316059952383,Low Risk
24,72000,MORTGAGE,5.0,DEBTCONSOLIDATION,B,8000,12.21,0.11,N,4,0,0,0.09467980703605432,Low Risk
34,80000,RENT,4.0,HOMEIMPROVEMENT,A,5000,6.17,0.06,N,10,0,0,0.03286667422283361,Low Risk
23,83000,MORTGAGE,7.0,DEBTCONSOLIDATION,A,10000,7.66,0.12,N,4,0,0,0.03761906031135912,Low Risk
22,49536,MORTGAGE,6.0,EDUCATION,A,5200,6.62,0.1,N,3,0,0,0.04231317341559983,Low Risk
25,90000,MORTGAGE,9.0,PERSONAL,A,10000,5.42,0.11,N,2,0,0,0.023221634201025652,Low Risk
26,42000,RENT,4.0,DEBTCONSOLIDATION,B,14000,9.45,0.33,N,2,1,1,0.9681644878387992,High Risk
24,44000,RENT,2.0,PERSONAL,A,10000,7.49,0.23,N,2,0,0,0.07612277218375262,Low Risk
25,56000,RENT,9.0,VENTURE,A,8000,5.99,0.14,N,2,0,0,0.019510878991360732,Low Risk
24,60000,MORTGAGE,8.0,EDUCATION,B,3000,10.65,0.05,N,2,0,0,0.04639729250439921,Low Risk
22,38400,RENT,6.0,DEBTCONSOLIDATION,B,3600,12.69,0.09,N,3,0,0,0.11074850551165066,Low Risk
24,50000,RENT,3.0,MEDICAL,C,3000,10.99,0.06,N,2,1,0,0.11277661182537381,Low Risk
23,62400,RENT,0.0,DEBTCONSOLIDATION,C,10000,12.87,0.16,Y,4,0,0,0.11790444721376711,Low Risk
23,67150,MORTGAGE,5.0,MEDICAL,D,10000,16.32,0.13,N,2,1,1,0.6703326373488601,High Risk
23,100000,MORTGAGE,0.0,EDUCATION,A,11000,8.49,0.11,N,3,0,0,0.024720786207512824,Low Risk
21,40000,RENT,1.0,EDUCATION,B,6000,10.08,0.15,N,3,0,0,0.06503462740646591,Low Risk
24,120000,RENT,1.0,VENTURE,B,24000,12.69,0.2,N,4,0,0,0.04583295874730882,Low Risk
25,76800,MORTGAGE,8.0,EDUCATION,A,6500,5.79,0.08,N,4,0,0,0.03325960870650909,Low Risk
22,55500,RENT,6.0,MEDICAL,B,3000,10.59,0.05,N,3,0,0,0.09126598251113716,Low Risk
23,77000,RENT,2.0,DEBTCONSOLIDATION,B,16000,11.14,0.21,N,3,0,0,0.09581529194912257,Low Risk
27,72000,MORTGAGE,8.0,VENTURE,C,15250,13.16,0.21,Y,5,0,0,0.06932907848032278,Low Risk
23,49152,RENT,2.0,PERSONAL,A,6000,7.9,0.12,N,3,0,0,0.05111915759502619,Low Risk
40,14400,RENT,0.0,MEDICAL,B,1000,9.25,0.07,N,11,0,0,0.3328320511973753,Medium Risk
25,75000,RENT,4.0,MEDICAL,A,7000,7.49,0.09,N,2,0,0,0.04095284470439664,Low Risk
29,146000,MORTGAGE,12.0,MEDICAL,A,3800,6.39,0.03,N,6,0,0,0.029659833177025526,Low Risk
36,65000,MORTGAGE,3.0,EDUCATION,A,6500,5.79,0.1,N,12,0,0,0.03337449322722301,Low Risk
22,23900,RENT,0.0,PERSONAL,B,9000,10.99,0.38,N,2,1,1,0.9679779993165033,High Risk
29,88055,MORTGAGE,6.0,DEBTCONSOLIDATION,B,21600,12.42,0.25,N,8,0,0,0.14054880275031295,Low Risk
24,35000,MORTGAGE,8.0,VENTURE,B,2000,10.37,0.06,N,2,0,0,0.030755302393833842,Low Risk
24,88000,MORTGAGE,2.0,EDUCATION,G,25000,18.84,0.28,N,2,1,1,0.9499935790112835,High Risk
30,300000,OWN,14.0,VENTURE,B,35000,10.59,0.12,N,5,0,0,0.0049661060017067655,Low Risk
29,300000,RENT,5.0,PERSONAL,B,4800,10.99,0.02,N,6,0,0,0.047203673375323524,Low Risk
23,95000,MORTGAGE,7.0,EDUCATION,A,35000,7.9,0.37,N,4,0,0,0.0699837362610808,Low Risk
26,55080,MORTGAGE,10.0,MEDICAL,A,2500,7.66,0.04,N,3,1,0,0.055238295551795095,Low Risk
26,26004,MORTGAGE,2.0,HOMEIMPROVEMENT,B,10000,11.14,0.38,N,3,0,0,0.4381924612024503,Medium Risk
23,52000,MORTGAGE,5.0,EDUCATION,B,12800,10.65,0.25,N,2,0,0,0.06643833926401801,Low Risk
29,175000,RENT,1.0,PERSONAL,B,25000,10.74,0.14,N,5,0,0,0.0588243160535558,Low Risk
27,30000,RENT,11.0,MEDICAL,B,4900,11.71,0.16,N,5,0,0,0.17747314585596477,Low Risk
22,50004,MORTGAGE,4.0,PERSONAL,B,4950,10.99,0.1,N,2,0,0,0.0857391806711395,Low Risk
26,85000,MORTGAGE,1.0,HOMEIMPROVEMENT,C,15000,12.73,0.18,Y,4,0,0,0.07260117806443042,Low Risk
23,40000,RENT,7.0,VENTURE,B,7500,12.69,0.19,N,2,0,0,0.04123323760094208,Low Risk
36,23004,RENT,0.0,PERSONAL,B,9450,10.37,0.41,N,13,1,1,0.964624883482107,High Risk
22,59000,MORTGAGE,5.0,MEDICAL,A,6000,10.99,0.1,N,2,0,0,0.11340930072389777,Low Risk
23,46776,OWN,7.0,VENTURE,D,15000,13.24,0.32,N,3,0,0,0.024072768466721624,Low Risk
28,52500,RENT,2.0,PERSONAL,A,8000,7.51,0.15,N,6,0,0,0.048708304501301466,Low Risk
21,24000,RENT,5.0,EDUCATION,B,2000,11.14,0.08,N,4,0,0,0.11964761366658772,Low Risk
33,97000,MORTGAGE,15.0,PERSONAL,A,20000,6.17,0.21,N,8,0,0,0.028702924974186687,Low Risk
32,45000,RENT,1.0,PERSONAL,A,5000,7.88,0.11,N,10,0,0,0.04808245026697013,Low Risk
24,100000,MORTGAGE,8.0,EDUCATION,A,16800,7.88,0.17,N,4,0,0,0.024303696318815644,Low Risk
25,75000,MORTGAGE,9.0,VENTURE,C,5000,13.79,0.07,Y,4,0,0,0.06843423789838271,Low Risk
25,97000,MORTGAGE,9.0,PERSONAL,C,8000,10.99,0.08,N,4,0,0,0.04748908844773617,Low Risk
28,56864,MORTGAGE,5.0,PERSONAL,A,12300,7.88,0.22,N,7,0,0,0.04446808858014854,Low Risk
37,70000,MORTGAGE,3.0,EDUCATION,D,15000,15.2,0.21,N,15,0,0,0.33343913712034157,Medium Risk
31,85000,MORTGAGE,9.0,VENTURE,D,16000,10.99,0.19,Y,10,0,0,0.0901796141293659,Low Risk
24,96000,MORTGAGE,8.0,HOMEIMPROVEMENT,A,11000,5.99,0.11,N,2,0,0,0.028312381746404918,Low Risk
32,49500,RENT,2.0,MEDICAL,B,8900,10.99,0.18,N,7,0,0,0.1112395719541964,Low Risk
43,86015,MORTGAGE,3.0,VENTURE,B,2200,10.99,0.03,N,16,0,0,0.02456571503075464,Low Risk
28,14400,RENT,0.0,EDUCATION,A,3600,7.9,0.25,N,6,1,1,0.9444714779805421,High Risk
22,24000,RENT,0.0,DEBTCONSOLIDATION,C,3000,10.99,0.13,N,4,1,0,0.14358270696544137,Low Risk
31,75000,MORTGAGE,6.0,VENTURE,A,3000,8.49,0.04,N,5,0,0,0.013939307739070836,Low Risk
27,36000,MORTGAGE,2.0,VENTURE,A,4800,8.49,0.13,N,8,0,0,0.02611772359260665,Low Risk
23,54660,RENT,6.0,MEDICAL,B,17000,9.88,0.31,N,4,1,1,0.9716200943713377,High Risk
26,32500,MORTGAGE,8.0,DEBTCONSOLIDATION,C,3000,13.22,0.09,Y,3,0,0,0.16532926660081815,Low Risk
25,52000,RENT,1.0,EDUCATION,B,20000,11.36,0.38,N,4,1,1,0.9706115461327524,High Risk
33,84996,RENT,17.0,EDUCATION,A,10000,8.0,0.12,N,10,0,0,0.03139479539264742,Low Risk
22,48609,RENT,6.0,DEBTCONSOLIDATION,A,12000,7.49,0.25,N,3,0,0,0.05084833062833039,Low Risk
28,30000,MORTGAGE,4.0,PERSONAL,C,7500,11.78,0.25,N,9,0,0,0.16852525785592384,Low Risk
24,67600,RENT,7.0,HOMEIMPROVEMENT,D,10000,16.02,0.15,Y,2,0,0,0.4733310860704467,Medium Risk
21,30000,RENT,2.0,PERSONAL,D,5000,14.96,0.17,N,2,1,1,0.7958931813284017,High Risk
25,70000,RENT,3.0,PERSONAL,C,8000,14.26,0.11,N,4,0,0,0.1012132004558599,Low Risk
24,90000,RENT,3.0,HOMEIMPROVEMENT,B,15000,11.86,0.17,N,2,0,0,0.04899693502266388,Low Risk
24,52500,RENT,1.0,EDUCATION,C,9500,14.79,0.18,Y,3,0,0,0.19621638993084153,Low Risk
21,29004,RENT,0.0,MEDICAL,D,7500,10.99,0.26,Y,2,1,1,0.7345342712890841,High Risk
22,40000,RENT,6.0,MEDICAL,A,7000,7.9,0.17,N,2,0,0,0.053988746597474734,Low Risk
25,90000,MORTGAGE,9.0,VENTURE,B,5600,9.99,0.06,N,4,0,0,0.014909600811360814,Low Risk
34,62000,RENT,1.0,HOMEIMPROVEMENT,A,6000,7.49,0.1,N,9,0,0,0.05486372221177228,Low Risk
32,54000,RENT,2.0,HOMEIMPROVEMENT,E,6000,15.95,0.11,N,7,1,1,0.7327083633769857,High Risk
29,119500,MORTGAGE,6.0,HOMEIMPROVEMENT,C,6800,13.16,0.06,Y,10,0,0,0.05523828645229226,Low Risk
23,40000,MORTGAGE,7.0,MEDICAL,A,4000,7.51,0.1,N,2,0,0,0.049080315002692464,Low Risk
24,29000,RENT,5.0,MEDICAL,C,6000,15.27,0.21,N,2,0,0,0.30668454457155453,Medium Risk
32,61572,MORTGAGE,0.0,VENTURE,C,15000,13.57,0.24,N,7,0,0,0.07968096714448301,Low Risk
37,84000,MORTGAGE,11.0,HOMEIMPROVEMENT,C,8225,12.99,0.1,Y,11,0,0,0.06504980096788684,Low Risk
21,9600,RENT,4.0,HOMEIMPROVEMENT,D,2000,15.99,0.21,N,3,1,1,0.9951129284230695,High Risk
21,34500,RENT,4.0,DEBTCONSOLIDATION,E,1000,16.45,0.03,N,2,1,1,0.9010213452873657,High Risk
38,104800,MORTGAGE,6.0,VENTURE,A,14000,6.03,0.13,N,14,0,0,0.009243327799937449,Low Risk
37,60000,MORTGAGE,4.0,DEBTCONSOLIDATION,C,12000,12.73,0.2,N,15,0,0,0.08401986133882136,Low Risk
31,51500,RENT,6.0,EDUCATION,D,19000,14.83,0.37,Y,10,1,1,0.9717198077094047,High Risk
24,40000,RENT,3.0,VENTURE,A,11800,6.92,0.29,N,4,0,0,0.025977663949194204,Low Risk
32,50000,MORTGAGE,0.0,EDUCATION,A,5400,7.14,0.11,N,9,0,0,0.04218533088441438,Low Risk
26,60000,RENT,0.0,VENTURE,C,14650,12.61,0.24,Y,3,0,0,0.08285140298802568,Low Risk
33,54000,RENT,13.0,VENTURE,A,10000,8.9,0.19,N,5,0,0,0.020937653204216866,Low Risk
23,100000,OWN,7.0,PERSONAL,D,35000,16.77,0.35,N,4,0,0,0.04642491580481478,Low Risk
28,84000,MORTGAGE,1.0,DEBTCONSOLIDATION,D,3000,15.99,0.04,Y,6,1,1,0.851813332446187,High Risk
27,48000,RENT,4.0,MEDICAL,A,2800,7.49,0.06,N,5,0,0,0.05750001918264004,Low Risk
23,50000,MORTGAGE,7.0,MEDICAL,D,7500,15.62,0.15,N,3,1,1,0.7525764465521368,High Risk
23,33000,RENT,4.0,EDUCATION,B,10000,11.99,0.3,N,4,0,0,0.18409588017164297,Low Risk
33,14400,OWN,0.0,VENTURE,C,2000,14.79,0.14,N,10,0,0,0.15153710325125896,Low Risk
26,25104,OWN,0.0,DEBTCONSOLIDATION,D,5400,16.49,0.22,N,2,0,0,0.32478784011911366,Medium Risk
23,55000,MORTGAGE,5.0,PERSONAL,A,7750,6.17,0.14,N,4,0,0,0.04413873328385993,Low Risk
25,42288,RENT,2.0,EDUCATION,B,5000,10.99,0.12,N,2,0,0,0.0893343238050542,Low Risk
30,96053,MORTGAGE,15.0,MEDICAL,D,30000,15.62,0.27,N,5,1,1,0.6823446857025822,High Risk
24,72800,MORTGAGE,0.0,HOMEIMPROVEMENT,B,2300,10.62,0.03,N,4,0,0,0.08924958246307643,Low Risk
33,140000,MORTGAGE,6.0,HOMEIMPROVEMENT,A,13000,7.51,0.09,N,9,0,0,0.02798067502977063,Low Risk
34,136625,MORTGAGE,3.0,VENTURE,A,15000,7.88,0.11,N,6,0,0,0.009314837277351504,Low Risk
25,31200,RENT,8.0,DEBTCONSOLIDATION,C,14700,12.29,0.47,N,4,1,1,0.9743070588417783,High Risk
21,44000,RENT,5.0,VENTURE,D,8000,16.29,0.18,N,3,1,0,0.34221371993746724,Medium Risk
28,60000,RENT,2.0,PERSONAL,B,12000,12.18,0.2,N,10,0,0,0.06201018783804373,Low Risk
26,61000,RENT,1.0,MEDICAL,A,2000,7.9,0.03,N,3,0,0,0.052107603987501874,Low Risk
28,116000,OWN,7.0,VENTURE,C,12000,13.49,0.1,Y,6,0,0,0.00995438820246846,Low Risk
33,18000,RENT,0.0,DEBTCONSOLIDATION,A,500,10.99,0.03,N,6,0,0,0.23844058841897645,Low Risk
26,27880,RENT,1.0,MEDICAL,B,4800,9.25,0.17,N,4,0,0,0.16120365034515008,Low Risk
21,85800,MORTGAGE,5.0,VENTURE,B,18900,10.99,0.22,N,2,0,0,0.028929043160820695,Low Risk
25,54000,MORTGAGE,4.0,DEBTCONSOLIDATION,C,12000,12.73,0.22,N,4,1,0,0.11357792007094951,Low Risk
23,120000,MORTGAGE,2.0,PERSONAL,D,24250,16.02,0.2,Y,4,0,0,0.46937336691757303,Medium Risk
24,34000,MORTGAGE,3.0,PERSONAL,D,10000,15.31,0.29,Y,2,1,1,0.6500366560434022,High Risk
26,36400,RENT,4.0,EDUCATION,A,2300,7.4,0.06,N,2,0,0,0.05898848687154473,Low Risk
30,108800,MORTGAGE,2.0,MEDICAL,E,15000,16.35,0.12,N,8,1,1,0.7463479709444754,High Risk
31,24000,RENT,3.0,EDUCATION,A,6000,8.49,0.25,N,5,0,0,0.09961559898207713,Low Risk
41,28800,RENT,2.0,MEDICAL,B,6500,12.69,0.23,N,15,0,0,0.1669908935449526,Low Risk
46,80000,MORTGAGE,8.0,VENTURE,B,5000,11.86,0.06,N,15,0,0,0.02135225629272297,Low Risk
23,20400,RENT,4.0,EDUCATION,D,1200,18.25,0.06,N,4,1,0,0.48769583929230254,Medium Risk
24,70000,MORTGAGE,6.0,VENTURE,A,6000,7.88,0.09,N,3,0,0,0.01348373821486193,Low Risk
31,62000,MORTGAGE,4.0,HOMEIMPROVEMENT,B,17000,10.99,0.27,N,10,0,0,0.10047487563799799,Low Risk
25,77000,MORTGAGE,9.0,DEBTCONSOLIDATION,A,3000,7.49,0.04,N,4,0,0,0.043769083435662035,Low Risk
29,32000,MORTGAGE,5.0,MEDICAL,A,3100,7.51,0.1,N,5,1,0,0.09651591395083084,Low Risk
27,75000,MORTGAGE,0.0,HOMEIMPROVEMENT,D,23200,10.99,0.31,N,9,0,0,0.2390339677670025,Low Risk
24,78000,MORTGAGE,8.0,DEBTCONSOLIDATION,A,3600,5.42,0.05,N,4,0,0,0.05413969621338511,Low Risk
33,60000,MORTGAGE,7.0,VENTURE,A,7000,7.14,0.12,N,10,0,0,0.010748323905452975,Low Risk
23,60000,MORTGAGE,7.0,PERSONAL,C,2000,15.23,0.03,Y,2,0,0,0.09179290089409285,Low Risk
24,40000,MORTGAGE,2.0,VENTURE,B,10000,11.83,0.25,N,3,0,0,0.04730243853115078,Low Risk
26,85000,MORTGAGE,0.0,PERSONAL,C,12000,14.27,0.14,N,4,0,0,0.077013482098675,Low Risk
27,30000,RENT,0.0,PERSONAL,D,10000,15.31,0.33,N,7,1,1,0.9853804685902803,High Risk
33,10080,OWN,11.0,VENTURE,A,7200,6.03,0.71,N,8,1,1,0.9274883255772701,High Risk
24,80000,MORTGAGE,2.0,MEDICAL,B,2500,11.49,0.03,N,2,0,0,0.05942860459751826,Low Risk
41,26400,MORTGAGE,4.0,DEBTCONSOLIDATION,B,6000,12.21,0.23,N,16,1,0,0.15890829463283404,Low Risk
33,58000,RENT,0.0,VENTURE,A,5000,7.51,0.09,N,7,0,0,0.02641331583203295,Low Risk
24,40000,RENT,3.0,VENTURE,A,7000,7.88,0.17,N,4,0,0,0.019132566279536453,Low Risk
26,75531,RENT,3.0,PERSONAL,D,15000,16.49,0.2,N,2,0,0,0.43939930426340035,Medium Risk
24,60500,RENT,1.0,DEBTCONSOLIDATION,D,8150,17.27,0.13,Y,3,1,1,0.9158400301766679,High Risk
30,21360,RENT,1.0,VENTURE,B,2400,10.25,0.11,N,9,0,0,0.07029677125080891,Low Risk
40,28000,OWN,18.0,VENTURE,B,1600,9.99,0.06,N,17,0,0,0.008904815790451683,Low Risk
26,60000,MORTGAGE,10.0,DEBTCONSOLIDATION,A,6000,8.94,0.1,N,4,0,0,0.03708458072654184,Low Risk
36,98240,MORTGAGE,4.0,VENTURE,E,20000,16.35,0.2,Y,12,0,0,0.16707225714445353,Low Risk
22,71760,RENT,6.0,EDUCATION,A,15500,7.88,0.22,N,2,0,0,0.03917533005512781,Low Risk
23,55000,MORTGAGE,1.0,VENTURE,B,1500,11.49,0.03,N,3,0,0,0.05361880101983657,Low Risk
23,69000,OWN,7.0,MEDICAL,A,9000,5.99,0.13,N,3,0,0,0.012293823099330848,Low Risk
46,60000,MORTGAGE,7.0,EDUCATION,A,3600,6.99,0.06,N,12,0,0,0.027611485866691907,Low Risk
27,50000,RENT,3.0,VENTURE,B,6000,11.36,0.12,N,9,0,0,0.04649816908090214,Low Risk
36,120000,RENT,2.0,HOMEIMPROVEMENT,B,10000,11.49,0.08,N,14,0,0,0.05530719820786409,Low Risk
37,43200,RENT,5.0,VENTURE,B,18000,8.88,0.42,N,16,1,1,0.9437642108373595,High Risk
36,20000,RENT,0.0,PERSONAL,B,5075,11.48,0.25,N,11,1,0,0.14933604659315128,Low Risk
36,55000,RENT,8.0,VENTURE,A,7500,8.9,0.14,N,13,0,0,0.020937653204216866,Low Risk
28,75000,RENT,0.0,MEDICAL,B,10500,9.63,0.14,N,10,0,0,0.0727834047618393,Low Risk
29,71000,MORTGAGE,4.0,HOMEIMPROVEMENT,C,11000,13.43,0.15,Y,6,0,0,0.09576995829671854,Low Risk
26,22000,OWN,6.0,VENTURE,B,7500,10.96,0.34,N,2,0,0,0.02756195244050131,Low Risk
29,75000,MORTGAGE,9.0,DEBTCONSOLIDATION,B,10000,11.48,0.13,N,10,0,0,0.0926869213659883,Low Risk
36,61000,MORTGAGE,2.0,DEBTCONSOLIDATION,B,10000,10.25,0.16,N,12,0,0,0.07931782218661709,Low Risk
28,63600,MORTGAGE,12.0,DEBTCONSOLIDATION,A,3000,10.99,0.05,N,7,0,0,0.06268988689401679,Low Risk
22,26000,RENT,1.0,DEBTCONSOLIDATION,B,10000,10.65,0.38,N,3,1,1,0.9660977819682742,High Risk
29,96000,MORTGAGE,2.0,HOMEIMPROVEMENT,A,10000,10.99,0.1,N,5,0,0,0.03325313730670611,Low Risk
48,50004,RENT,8.0,EDUCATION,A,4000,7.68,0.08,N,11,0,0,0.04684368728204068,Low Risk
30,37200,OWN,4.0,VENTURE,A,10000,6.03,0.27,N,10,0,0,0.00663924738094598,Low Risk
27,130000,RENT,9.0,HOMEIMPROVEMENT,A,9000,7.05,0.07,N,6,0,0,0.031188990129174473,Low Risk
21,62500,MORTGAGE,6.0,EDUCATION,A,13200,7.9,0.21,N,3,0,0,0.0374739156842267,Low Risk
22,39000,RENT,5.0,PERSONAL,D,9600,16.77,0.25,Y,2,1,1,0.6557205815066813,High Risk
24,54000,MORTGAGE,8.0,HOMEIMPROVEMENT,B,4000,9.99,0.07,N,4,0,0,0.11843416919892666,Low Risk
25,70000,RENT,3.0,MEDICAL,A,5600,7.9,0.08,N,3,0,0,0.04454173764369086,Low Risk
22,21000,RENT,7.0,DEBTCONSOLIDATION,D,8000,16.77,0.38,Y,4,1,1,0.9904948821092658,High Risk
34,128000,MORTGAGE,14.0,HOMEIMPROVEMENT,A,12325,8.49,0.1,N,5,1,0,0.029970610989269314,Low Risk
24,49600,MORTGAGE,8.0,HOMEIMPROVEMENT,A,2500,7.4,0.05,N,2,0,0,0.0812543532094675,Low Risk
27,50400,MORTGAGE,9.0,EDUCATION,A,5000,7.51,0.1,N,5,0,0,0.04358067571820264,Low Risk
23,36000,RENT,0.0,PERSONAL,B,4800,11.11,0.13,N,3,0,0,0.10080570467785166,Low Risk
29,120000,MORTGAGE,3.0,DEBTCONSOLIDATION,C,6250,12.53,0.05,N,9,0,0,0.07519012871238728,Low Risk
23,25000,RENT,0.0,PERSONAL,A,5500,9.32,0.22,N,4,0,0,0.10305249731880564,Low Risk
30,60000,RENT,8.0,MEDICAL,A,5000,10.99,0.08,N,8,0,0,0.04475601981709612,Low Risk
30,75000,RENT,7.0,MEDICAL,B,20000,12.18,0.27,N,7,0,0,0.11658292210623089,Low Risk
28,41400,RENT,2.0,DEBTCONSOLIDATION,C,14000,13.48,0.34,N,6,1,1,0.9748689699377509,High Risk
28,57600,MORTGAGE,12.0,PERSONAL,B,10625,12.42,0.18,N,6,0,0,0.08524543699298875,Low Risk
28,39000,RENT,6.0,MEDICAL,D,8000,14.91,0.21,Y,7,1,1,0.8164205563767667,High Risk
23,55000,MORTGAGE,7.0,VENTURE,A,5200,8.9,0.09,N,4,0,0,0.018126359050628163,Low Risk
33,70000,MORTGAGE,0.0,DEBTCONSOLIDATION,C,3000,13.57,0.04,Y,9,0,0,0.11078361840169028,Low Risk
24,62000,RENT,3.0,HOMEIMPROVEMENT,C,10000,13.49,0.16,Y,3,0,0,0.10623884241859545,Low Risk
27,32000,MORTGAGE,0.0,MEDICAL,C,7500,11.59,0.23,Y,9,1,0,0.20593022726690868,Low Risk
31,66000,MORTGAGE,15.0,PERSONAL,A,10000,10.99,0.15,N,5,0,0,0.044806593065082216,Low Risk
26,56810,MORTGAGE,10.0,DEBTCONSOLIDATION,C,2500,10.99,0.04,Y,3,0,0,0.11433573304823992,Low Risk
28,102000,MORTGAGE,0.0,PERSONAL,A,10000,5.99,0.1,N,10,0,0,0.024773380079777342,Low Risk
21,23000,RENT,5.0,PERSONAL,C,6250,13.48,0.27,Y,3,0,0,0.1824443898022885,Low Risk
22,30000,RENT,1.0,EDUCATION,D,4000,14.96,0.13,Y,2,1,1,0.7184586551965264,High Risk
27,75400,MORTGAGE,3.0,PERSONAL,A,6000,7.74,0.08,N,7,0,0,0.03440953605141133,Low Risk
24,56496,RENT,5.0,EDUCATION,A,2000,9.32,0.04,N,3,0,0,0.053706970161874965,Low Risk
26,70000,MORTGAGE,10.0,EDUCATION,B,5000,9.88,0.07,N,4,0,0,0.054331189206760194,Low Risk
26,22000,RENT,2.0,MEDICAL,B,1750,10.99,0.08,N,3,0,0,0.1458202611690222,Low Risk
31,100000,MORTGAGE,5.0,DEBTCONSOLIDATION,A,11000,7.51,0.11,N,5,0,0,0.03327274660960662,Low Risk
26,44000,RENT,10.0,DEBTCONSOLIDATION,D,14000,14.83,0.32,N,2,1,1,0.9920528693279284,High Risk
27,144000,MORTGAGE,11.0,DEBTCONSOLIDATION,A,11000,8.9,0.08,N,6,0,0,0.034576953741956434,Low Risk
37,46000,MORTGAGE,9.0,EDUCATION,B,5000,10.75,0.11,N,14,0,0,0.06828374977592604,Low Risk
24,115154,RENT,8.0,HOMEIMPROVEMENT,C,3000,14.27,0.03,N,2,0,0,0.07954312728204847,Low Risk
29,72000,RENT,3.0,HOMEIMPROVEMENT,E,4000,18.79,0.06,N,6,0,0,0.4648101871445127,Medium Risk
36,75000,MORTGAGE,9.0,PERSONAL,A,24000,7.51,0.32,N,13,0,0,0.08602505798951071,Low Risk
29,32000,MORTGAGE,13.0,HOMEIMPROVEMENT,A,8000,5.99,0.25,N,7,0,0,0.2515047382808329,Low Risk
24,98000,MORTGAGE,5.0,HOMEIMPROVEMENT,B,10000,11.71,0.1,N,3,0,0,0.04938289282604607,Low Risk
24,39000,MORTGAGE,4.0,DEBTCONSOLIDATION,A,7000,7.49,0.18,N,3,1,0,0.08197160420597993,Low Risk
22,18000,OWN,1.0,DEBTCONSOLIDATION,B,3000,9.96,0.17,N,3,1,1,0.8540461710080539,High Risk
24,30000,RENT,1.0,DEBTCONSOLIDATION,C,3000,13.98,0.1,Y,2,1,0,0.1791184365227648,Low Risk
32,52000,MORTGAGE,3.0,MEDICAL,C,10000,14.35,0.19,Y,8,0,0,0.17134624702027737,Low Risk
26,101000,MORTGAGE,6.0,PERSONAL,A,16000,7.88,0.16,N,3,0,0,0.024962008181637425,Low Risk
25,35000,OWN,9.0,VENTURE,C,4000,13.11,0.11,N,4,0,0,0.013939487168134217,Low Risk
28,92801,MORTGAGE,12.0,MEDICAL,D,20000,14.74,0.18,Y,8,1,1,0.6342786669552557,High Risk
27,150000,MORTGAGE,7.0,DEBTCONSOLIDATION,B,20000,10.99,0.13,N,9,0,0,0.07923168771382437,Low Risk
25,85000,MORTGAGE,4.0,HOMEIMPROVEMENT,A,5000,6.17,0.06,N,2,0,0,0.03555038251807253,Low Risk
25,65000,MORTGAGE,3.0,EDUCATION,C,10000,12.99,0.15,N,2,0,0,0.06974418791751373,Low Risk
21,151000,MORTGAGE,5.0,VENTURE,B,8000,11.12,0.05,N,2,0,0,0.021559899576924717,Low Risk
26,54996,RENT,3.0,HOMEIMPROVEMENT,B,5000,11.86,0.09,N,2,0,0,0.1380839905823379,Low Risk
48,41500,RENT,3.0,MEDICAL,A,5000,7.29,0.12,N,14,0,0,0.05648291042925574,Low Risk
22,32500,MORTGAGE,5.0,DEBTCONSOLIDATION,B,14500,11.99,0.45,N,4,0,0,0.2613962672425907,Low Risk
22,59600,MORTGAGE,6.0,PERSONAL,A,6000,5.42,0.1,N,3,0,0,0.07915414706209244,Low Risk
23,40000,MORTGAGE,7.0,VENTURE,A,5000,6.62,0.13,N,4,0,0,0.016433337321125962,Low Risk
41,55000,RENT,9.0,DEBTCONSOLIDATION,B,12000,12.53,0.22,N,15,0,0,0.10681505416198901,Low Risk
25,125000,MORTGAGE,1.0,EDUCATION,B,20000,11.71,0.16,N,4,0,0,0.05141222113850604,Low Risk
24,130000,MORTGAGE,3.0,PERSONAL,B,25000,11.83,0.19,N,3,0,0,0.05292271851911679,Low Risk
24,115000,MORTGAGE,7.0,HOMEIMPROVEMENT,A,1500,6.76,0.01,N,4,0,0,0.03257793740737784,Low Risk
28,95000,MORTGAGE,0.0,HOMEIMPROVEMENT,A,5000,7.51,0.05,N,5,0,0,0.030272827187874305,Low Risk
28,43150,RENT,3.0,VENTURE,B,6000,9.99,0.14,N,9,0,0,0.03239002741587996,Low Risk
42,32000,MORTGAGE,0.0,PERSONAL,B,10000,10.59,0.31,N,12,1,0,0.21831000385403787,Low Risk
22,39000,MORTGAGE,1.0,VENTURE,F,5000,18.21,0.13,Y,4,1,1,0.5982417102903121,Medium Risk
22,105000,MORTGAGE,6.0,MEDICAL,B,12800,11.83,0.12,N,2,0,0,0.05783236971124462,Low Risk
32,80000,RENT,3.0,VENTURE,B,6000,12.69,0.07,N,7,0,0,0.023360296612822757,Low Risk
53,34000,MORTGAGE,0.0,MEDICAL,B,10000,10.39,0.29,N,30,1,0,0.22577857932088774,Low Risk
37,60000,MORTGAGE,4.0,EDUCATION,C,12000,12.73,0.2,Y,17,0,0,0.05807332545879402,Low Risk
31,48000,MORTGAGE,0.0,MEDICAL,A,7800,7.51,0.16,N,10,0,0,0.05073197080354485,Low Risk
23,57000,MORTGAGE,7.0,PERSONAL,A,9250,5.99,0.16,N,4,0,0,0.04413873328385993,Low Risk
25,100000,RENT,2.0,HOMEIMPROVEMENT,D,21000,16.49,0.21,Y,3,1,1,0.6243979321668514,High Risk
22,98000,MORTGAGE,5.0,EDUCATION,D,25000,14.46,0.26,N,3,0,0,0.22111103383682332,Low Risk
21,31200,RENT,0.0,EDUCATION,C,13000,13.11,0.42,Y,2,1,1,0.9703752101880392,High Risk
39,40000,RENT,5.0,PERSONAL,D,6000,14.54,0.15,N,16,0,0,0.4813939525444966,Medium Risk
36,38400,OWN,5.0,PERSONAL,A,10000,6.17,0.26,N,13,0,0,0.015498892311366804,Low Risk
33,66000,RENT,17.0,EDUCATION,A,5000,7.29,0.08,N,8,0,0,0.03634817831783918,Low Risk
30,36000,RENT,3.0,DEBTCONSOLIDATION,C,24250,12.61,0.67,Y,7,1,1,0.9792202578781684,High Risk
32,106000,MORTGAGE,12.0,HOMEIMPROVEMENT,A,12000,5.79,0.11,N,8,0,0,0.027769885719621343,Low Risk
23,90000,MORTGAGE,7.0,VENTURE,A,21000,7.49,0.23,N,4,0,0,0.010459138007641137,Low Risk
26,39000,RENT,2.0,DEBTCONSOLIDATION,A,8000,6.62,0.21,N,2,0,0,0.08529605085032727,Low Risk
23,20400,RENT,3.0,PERSONAL,C,3125,12.61,0.15,N,3,0,0,0.12944252750949356,Low Risk
31,65000,MORTGAGE,4.0,DEBTCONSOLIDATION,B,20000,11.71,0.31,N,9,0,0,0.17139221172274335,Low Risk
34,19600,RENT,3.0,PERSONAL,B,4500,10.59,0.23,N,9,1,1,0.8961598650886906,High Risk
30,30000,MORTGAGE,5.0,PERSONAL,C,1100,14.65,0.04,N,10,1,0,0.21412380302874678,Low Risk
21,62316,MORTGAGE,5.0,MEDICAL,A,10000,7.66,0.16,N,4,0,0,0.043206498314759624,Low Risk
25,48000,MORTGAGE,0.0,MEDICAL,C,23500,13.49,0.49,Y,4,0,0,0.28423797891880903,Low Risk
26,102000,RENT,5.0,MEDICAL,A,10000,8.59,0.1,N,2,0,0,0.03368905887891832,Low Risk
21,36000,OWN,5.0,EDUCATION,C,8800,13.85,0.24,N,2,0,0,0.014399734325753909,Low Risk
21,29760,RENT,1.0,DEBTCONSOLIDATION,B,8500,10.62,0.29,N,2,0,0,0.18959608432024616,Low Risk
24,83000,RENT,5.0,PERSONAL,D,25000,12.92,0.3,Y,3,0,0,0.2564480236401369,Low Risk
26,51600,OWN,10.0,EDUCATION,B,15000,9.88,0.29,N,4,0,0,0.01678178299816242,Low Risk
29,75000,RENT,6.0,HOMEIMPROVEMENT,B,6500,10.74,0.09,N,9,0,0,0.07834120645287461,Low Risk
24,87000,RENT,8.0,HOMEIMPROVEMENT,D,25000,14.84,0.29,N,3,0,0,0.48444107173217316,Medium Risk
23,83000,RENT,7.0,DEBTCONSOLIDATION,B,9000,10.59,0.11,N,4,0,0,0.06275491044778314,Low Risk
22,12000,OWN,6.0,DEBTCONSOLIDATION,A,4750,7.14,0.4,N,2,1,1,0.9465663972132741,High Risk
21,28000,OWN,3.0,VENTURE,A,4000,7.88,0.14,N,3,0,0,0.007706870273372727,Low Risk
36,56400,OWN,0.0,PERSONAL,C,20000,13.57,0.35,Y,12,0,0,0.04118599231706699,Low Risk
24,33000,RENT,8.0,MEDICAL,B,6400,9.99,0.19,N,2,0,0,0.16194695616438898,Low Risk
27,100000,MORTGAGE,2.0,MEDICAL,C,10000,12.09,0.1,Y,9,0,0,0.07140134308247709,Low Risk
27,17000,RENT,6.0,PERSONAL,B,2875,11.71,0.17,N,10,1,1,0.8839890999254699,High Risk
22,39000,OWN,6.0,MEDICAL,A,1000,10.99,0.03,N,2,0,0,0.026292154760100675,Low Risk
21,53000,MORTGAGE,5.0,VENTURE,C,18000,13.8,0.34,Y,3,0,0,0.20367104980182138,Low Risk
23,50004,MORTGAGE,7.0,PERSONAL,B,16000,11.83,0.32,N,2,0,0,0.14791009036022154,Low Risk
23,48500,RENT,5.0,DEBTCONSOLIDATION,A,3850,8.49,0.08,N,4,0,0,0.05419634587998627,Low Risk
27,60000,RENT,6.0,PERSONAL,A,6000,8.94,0.1,N,9,0,0,0.03336282529766008,Low Risk
44,171996,MORTGAGE,19.0,VENTURE,B,25000,9.62,0.15,N,11,0,0,0.019082191644106367,Low Risk
24,34000,RENT,0.0,VENTURE,D,8000,16.49,0.24,Y,3,1,1,0.801967164492936,High Risk
59,40000,MORTGAGE,5.0,PERSONAL,A,3600,7.49,0.09,N,24,0,0,0.04188592705108227,Low Risk
41,85000,RENT,5.0,PERSONAL,C,3000,13.49,0.04,N,17,0,0,0.05665729809483716,Low Risk
25,55000,MORTGAGE,2.0,EDUCATION,E,14000,15.68,0.25,Y,4,0,0,0.48076087381991034,Medium Risk
23,100000,MORTGAGE,7.0,PERSONAL,B,11200,11.49,0.11,N,2,0,0,0.04439288471336169,Low Risk
26,38000,RENT,6.0,PERSONAL,A,10000,7.66,0.26,N,3,0,0,0.07484331235948759,Low Risk
26,96050,MORTGAGE,3.0,MEDICAL,D,24000,15.28,0.21,Y,2,1,1,0.7167103552601303,High Risk
25,90000,MORTGAGE,9.0,MEDICAL,A,6000,6.99,0.07,N,3,0,0,0.027640501665586036,Low Risk
23,70000,MORTGAGE,7.0,EDUCATION,B,4000,10.99,0.06,N,4,0,0,0.06355254335919189,Low Risk
29,74004,MORTGAGE,13.0,PERSONAL,B,13000,11.26,0.18,N,6,0,0,0.0680803060972139,Low Risk
29,52000,RENT,13.0,PERSONAL,D,7000,16.77,0.13,N,5,0,1,0.529081276465485,Medium Risk
28,32000,MORTGAGE,4.0,EDUCATION,B,12000,12.69,0.38,N,10,1,0,0.2184787746982887,Low Risk
31,64500,MORTGAGE,5.0,EDUCATION,A,7000,7.88,0.11,N,5,0,0,0.036849784582995454,Low Risk
23,36000,MORTGAGE,4.0,EDUCATION,A,10000,7.14,0.28,N,3,0,0,0.05453679508922514,Low Risk
32,45400,RENT,4.0,PERSONAL,B,15000,12.18,0.33,N,6,1,1,0.9695348123036405,High Risk
29,76000,RENT,2.0,HOMEIMPROVEMENT,B,8000,11.36,0.11,N,5,0,0,0.09381341459272902,Low Risk
25,50000,RENT,0.0,PERSONAL,A,5000,10.99,0.1,N,2,0,0,0.06208466210444271,Low Risk
22,49000,RENT,1.0,EDUCATION,D,5000,15.62,0.1,Y,4,1,1,0.6586956556891762,High Risk
24,10668,RENT,0.0,HOMEIMPROVEMENT,A,5000,7.88,0.47,N,3,1,1,0.999315870594369,High Risk
26,70000,MORTGAGE,4.0,PERSONAL,A,5000,10.99,0.07,N,4,0,0,0.04507765608745581,Low Risk
28,111000,MORTGAGE,12.0,DEBTCONSOLIDATION,F,25000,19.79,0.23,N,5,1,1,0.6791730107142675,High Risk
43,48000,MORTGAGE,2.0,VENTURE,A,10400,5.99,0.22,N,17,0,0,0.020540355267866912,Low Risk
29,30000,RENT,1.0,DEBTCONSOLIDATION,E,15000,16.4,0.5,N,10,1,1,0.9970317601526769,High Risk
31,60000,RENT,2.0,PERSONAL,C,12000,13.98,0.2,N,5,0,0,0.06931629353324519,Low Risk
25,25000,RENT,4.0,VENTURE,B,2000,9.91,0.08,N,4,0,0,0.05446488816342402,Low Risk
23,49000,MORTGAGE,6.0,DEBTCONSOLIDATION,A,9600,5.42,0.2,N,3,0,0,0.04879487553826187,Low Risk
36,24000,RENT,2.0,DEBTCONSOLIDATION,C,8000,13.61,0.33,N,14,1,1,0.9704812299686711,High Risk
39,70000,MORTGAGE,13.0,DEBTCONSOLIDATION,A,8400,7.88,0.12,N,15,0,0,0.042507040302974676,Low Risk
29,42000,RENT,6.0,PERSONAL,C,18000,14.65,0.43,N,7,1,1,0.9730613216023958,High Risk
23,38400,OWN,5.0,EDUCATION,B,7675,10.0,0.2,N,4,0,0,0.014404930660701544,Low Risk
36,75000,MORTGAGE,9.0,EDUCATION,B,15000,12.18,0.2,N,16,0,0,0.06718064127853099,Low Risk
41,54000,MORTGAGE,6.0,VENTURE,C,5000,13.23,0.09,N,12,1,0,0.07828389305602461,Low Risk
22,32376,RENT,1.0,EDUCATION,C,10000,13.61,0.31,Y,4,1,1,0.9703752101880392,High Risk
36,70000,MORTGAGE,11.0,PERSONAL,C,25000,12.84,0.36,Y,16,0,0,0.1455653807643778,Low Risk
30,120000,MORTGAGE,15.0,EDUCATION,A,11000,6.03,0.09,N,9,0,0,0.024119919762554464,Low Risk
22,56400,RENT,2.0,HOMEIMPROVEMENT,D,25000,14.96,0.44,Y,3,1,1,0.9966970594221798,High Risk
29,55000,MORTGAGE,5.0,DEBTCONSOLIDATION,A,12000,7.49,0.22,N,8,0,0,0.04879487553826187,Low Risk
35,52000,RENT,2.0,MEDICAL,B,3000,11.48,0.06,N,7,0,0,0.11186546246364225,Low Risk
29,150000,MORTGAGE,0.0,HOMEIMPROVEMENT,C,10700,14.22,0.07,N,9,0,0,0.07573472401693249,Low Risk
21,90000,OWN,6.0,MEDICAL,A,12000,6.03,0.13,N,3,0,0,0.009201563973502153,Low Risk
27,119000,MORTGAGE,7.0,DEBTCONSOLIDATION,D,30000,18.25,0.25,N,7,1,1,0.7805037266858641,High Risk
22,60000,MORTGAGE,4.0,EDUCATION,A,5000,6.54,0.08,N,4,0,0,0.027526881166231674,Low Risk
27,34000,RENT,10.0,MEDICAL,D,4000,17.19,0.12,Y,9,1,1,0.7853323318336235,High Risk
28,50000,MORTGAGE,4.0,EDUCATION,A,15000,6.99,0.3,N,10,0,0,0.050946034595689554,Low Risk
34,48000,RENT,0.0,EDUCATION,A,4000,8.0,0.08,N,9,0,0,0.049615992790379086,Low Risk
36,20112,MORTGAGE,4.0,MEDICAL,A,3900,5.99,0.19,N,12,0,0,0.09016919126449435,Low Risk
40,114000,MORTGAGE,11.0,MEDICAL,A,6000,5.42,0.05,N,17,0,0,0.028914441855558245,Low Risk
25,110000,MORTGAGE,4.0,VENTURE,B,7000,9.88,0.06,N,2,0,0,0.0159149592316194,Low Risk
22,72000,MORTGAGE,6.0,PERSONAL,A,10800,6.91,0.15,N,3,0,0,0.03493478828889461,Low Risk
27,62000,MORTGAGE,1.0,HOMEIMPROVEMENT,B,3275,9.33,0.05,N,8,0,0,0.09250175564946188,Low Risk
26,59000,MORTGAGE,9.0,PERSONAL,A,6000,7.51,0.1,N,4,0,0,0.07972298930119967,Low Risk
29,79200,MORTGAGE,4.0,DEBTCONSOLIDATION,A,8000,5.42,0.1,N,5,0,0,0.05381721197541472,Low Risk
23,38160,MORTGAGE,5.0,MEDICAL,B,12000,10.38,0.31,N,4,0,0,0.15747364481820855,Low Risk
27,47000,MORTGAGE,2.0,DEBTCONSOLIDATION,D,25000,14.96,0.53,Y,9,1,1,0.7342774450638972,High Risk
28,40000,RENT,6.0,EDUCATION,C,10500,14.27,0.26,N,6,0,0,0.14203623927904477,Low Risk
24,21648,RENT,8.0,EDUCATION,A,5000,6.99,0.23,N,3,0,0,0.09954126251481124,Low Risk
40,48000,MORTGAGE,2.0,HOMEIMPROVEMENT,D,8000,15.95,0.17,N,11,0,1,0.7107664780337837,High Risk
25,72000,MORTGAGE,4.0,HOMEIMPROVEMENT,A,2000,7.66,0.03,N,4,0,0,0.05566386414593156,Low Risk
30,15000,RENT,6.0,EDUCATION,B,2700,12.69,0.18,N,5,1,1,0.8780228235711681,High Risk
23,36000,RENT,0.0,EDUCATION,A,10000,8.59,0.28,N,2,0,0,0.07415672017339837,Low Risk
28,206000,RENT,2.0,HOMEIMPROVEMENT,C,24000,10.99,0.12,N,10,0,0,0.07889749276975393,Low Risk
28,126000,MORTGAGE,12.0,VENTURE,B,2000,9.99,0.02,N,10,0,0,0.016014169054285928,Low Risk
22,60000,RENT,2.0,MEDICAL,B,5125,11.86,0.09,N,3,0,0,0.07466921611427904,Low Risk
22,175000,RENT,6.0,VENTURE,C,3500,11.91,0.02,Y,2,0,0,0.04759331447022281,Low Risk
22,60000,MORTGAGE,6.0,EDUCATION,B,3950,10.65,0.07,N,2,0,0,0.043869522178948586,Low Risk
34,130000,MORTGAGE,5.0,DEBTCONSOLIDATION,B,20000,10.65,0.15,N,10,0,0,0.0626637201112843,Low Risk
28,57000,RENT,2.0,HOMEIMPROVEMENT,C,6000,13.49,0.11,Y,8,0,0,0.15587977101969008,Low Risk
24,59000,RENT,7.0,HOMEIMPROVEMENT,D,15250,14.96,0.26,N,4,0,1,0.7097732213893427,High Risk
24,23000,RENT,0.0,HOMEIMPROVEMENT,C,8000,13.49,0.35,N,4,1,1,0.9948676871452302,High Risk
35,115000,RENT,1.0,VENTURE,B,28000,9.91,0.24,N,6,0,0,0.03408285309757959,Low Risk
23,150000,MORTGAGE,7.0,MEDICAL,A,8000,6.91,0.05,N,2,0,0,0.029478619302620586,Low Risk
40,35416,RENT,15.0,MEDICAL,A,2000,6.91,0.06,N,14,0,0,0.06269763591951347,Low Risk
27,45000,MORTGAGE,12.0,DEBTCONSOLIDATION,B,5000,9.25,0.11,N,10,0,0,0.08410045384982948,Low Risk
27,49000,RENT,11.0,VENTURE,B,4000,10.59,0.08,N,5,0,0,0.032588537623022426,Low Risk
22,57000,MORTGAGE,4.0,EDUCATION,A,12875,7.9,0.23,N,2,0,0,0.044046883662135446,Low Risk
23,60000,RENT,4.0,VENTURE,B,15000,11.83,0.25,N,3,0,0,0.032299870300860435,Low Risk
24,72000,RENT,4.0,EDUCATION,B,15000,10.99,0.21,N,2,0,0,0.07129639384813677,Low Risk
24,64000,RENT,8.0,DEBTCONSOLIDATION,D,30000,14.54,0.47,Y,3,1,1,0.9926558945444153,High Risk
39,52000,RENT,1.0,DEBTCONSOLIDATION,B,14000,11.71,0.27,N,12,0,0,0.12594104860694091,Low Risk
34,37000,MORTGAGE,7.0,DEBTCONSOLIDATION,B,4400,10.99,0.12,N,5,0,0,0.11058361665591694,Low Risk
23,80000,RENT,6.0,PERSONAL,A,5000,5.42,0.06,N,2,0,0,0.026579600952209827,Low Risk
30,51600,RENT,5.0,DEBTCONSOLIDATION,A,9000,6.54,0.17,N,6,0,0,0.05084833062833039,Low Risk
22,51996,OWN,7.0,VENTURE,B,6000,10.75,0.12,N,2,0,0,0.006073878367303693,Low Risk
22,110000,RENT,6.0,DEBTCONSOLIDATION,C,20000,13.72,0.18,N,3,0,0,0.10103130075231607,Low Risk
35,92000,MORTGAGE,11.0,VENTURE,A,12000,6.99,0.13,N,8,0,0,0.009243327799937449,Low Risk
24,44000,MORTGAGE,7.0,PERSONAL,B,10000,9.99,0.23,N,3,0,0,0.07085369098709327,Low Risk
26,114000,MORTGAGE,4.0,HOMEIMPROVEMENT,B,6000,10.0,0.05,N,2,1,0,0.04454410352014836,Low Risk
23,25000,RENT,3.0,VENTURE,B,10000,11.83,0.4,N,3,1,1,0.9519814252833922,High Risk
58,100000,MORTGAGE,6.0,PERSONAL,A,6000,5.42,0.06,N,19,0,0,0.024296999560305153,Low Risk
29,30000,RENT,4.0,VENTURE,C,7200,15.27,0.24,Y,8,0,0,0.24944855072291974,Low Risk
27,80000,RENT,3.0,DEBTCONSOLIDATION,B,4000,12.69,0.05,N,8,0,0,0.06988554768823799,Low Risk
25,79404,OTHER,0.0,VENTURE,D,20000,15.05,0.25,N,3,0,0,0.467423655567237,Medium Risk
25,112000,MORTGAGE,0.0,HOMEIMPROVEMENT,A,16000,6.99,0.14,N,4,0,0,0.028312381746404918,Low Risk
28,52260,MORTGAGE,4.0,EDUCATION,A,9000,7.51,0.17,N,7,0,0,0.04331820606141413,Low Risk
31,56000,MORTGAGE,3.0,MEDICAL,A,12000,6.54,0.21,N,5,0,0,0.050088856122831864,Low Risk
24,35000,MORTGAGE,3.0,MEDICAL,C,15000,14.27,0.43,N,2,0,0,0.28269369089557356,Low Risk
22,40000,RENT,1.0,DEBTCONSOLIDATION,B,7000,11.11,0.17,N,3,0,0,0.09274897543011355,Low Risk
26,67000,RENT,4.0,MEDICAL,C,2400,12.99,0.04,Y,2,0,0,0.09745016924369443,Low Risk
30,107000,MORTGAGE,0.0,DEBTCONSOLIDATION,C,2500,10.78,0.02,Y,6,0,0,0.08288258059373892,Low Risk
24,47000,MORTGAGE,0.0,PERSONAL,C,12000,13.49,0.26,Y,3,0,0,0.10557154562474774,Low Risk
32,115000,MORTGAGE,3.0,EDUCATION,E,20000,16.95,0.17,Y,7,0,0,0.2676609918897272,Low Risk
36,126252,RENT,18.0,MEDICAL,A,8000,7.14,0.06,N,11,0,0,0.03105343486299041,Low Risk
23,120000,MORTGAGE,3.0,MEDICAL,B,30000,11.49,0.25,N,4,0,0,0.07668375256557268,Low Risk
26,54000,RENT,7.0,DEBTCONSOLIDATION,D,25000,14.83,0.46,Y,2,1,1,0.9931423998463731,High Risk
26,46000,RENT,2.0,DEBTCONSOLIDATION,D,25000,11.86,0.54,N,4,1,1,0.9955870425807504,High Risk
28,66725,RENT,3.0,MEDICAL,D,9000,16.29,0.11,Y,9,1,1,0.6842839992623515,High Risk
29,450000,MORTGAGE,4.0,EDUCATION,D,25000,15.37,0.06,N,7,0,0,0.2393587393411746,Low Risk
24,26400,RENT,4.0,EDUCATION,A,8875,6.62,0.34,N,3,1,1,0.9567249398893699,High Risk
52,59004,RENT,4.0,DEBTCONSOLIDATION,D,20000,15.58,0.34,N,22,1,1,0.9963040324957432,High Risk
45,60000,RENT,4.0,DEBTCONSOLIDATION,B,25000,9.99,0.42,N,16,1,1,0.9713155755696986,High Risk
26,102456,MORTGAGE,10.0,VENTURE,D,25000,10.99,0.24,Y,2,0,0,0.08828506008285278,Low Risk
24,60000,RENT,0.0,PERSONAL,B,20000,10.99,0.33,N,2,1,1,0.9610049583172221,High Risk
32,34000,MORTGAGE,5.0,PERSONAL,A,4000,7.49,0.12,N,6,0,0,0.11766239678009599,Low Risk
28,85000,MORTGAGE,0.0,EDUCATION,E,24000,19.03,0.28,N,7,0,1,0.5495330303257896,Medium Risk
34,72000,MORTGAGE,10.0,HOMEIMPROVEMENT,A,4000,7.14,0.06,N,9,0,0,0.05009797079063794,Low Risk
26,84000,MORTGAGE,5.0,EDUCATION,C,21000,13.49,0.25,Y,2,0,0,0.06740337700245264,Low Risk
35,90000,RENT,0.0,MEDICAL,A,7000,8.59,0.08,N,10,0,0,0.03159694976983095,Low Risk
36,45600,MORTGAGE,8.0,MEDICAL,A,18000,6.91,0.39,N,11,0,0,0.1254521082013109,Low Risk
30,75000,RENT,2.0,MEDICAL,C,6000,12.68,0.08,N,8,0,0,0.09326670361957742,Low Risk
43,43000,MORTGAGE,5.0,PERSONAL,B,15000,8.88,0.35,N,15,0,0,0.1334170993937945,Low Risk
25,25716,RENT,1.0,MEDICAL,A,9250,6.54,0.36,N,2,1,1,0.957178854197547,High Risk
21,44500,OWN,6.0,EDUCATION,D,5000,13.87,0.11,Y,3,0,0,0.019919641224636325,Low Risk
25,24000,OWN,0.0,MEDICAL,A,7000,9.63,0.29,N,3,0,0,0.02310467550201908,Low Risk
30,60000,RENT,14.0,MEDICAL,C,18500,12.99,0.31,N,5,1,1,0.9674580903327954,High Risk
24,120000,MORTGAGE,8.0,HOMEIMPROVEMENT,C,9500,11.66,0.08,Y,2,0,0,0.05460561573401756,Low Risk
22,22000,MORTGAGE,6.0,EDUCATION,B,7000,11.71,0.32,N,2,0,0,0.20446065421323179,Low Risk
33,90000,MORTGAGE,4.0,DEBTCONSOLIDATION,C,12000,12.98,0.13,N,6,0,0,0.07173901042863777,Low Risk
26,69000,MORTGAGE,8.0,PERSONAL,A,15000,7.49,0.22,N,3,0,0,0.037234069771091824,Low Risk
30,66000,MORTGAGE,15.0,VENTURE,B,15000,11.14,0.23,N,8,0,0,0.03569871576203708,Low Risk
27,74400,MORTGAGE,11.0,DEBTCONSOLIDATION,D,10000,16.0,0.13,Y,6,1,1,0.807469033791839,High Risk
23,23500,RENT,4.0,EDUCATION,C,3000,13.23,0.13,Y,2,0,0,0.1287870433586067,Low Risk
38,37500,RENT,0.0,VENTURE,A,1375,6.91,0.04,N,11,0,0,0.031698266857722666,Low Risk
31,64000,MORTGAGE,15.0,EDUCATION,B,24000,10.25,0.38,N,5,0,0,0.12195333927344315,Low Risk
24,70000,MORTGAGE,6.0,HOMEIMPROVEMENT,C,25000,10.99,0.36,N,3,0,0,0.15738981737675845,Low Risk
23,27996,RENT,7.0,DEBTCONSOLIDATION,A,10000,10.99,0.36,N,2,1,1,0.9645025392445115,High Risk
24,61147,MORTGAGE,5.0,MEDICAL,A,17000,6.03,0.28,N,4,0,0,0.05227595333549679,Low Risk
27,145000,RENT,11.0,MEDICAL,B,5000,12.69,0.03,N,7,0,0,0.059197114619582984,Low Risk
22,32000,RENT,3.0,DEBTCONSOLIDATION,D,4800,16.49,0.15,Y,2,1,1,0.8738232977571508,High Risk
23,76042,RENT,6.0,HOMEIMPROVEMENT,D,20000,15.05,0.26,Y,4,1,1,0.7123718789996345,High Risk
24,50740,RENT,0.0,MEDICAL,A,6000,9.63,0.12,N,3,0,0,0.05612952697917269,Low Risk
29,60000,MORTGAGE,13.0,DEBTCONSOLIDATION,G,25000,20.16,0.42,Y,9,1,1,0.9300154137810192,High Risk
28,53000,OWN,3.0,EDUCATION,A,7475,7.9,0.14,N,8,0,0,0.012041794752688451,Low Risk
49,86400,RENT,7.0,PERSONAL,A,16875,7.51,0.2,N,14,0,0,0.03310234909245551,Low Risk
28,54263,RENT,0.0,HOMEIMPROVEMENT,C,3500,11.66,0.06,N,5,0,0,0.15458257653188465,Low Risk
25,84000,RENT,4.0,EDUCATION,B,6500,11.89,0.08,N,4,0,0,0.049336262070378875,Low Risk
38,20004,OWN,2.0,PERSONAL,B,6250,10.99,0.31,N,12,0,0,0.038720792151795344,Low Risk
39,90000,MORTGAGE,0.0,MEDICAL,B,18000,10.99,0.2,N,11,0,0,0.058757953449417664,Low Risk
32,74000,MORTGAGE,5.0,VENTURE,B,15000,11.11,0.2,N,9,0,0,0.03569871576203708,Low Risk
25,64000,RENT,9.0,MEDICAL,B,14400,9.62,0.23,N,2,0,0,0.07718349871505199,Low Risk
42,32004,RENT,1.0,DEBTCONSOLIDATION,A,2500,7.49,0.08,N,17,1,0,0.10284605174448704,Low Risk
28,37290,MORTGAGE,7.0,PERSONAL,A,5500,5.42,0.15,N,5,0,0,0.051456626120962884,Low Risk
28,86004,MORTGAGE,12.0,VENTURE,B,3000,9.99,0.03,N,5,0,0,0.018148371812160235,Low Risk
29,280000,MORTGAGE,6.0,MEDICAL,C,15000,12.99,0.05,Y,6,0,0,0.06768770309124587,Low Risk
22,46000,RENT,6.0,EDUCATION,A,14000,8.49,0.3,N,4,0,0,0.06382777096105523,Low Risk
35,165996,RENT,1.0,DEBTCONSOLIDATION,A,6000,5.42,0.04,N,10,0,0,0.03436106617590926,Low Risk
32,92000,MORTGAGE,1.0,EDUCATION,B,5000,10.99,0.05,N,8,0,0,0.04485848256356178,Low Risk
26,96000,MORTGAGE,4.0,HOMEIMPROVEMENT,E,20000,16.7,0.21,N,4,0,0,0.2749074069931815,Low Risk
22,25000,RENT,4.0,VENTURE,B,8000,10.74,0.32,N,4,1,1,0.9391503077675075,High Risk
25,59000,OWN,6.0,HOMEIMPROVEMENT,A,5000,6.17,0.08,N,2,0,0,0.02875348132155175,Low Risk
27,24000,MORTGAGE,1.0,VENTURE,C,11000,10.99,0.46,Y,6,0,0,0.24543363094081352,Low Risk
23,56000,RENT,7.0,EDUCATION,C,9000,13.35,0.16,N,3,0,0,0.08868169185150374,Low Risk
29,18000,RENT,2.0,VENTURE,B,3000,12.69,0.17,N,5,1,1,0.8533599855423379,High Risk
23,140000,MORTGAGE,7.0,PERSONAL,C,6000,13.49,0.04,Y,3,0,0,0.049687532528028225,Low Risk
26,74000,MORTGAGE,0.0,DEBTCONSOLIDATION,E,16800,16.4,0.23,Y,4,1,1,0.873295493606574,High Risk
28,81000,MORTGAGE,0.0,VENTURE,C,5000,12.53,0.06,N,9,0,0,0.050860435639167326,Low Risk
22,63211,RENT,7.0,DEBTCONSOLIDATION,B,6500,11.86,0.1,N,2,0,0,0.10145723766097021,Low Risk
24,15120,RENT,4.0,MEDICAL,A,1600,7.51,0.11,N,3,0,0,0.2040769194738285,Low Risk
22,60000,MORTGAGE,6.0,MEDICAL,A,17500,7.88,0.29,N,4,0,0,0.040664431144395316,Low Risk
24,115000,RENT,8.0,EDUCATION,A,12000,6.54,0.1,N,3,0,0,0.026582216590031883,Low Risk
25,15996,RENT,1.0,EDUCATION,C,2000,13.48,0.13,Y,4,0,0,0.3786637223215736,Medium Risk
23,52700,MORTGAGE,7.0,MEDICAL,D,8000,16.29,0.13,Y,2,1,1,0.7527979801510596,High Risk
32,78000,RENT,1.0,MEDICAL,B,4000,9.88,0.05,N,6,0,0,0.09285762788736948,Low Risk
29,64500,RENT,5.0,MEDICAL,A,10000,8.94,0.16,N,7,0,0,0.047843746406210114,Low Risk
29,44000,RENT,2.0,VENTURE,D,5400,16.0,0.12,Y,9,1,1,0.6360727162634794,High Risk
29,9600,RENT,1.0,DEBTCONSOLIDATION,B,2600,12.69,0.27,N,7,1,1,0.9150307000097707,High Risk
31,43000,RENT,15.0,MEDICAL,B,13350,12.42,0.31,N,9,1,1,0.973068218261369,High Risk
26,75000,MORTGAGE,7.0,VENTURE,A,10000,7.49,0.13,N,2,0,0,0.013074298230147358,Low Risk
23,75000,RENT,1.0,PERSONAL,A,6000,6.03,0.08,N,4,0,0,0.03696683248724173,Low Risk
25,54000,RENT,7.0,HOMEIMPROVEMENT,C,10700,10.99,0.2,Y,2,1,0,0.13935809051998738,Low Risk
23,36000,RENT,5.0,VENTURE,B,7000,10.65,0.19,N,2,0,0,0.03487745109243787,Low Risk
29,65000,MORTGAGE,11.0,HOMEIMPROVEMENT,A,7000,10.99,0.11,N,10,0,0,0.05789951919858257,Low Risk
32,40500,RENT,0.0,VENTURE,C,6000,14.26,0.15,Y,5,0,0,0.17785557522751255,Low Risk
24,30500,RENT,2.0,PERSONAL,F,6800,21.74,0.22,Y,4,1,1,0.8110064268467031,High Risk
23,80000,MORTGAGE,7.0,VENTURE,B,22000,10.65,0.28,N,2,0,0,0.023002711044418825,Low Risk
24,42000,RENT,8.0,MEDICAL,A,5000,5.42,0.12,N,2,0,0,0.05755312225915164,Low Risk
21,27568,OTHER,0.0,MEDICAL,D,3500,14.42,0.13,N,4,1,1,0.8014698690047084,High Risk
28,114000,MORTGAGE,4.0,DEBTCONSOLIDATION,A,12000,10.99,0.11,N,5,0,0,0.044068050566045194,Low Risk
22,48000,MORTGAGE,1.0,PERSONAL,B,4000,9.63,0.08,N,2,0,0,0.07551354306819882,Low Risk
73,75000,RENT,0.0,MEDICAL,A,7800,10.99,0.1,N,24,0,0,0.05267063729071312,Low Risk
23,30000,RENT,3.0,DEBTCONSOLIDATION,B,6000,11.71,0.2,N,4,0,0,0.1771259297499851,Low Risk
25,31000,RENT,1.0,HOMEIMPROVEMENT,D,6450,14.42,0.21,Y,3,1,1,0.9581874910859772,High Risk
23,33000,RENT,0.0,PERSONAL,B,7800,10.95,0.24,N,2,1,0,0.1729527361487827,Low Risk
29,57000,MORTGAGE,4.0,MEDICAL,A,2500,6.76,0.04,N,7,0,0,0.054541337689449285,Low Risk
30,50000,MORTGAGE,6.0,DEBTCONSOLIDATION,C,4000,14.27,0.08,N,9,0,0,0.1681723326599989,Low Risk
26,34000,MORTGAGE,8.0,PERSONAL,A,6000,6.92,0.18,N,4,0,0,0.13872168230522378,Low Risk
24,30000,RENT,0.0,MEDICAL,C,6000,13.49,0.2,N,2,0,0,0.20654901723576588,Low Risk
26,52000,RENT,6.0,MEDICAL,E,4800,17.99,0.09,N,4,1,1,0.8170141490272252,High Risk
27,31500,RENT,10.0,EDUCATION,C,6000,12.84,0.19,N,9,1,0,0.16792041868288365,Low Risk
24,42000,MORTGAGE,4.0,MEDICAL,A,19000,6.99,0.45,N,3,1,0,0.13736442132431542,Low Risk
23,50000,RENT,7.0,EDUCATION,B,4800,10.37,0.1,N,3,0,0,0.06939583148932743,Low Risk
27,82600,RENT,4.0,MEDICAL,B,10800,9.76,0.13,N,8,0,0,0.0563149870097501,Low Risk
29,60000,OWN,0.0,HOMEIMPROVEMENT,D,16000,16.0,0.27,Y,8,0,0,0.10481066991384405,Low Risk
23,122000,MORTGAGE,7.0,EDUCATION,C,16000,13.49,0.13,N,2,0,0,0.044514886335543145,Low Risk
27,90000,MORTGAGE,8.0,EDUCATION,A,8000,7.66,0.09,N,5,0,0,0.02278068308895834,Low Risk
27,62000,MORTGAGE,2.0,HOMEIMPROVEMENT,A,5000,5.42,0.08,N,5,0,0,0.054810819446446495,Low Risk
32,24000,RENT,3.0,DEBTCONSOLIDATION,A,10800,7.75,0.45,N,8,1,1,0.9582285896121945,High Risk
29,82000,MORTGAGE,5.0,MEDICAL,B,20000,10.99,0.24,N,7,0,0,0.08071524241477748,Low Risk
23,40000,RENT,0.0,DEBTCONSOLIDATION,B,2500,10.99,0.06,N,2,0,0,0.09328174790207576,Low Risk
51,80000,RENT,3.0,HOMEIMPROVEMENT,F,18000,18.78,0.23,Y,20,0,0,0.4653291122339808,Medium Risk
28,110000,MORTGAGE,12.0,PERSONAL,B,22400,10.99,0.2,N,6,0,0,0.05401629601471936,Low Risk
21,65000,MORTGAGE,5.0,VENTURE,A,10000,6.03,0.15,N,3,0,0,0.01338065658801569,Low Risk
25,130000,MORTGAGE,9.0,EDUCATION,B,15000,11.14,0.12,N,3,0,0,0.04203979375165666,Low Risk
24,75000,RENT,4.0,VENTURE,B,6400,10.36,0.09,N,4,0,0,0.0249920409134755,Low Risk
26,40000,RENT,3.0,DEBTCONSOLIDATION,B,5000,9.45,0.13,N,3,0,0,0.07502855354254631,Low Risk
25,62000,MORTGAGE,7.0,VENTURE,A,12000,5.42,0.19,N,2,0,0,0.014407437258105485,Low Risk
27,26400,RENT,2.0,MEDICAL,A,2000,6.54,0.08,N,10,0,0,0.09794240589320119,Low Risk
22,80000,MORTGAGE,1.0,EDUCATION,A,2000,10.99,0.03,N,4,0,0,0.028882642410806486,Low Risk
30,94104,OWN,15.0,VENTURE,C,14400,14.27,0.15,Y,7,0,0,0.012322187006476628,Low Risk
35,83004,MORTGAGE,6.0,HOMEIMPROVEMENT,A,15000,10.99,0.18,N,7,0,0,0.03976933283936343,Low Risk
26,40000,RENT,0.0,PERSONAL,D,5000,15.99,0.13,Y,2,1,1,0.6983563087019911,High Risk
29,105000,MORTGAGE,3.0,VENTURE,A,20000,6.91,0.19,N,8,0,0,0.010931682330489937,Low Risk
25,90000,RENT,5.0,PERSONAL,A,10000,7.49,0.11,N,2,0,0,0.02559463408565846,Low Risk
26,200000,MORTGAGE,4.0,MEDICAL,C,15000,14.79,0.07,N,4,0,0,0.1015888946794198,Low Risk
46,17496,RENT,6.0,HOMEIMPROVEMENT,B,1500,11.14,0.09,N,13,1,1,0.7765422774042905,High Risk
22,72204,RENT,2.0,PERSONAL,C,6700,13.47,0.09,N,3,0,0,0.08078225360794247,Low Risk
35,55000,MORTGAGE,3.0,DEBTCONSOLIDATION,A,3200,5.79,0.06,N,10,0,0,0.049827008919844824,Low Risk
44,99000,MORTGAGE,5.0,EDUCATION,C,10000,12.68,0.1,N,11,0,0,0.04497960486059775,Low Risk
27,58650,MORTGAGE,11.0,MEDICAL,A,4000,5.42,0.06,N,6,1,0,0.12628732792194228,Low Risk
23,90000,RENT,0.0,DEBTCONSOLIDATION,B,25000,11.36,0.28,N,3,0,0,0.11624362820242183,Low Risk
22,69528,RENT,6.0,PERSONAL,C,6000,12.99,0.09,Y,3,0,0,0.0776380446975062,Low Risk
40,68000,MORTGAGE,1.0,PERSONAL,A,9200,8.94,0.14,N,11,0,0,0.036966129826804126,Low Risk
32,75000,RENT,3.0,VENTURE,D,12800,14.74,0.17,Y,9,0,0,0.2574236551568138,Low Risk
28,55000,MORTGAGE,7.0,DEBTCONSOLIDATION,A,22000,10.99,0.4,N,10,0,0,0.15169340958919328,Low Risk
26,40000,MORTGAGE,10.0,HOMEIMPROVEMENT,A,5300,5.42,0.13,N,2,0,0,0.06841391389886974,Low Risk
39,55059,RENT,16.0,HOMEIMPROVEMENT,B,24000,12.53,0.44,N,11,1,1,0.9779615008388578,High Risk
26,70000,RENT,2.0,DEBTCONSOLIDATION,B,10000,9.45,0.14,N,3,0,0,0.07412733600131095,Low Risk
25,138000,MORTGAGE,9.0,PERSONAL,A,8000,6.99,0.06,N,4,0,0,0.024773380079777342,Low Risk
35,124596,MORTGAGE,1.0,EDUCATION,B,20000,11.49,0.16,N,5,0,0,0.05141222113850604,Low Risk
25,29000,RENT,3.0,DEBTCONSOLIDATION,D,5000,15.7,0.17,Y,3,1,1,0.9006354647944518,High Risk
25,108000,MORTGAGE,8.0,VENTURE,A,15000,6.62,0.14,N,2,0,0,0.009427409434547887,Low Risk
23,47000,RENT,7.0,PERSONAL,E,2400,13.75,0.05,Y,4,0,0,0.18720995938571378,Low Risk
24,36000,RENT,0.0,DEBTCONSOLIDATION,A,4000,7.4,0.11,N,4,0,0,0.05800290395719545,Low Risk
23,37344,MORTGAGE,0.0,EDUCATION,C,3200,12.68,0.09,Y,2,0,0,0.10163978469603284,Low Risk
25,13000,RENT,2.0,PERSONAL,D,4000,15.65,0.31,Y,3,1,1,0.9962123938321886,High Risk
28,44000,RENT,7.0,DEBTCONSOLIDATION,A,5000,5.42,0.11,N,7,0,0,0.08246111824409597,Low Risk
25,155796,MORTGAGE,4.0,PERSONAL,C,25000,13.48,0.16,N,2,0,0,0.057232762851849604,Low Risk
28,75000,RENT,0.0,HOMEIMPROVEMENT,B,20000,11.11,0.27,N,7,0,0,0.1237809165469819,Low Risk
22,30000,OWN,5.0,PERSONAL,B,3000,10.36,0.1,N,2,0,0,0.022367987274081774,Low Risk
30,60000,MORTGAGE,6.0,EDUCATION,D,15000,15.31,0.25,Y,9,0,0,0.27677161087112934,Low Risk
38,30000,RENT,0.0,PERSONAL,D,15000,14.61,0.5,Y,15,1,1,0.9863031225151628,High Risk
25,54000,RENT,7.0,HOMEIMPROVEMENT,A,7575,6.99,0.14,N,4,0,0,0.07670071177931136,Low Risk
24,40000,RENT,2.0,PERSONAL,A,8000,6.17,0.2,N,2,0,0,0.045899756283756345,Low Risk
22,48000,RENT,0.0,PERSONAL,C,3000,14.79,0.06,N,2,0,0,0.19690207409241958,Low Risk
22,39000,RENT,5.0,DEBTCONSOLIDATION,B,13000,11.83,0.33,N,4,1,1,0.9821229585140785,High Risk
25,35000,RENT,3.0,VENTURE,B,2400,12.53,0.07,N,3,0,0,0.048524044567295685,Low Risk
24,85000,RENT,0.0,EDUCATION,A,16000,6.91,0.19,N,2,0,0,0.03152997165676929,Low Risk
46,70000,RENT,0.0,MEDICAL,A,10000,8.59,0.14,N,14,0,0,0.04454173764369086,Low Risk
22,27000,RENT,0.0,DEBTCONSOLIDATION,D,9500,15.33,0.35,Y,3,1,1,0.9937851603106037,High Risk
23,22884,MORTGAGE,4.0,EDUCATION,E,6000,16.0,0.26,N,2,0,1,0.511178351759843,Medium Risk
24,48000,RENT,2.0,DEBTCONSOLIDATION,B,14550,9.62,0.3,N,3,0,0,0.10823534490962188,Low Risk
24,47000,OWN,1.0,PERSONAL,B,6000,11.11,0.13,N,4,0,0,0.015674922392440446,Low Risk
33,68000,MORTGAGE,9.0,EDUCATION,B,2100,12.53,0.03,N,9,0,0,0.06493887925543726,Low Risk
45,48000,MORTGAGE,8.0,HOMEIMPROVEMENT,A,8000,9.63,0.17,N,13,0,0,0.07505351827511028,Low Risk
46,92000,MORTGAGE,18.0,EDUCATION,A,12925,10.99,0.14,N,17,0,0,0.02848963657648496,Low Risk
23,115000,MORTGAGE,7.0,EDUCATION,C,10000,14.27,0.09,N,2,0,0,0.05637901087477826,Low Risk
32,90000,RENT,7.0,EDUCATION,D,25000,15.58,0.28,N,7,0,0,0.3335497785123117,Medium Risk
27,73000,MORTGAGE,11.0,DEBTCONSOLIDATION,A,13000,6.03,0.18,N,9,0,0,0.043003336217057646,Low Risk
27,40752,RENT,6.0,MEDICAL,C,5000,13.49,0.12,N,8,0,0,0.11911282261418356,Low Risk
25,44000,RENT,1.0,EDUCATION,D,15000,14.59,0.34,N,3,1,1,0.9819168041238779,High Risk
28,90000,MORTGAGE,12.0,EDUCATION,B,21000,11.36,0.23,N,8,0,0,0.04647315232658613,Low Risk
26,54000,MORTGAGE,5.0,EDUCATION,B,10000,8.88,0.19,N,4,0,0,0.06788306264316554,Low Risk
23,21996,RENT,6.0,VENTURE,C,6000,13.47,0.27,Y,3,0,0,0.17957787783012644,Low Risk
25,30500,RENT,5.0,MEDICAL,B,6400,11.49,0.21,N,4,0,0,0.1765531500350857,Low Risk
30,58000,MORTGAGE,2.0,MEDICAL,A,13200,10.99,0.23,N,10,0,0,0.0642456112429987,Low Risk
24,16800,RENT,3.0,MEDICAL,C,2400,13.98,0.14,Y,4,1,0,0.41268874534980066,Medium Risk
38,126000,MORTGAGE,3.0,EDUCATION,D,2400,10.99,0.02,Y,14,0,0,0.11123590194198683,Low Risk
50,120000,RENT,0.0,MEDICAL,B,12000,9.62,0.1,N,12,0,0,0.05502479975586238,Low Risk
22,57600,MORTGAGE,6.0,VENTURE,B,6000,10.74,0.1,N,3,0,0,0.029448310492401417,Low Risk
25,28800,RENT,2.0,MEDICAL,A,1600,6.62,0.06,N,2,0,0,0.09794240589320119,Low Risk
26,30000,RENT,11.0,MEDICAL,B,5000,10.99,0.17,N,2,0,0,0.17747314585596477,Low Risk
22,63000,MORTGAGE,6.0,PERSONAL,B,8950,10.99,0.14,N,4,0,0,0.07299398635767522,Low Risk
25,74004,RENT,2.0,VENTURE,E,20000,15.95,0.27,N,3,1,1,0.5592476080116724,Medium Risk
24,25000,RENT,0.0,HOMEIMPROVEMENT,B,8500,12.21,0.34,N,2,1,1,0.9944268064772661,High Risk
27,86399,MORTGAGE,7.0,PERSONAL,A,2250,10.99,0.03,N,6,0,0,0.03560075247793027,Low Risk
22,23000,RENT,6.0,VENTURE,C,4850,14.27,0.21,Y,4,0,0,0.20588396250388613,Low Risk
21,35000,OWN,5.0,VENTURE,C,6500,13.43,0.19,N,4,0,0,0.013852949316156318,Low Risk
22,97000,MORTGAGE,4.0,DEBTCONSOLIDATION,B,14000,11.48,0.14,N,2,1,0,0.07042139281717884,Low Risk
26,87300,MORTGAGE,0.0,VENTURE,C,6000,10.28,0.07,Y,4,0,0,0.04580916229463157,Low Risk
22,31875,RENT,3.0,EDUCATION,C,7500,13.11,0.24,N,2,0,0,0.1647228907052633,Low Risk
31,100000,MORTGAGE,10.0,MEDICAL,A,9950,5.42,0.1,N,7,0,0,0.029478619302620586,Low Risk
40,49788,RENT,1.0,DEBTCONSOLIDATION,A,1500,9.32,0.03,N,16,0,0,0.05864168318358262,Low Risk
22,65856,MORTGAGE,6.0,MEDICAL,C,16800,13.92,0.26,N,2,0,0,0.11101545286843412,Low Risk
22,62050,MORTGAGE,1.0,MEDICAL,C,2000,13.35,0.03,Y,4,1,0,0.11583057882170474,Low Risk
27,76000,MORTGAGE,2.0,DEBTCONSOLIDATION,B,10000,10.99,0.13,N,9,0,0,0.09010011279203062,Low Risk
23,65000,MORTGAGE,7.0,PERSONAL,A,5000,7.43,0.08,N,4,0,0,0.03514832815570701,Low Risk
22,72060,MORTGAGE,7.0,EDUCATION,B,5500,11.71,0.08,N,3,0,0,0.06317773629015264,Low Risk
22,42996,RENT,3.0,PERSONAL,C,4800,11.03,0.11,Y,4,0,0,0.09495861177935487,Low Risk
29,47000,RENT,7.0,MEDICAL,B,16000,11.71,0.34,N,8,1,1,0.9747479982802449,High Risk
34,28800,RENT,0.0,EDUCATION,B,7200,11.99,0.25,N,10,1,0,0.14798146531688808,Low Risk
30,51996,MORTGAGE,5.0,VENTURE,A,3200,6.99,0.06,N,10,0,0,0.017111894298164326,Low Risk
21,57200,MORTGAGE,5.0,DEBTCONSOLIDATION,A,8000,6.03,0.14,N,2,0,0,0.04879487553826187,Low Risk
22,41000,MORTGAGE,0.0,DEBTCONSOLIDATION,B,7750,9.88,0.19,N,3,0,0,0.08361528399258497,Low Risk
29,85000,MORTGAGE,14.0,VENTURE,B,7500,11.49,0.09,N,10,0,0,0.02441484178665525,Low Risk
36,43680,MORTGAGE,0.0,PERSONAL,C,15000,13.11,0.34,N,15,0,0,0.17477763657767453,Low Risk
26,60000,RENT,0.0,VENTURE,B,9000,10.59,0.15,N,3,0,0,0.02904578549842707,Low Risk
44,200000,MORTGAGE,4.0,VENTURE,A,20000,7.51,0.1,N,11,0,0,0.01080134360157533,Low Risk
25,44000,MORTGAGE,9.0,DEBTCONSOLIDATION,A,9800,7.49,0.22,N,4,1,0,0.07877806334252832,Low Risk
25,50400,MORTGAGE,5.0,HOMEIMPROVEMENT,B,12000,9.62,0.24,N,4,0,0,0.11219292152672494,Low Risk
22,35000,MORTGAGE,6.0,EDUCATION,C,7500,13.92,0.21,N,3,0,0,0.09736021106001815,Low Risk
31,33600,MORTGAGE,3.0,VENTURE,A,7000,7.14,0.21,N,9,0,0,0.043299831176904946,Low Risk
22,85000,MORTGAGE,0.0,EDUCATION,B,12000,11.99,0.14,N,3,0,0,0.04924517672450018,Low Risk
31,30000,RENT,1.0,HOMEIMPROVEMENT,B,15000,10.0,0.5,N,6,1,1,0.994610820644608,High Risk
25,154000,MORTGAGE,4.0,PERSONAL,A,12225,7.49,0.08,N,4,0,0,0.024773380079777342,Low Risk
25,64000,RENT,8.0,DEBTCONSOLIDATION,D,15000,14.42,0.23,Y,3,1,1,0.8263116192356096,High Risk
33,30784,RENT,7.0,DEBTCONSOLIDATION,C,9950,12.99,0.32,N,8,1,1,0.973010553251196,High Risk
31,80000,RENT,2.0,MEDICAL,A,6000,6.03,0.07,N,10,0,0,0.02997007116945967,Low Risk
22,46968,RENT,1.0,PERSONAL,C,8500,10.99,0.18,N,4,1,0,0.0997040470132231,Low Risk
21,65004,RENT,5.0,PERSONAL,A,6000,7.68,0.09,N,3,0,0,0.038589967246999285,Low Risk
29,75000,MORTGAGE,1.0,MEDICAL,A,12000,9.63,0.16,N,6,0,0,0.041280935305836916,Low Risk
23,100000,MORTGAGE,5.0,DEBTCONSOLIDATION,C,15000,11.34,0.15,Y,2,0,0,0.0804182326856814,Low Risk
26,126000,MORTGAGE,3.0,PERSONAL,A,11000,7.14,0.09,N,4,0,0,0.024773380079777342,Low Risk
31,90000,MORTGAGE,9.0,MEDICAL,A,14400,7.66,0.16,N,6,0,0,0.0280038882618835,Low Risk
29,15889,RENT,4.0,HOMEIMPROVEMENT,A,2500,6.62,0.16,N,9,1,1,0.9903982635556103,High Risk
22,41300,RENT,6.0,EDUCATION,B,4800,11.89,0.12,N,3,0,0,0.08268758460466923,Low Risk
22,88812,MORTGAGE,6.0,EDUCATION,D,29000,15.65,0.33,N,2,0,0,0.249895409306075,Low Risk
24,34000,OWN,8.0,VENTURE,C,10000,10.99,0.29,Y,3,0,0,0.04145583921401508,Low Risk
26,85000,MORTGAGE,10.0,HOMEIMPROVEMENT,C,4800,11.59,0.06,Y,2,0,0,0.06809437231574864,Low Risk
23,42000,MORTGAGE,3.0,DEBTCONSOLIDATION,C,1800,12.99,0.04,Y,3,1,0,0.11592139994930284,Low Risk
23,85000,MORTGAGE,3.0,EDUCATION,C,20000,10.99,0.24,Y,4,0,0,0.06522105906134482,Low Risk
25,52000,RENT,9.0,EDUCATION,D,10000,10.99,0.19,N,2,0,0,0.27598606666386205,Low Risk
22,57600,MORTGAGE,2.0,DEBTCONSOLIDATION,C,4000,10.99,0.07,Y,2,0,0,0.11705215038150416,Low Risk
30,98000,MORTGAGE,2.0,HOMEIMPROVEMENT,A,5000,7.14,0.05,N,5,0,0,0.030045303950931863,Low Risk
21,40000,RENT,5.0,EDUCATION,B,1500,12.18,0.04,N,4,0,0,0.07364144420152682,Low Risk
30,175000,MORTGAGE,15.0,VENTURE,D,25000,10.99,0.14,Y,10,0,0,0.08656118407818623,Low Risk
34,31075,MORTGAGE,3.0,EDUCATION,A,7400,7.51,0.24,N,6,0,0,0.10134429377656483,Low Risk
23,54000,MORTGAGE,0.0,EDUCATION,B,10000,11.49,0.19,N,4,0,0,0.08381728376351825,Low Risk
47,54996,MORTGAGE,7.0,MEDICAL,B,9000,10.38,0.16,N,16,0,0,0.08778037232744171,Low Risk
29,50000,RENT,13.0,VENTURE,A,12000,8.94,0.24,N,5,0,0,0.020937653204216866,Low Risk
26,52704,MORTGAGE,8.0,HOMEIMPROVEMENT,B,3000,10.95,0.06,N,4,1,0,0.13334444834264347,Low Risk
23,62500,RENT,1.0,EDUCATION,B,24250,10.62,0.39,N,4,1,1,0.9649190709083943,High Risk
21,25000,RENT,6.0,EDUCATION,B,6925,11.71,0.28,N,3,0,0,0.15923894513664738,Low Risk
25,39600,MORTGAGE,9.0,PERSONAL,B,5000,8.88,0.13,N,3,0,0,0.11210495878505021,Low Risk
23,60000,RENT,2.0,EDUCATION,A,8000,8.94,0.13,N,3,0,0,0.03145654799726944,Low Risk
23,62500,RENT,7.0,MEDICAL,B,26000,11.71,0.42,N,2,1,1,0.9761942914854674,High Risk
27,84906,MORTGAGE,11.0,DEBTCONSOLIDATION,A,4500,7.51,0.05,N,10,0,0,0.03784836438158365,Low Risk
23,49800,RENT,2.0,PERSONAL,B,2400,11.83,0.05,N,2,0,0,0.09407466415297279,Low Risk
23,12996,OWN,0.0,DEBTCONSOLIDATION,C,2400,13.49,0.18,Y,2,1,1,0.8161400754920883,High Risk
23,59000,RENT,3.0,EDUCATION,D,10000,15.58,0.17,N,3,1,1,0.5984399888983257,Medium Risk
29,103000,RENT,0.0,PERSONAL,D,7500,16.77,0.07,Y,7,1,1,0.5407327119403877,Medium Risk
25,61000,RENT,9.0,MEDICAL,A,6000,10.99,0.1,N,3,0,0,0.057852739548034264,Low Risk
30,120000,RENT,0.0,HOMEIMPROVEMENT,A,4800,7.4,0.04,N,8,0,0,0.03309198529092028,Low Risk
34,47300,MORTGAGE,3.0,MEDICAL,A,12000,7.88,0.25,N,8,0,0,0.049781899676195264,Low Risk
27,60000,RENT,5.0,VENTURE,C,4500,14.22,0.07,N,8,0,0,0.07561833932094508,Low Risk
21,65253,MORTGAGE,5.0,VENTURE,A,16075,10.99,0.25,N,3,0,0,0.021892582748008125,Low Risk
29,130000,MORTGAGE,13.0,VENTURE,A,17500,8.94,0.13,N,9,0,0,0.009990936541544147,Low Risk
24,40000,RENT,4.0,MEDICAL,B,8000,9.63,0.2,N,3,0,0,0.07828559425181146,Low Risk
26,74000,MORTGAGE,4.0,EDUCATION,B,7500,10.08,0.1,N,4,1,0,0.05400762946564234,Low Risk
25,96000,RENT,9.0,HOMEIMPROVEMENT,A,7075,5.99,0.07,N,4,0,0,0.031188990129174473,Low Risk
26,37500,MORTGAGE,4.0,DEBTCONSOLIDATION,A,7000,6.54,0.19,N,4,0,0,0.05534635978533621,Low Risk
30,51000,RENT,14.0,PERSONAL,B,4800,12.69,0.09,N,10,0,0,0.0889603467785677,Low Risk
45,100000,MORTGAGE,3.0,DEBTCONSOLIDATION,E,10000,16.0,0.1,Y,13,1,1,0.7693892924620676,High Risk
35,15000,OWN,3.0,MEDICAL,A,3700,9.32,0.25,N,5,1,1,0.9324522055205483,High Risk
28,50000,MORTGAGE,1.0,PERSONAL,A,8000,5.99,0.16,N,6,0,0,0.04413873328385993,Low Risk
25,25000,OWN,2.0,VENTURE,A,1500,6.76,0.06,N,4,0,0,0.009454897460389368,Low Risk
27,62000,RENT,9.0,EDUCATION,C,10400,13.49,0.17,Y,10,0,0,0.07894077749121381,Low Risk
29,42000,RENT,0.0,PERSONAL,E,15000,14.25,0.36,N,9,1,1,0.9895548560250447,High Risk
22,37000,RENT,2.0,EDUCATION,B,4000,10.95,0.11,N,2,0,0,0.0937836845485589,Low Risk
21,57000,OWN,5.0,VENTURE,B,8000,10.65,0.14,N,2,0,0,0.006073878367303693,Low Risk
22,27000,MORTGAGE,2.0,DEBTCONSOLIDATION,B,5000,12.18,0.19,N,4,0,0,0.1629193598696441,Low Risk
41,43439,RENT,4.0,VENTURE,C,15000,12.73,0.35,Y,15,1,1,0.9712185983526714,High Risk
23,55000,RENT,3.0,EDUCATION,D,19200,15.21,0.35,N,4,1,1,0.9717198077094047,High Risk
31,96000,MORTGAGE,15.0,EDUCATION,B,4000,10.99,0.04,N,8,0,0,0.042294859823106185,Low Risk
31,115000,MORTGAGE,15.0,MEDICAL,B,10000,12.42,0.09,N,6,0,0,0.05783236971124462,Low Risk
24,14400,OWN,5.0,PERSONAL,A,6000,7.49,0.42,N,3,1,1,0.9445730133422412,High Risk
28,24000,RENT,0.0,PERSONAL,C,10000,12.87,0.42,Y,10,1,1,0.9704489995475349,High Risk
50,45600,MORTGAGE,4.0,PERSONAL,A,5000,7.9,0.11,N,16,0,0,0.046961203018783156,Low Risk
24,44000,MORTGAGE,2.0,DEBTCONSOLIDATION,D,25000,15.58,0.57,Y,3,1,1,0.74699862665945,High Risk
30,65000,MORTGAGE,3.0,PERSONAL,A,12000,7.66,0.18,N,7,0,0,0.035197994360911415,Low Risk
24,34000,MORTGAGE,1.0,PERSONAL,C,5100,14.35,0.15,N,4,0,0,0.26121658956353333,Low Risk
25,84000,MORTGAGE,8.0,VENTURE,B,6000,10.62,0.07,N,4,0,0,0.018036182680095585,Low Risk
26,80690,RENT,8.0,PERSONAL,A,30000,7.49,0.37,N,3,1,1,0.9519624412368944,High Risk
27,129700,MORTGAGE,1.0,PERSONAL,A,10000,6.54,0.08,N,7,0,0,0.024773380079777342,Low Risk
24,37500,RENT,2.0,DEBTCONSOLIDATION,C,1600,11.03,0.04,Y,3,0,0,0.12081766537644244,Low Risk
28,336000,RENT,1.0,VENTURE,C,2150,13.06,0.01,Y,5,0,0,0.06443272918765669,Low Risk
23,27600,MORTGAGE,4.0,EDUCATION,A,9800,7.29,0.36,N,4,0,0,0.16643145156057315,Low Risk
25,31200,MORTGAGE,3.0,MEDICAL,A,11200,5.42,0.36,N,2,0,0,0.1770926464408289,Low Risk
35,130000,MORTGAGE,3.0,DEBTCONSOLIDATION,C,9000,12.73,0.07,Y,8,0,0,0.0804182326856814,Low Risk
26,116600,RENT,2.0,HOMEIMPROVEMENT,C,7500,11.59,0.06,Y,3,0,0,0.06451244523754003,Low Risk
24,61000,MORTGAGE,4.0,PERSONAL,D,10000,15.65,0.16,N,3,0,0,0.40980011891346724,Medium Risk
32,51000,MORTGAGE,2.0,DEBTCONSOLIDATION,B,15000,11.36,0.29,N,9,0,0,0.11331186102144843,Low Risk
27,78000,OWN,3.0,MEDICAL,D,12000,15.58,0.15,N,7,0,0,0.18509900027910253,Low Risk
22,43000,MORTGAGE,5.0,MEDICAL,B,7000,10.62,0.16,N,4,0,0,0.08778037232744171,Low Risk
24,58000,MORTGAGE,8.0,DEBTCONSOLIDATION,A,15700,7.9,0.27,N,3,0,0,0.06039523482325727,Low Risk
24,65000,MORTGAGE,1.0,PERSONAL,B,6000,10.99,0.09,N,2,0,0,0.07208921809681995,Low Risk
22,108000,RENT,1.0,HOMEIMPROVEMENT,D,24150,14.96,0.22,Y,3,1,1,0.6313931870224361,High Risk
37,70000,MORTGAGE,7.0,MEDICAL,B,25000,9.76,0.36,N,12,0,0,0.1556751008296549,Low Risk
23,103240,MORTGAGE,0.0,VENTURE,A,4000,10.99,0.04,N,4,0,0,0.016808158964338234,Low Risk
42,55000,RENT,1.0,EDUCATION,C,10000,13.79,0.18,Y,13,0,0,0.11091092591900398,Low Risk
25,28000,RENT,6.0,DEBTCONSOLIDATION,A,1000,7.51,0.04,N,3,0,0,0.09983017783393656,Low Risk
24,50000,RENT,8.0,MEDICAL,E,15850,16.35,0.32,Y,3,1,1,0.9945823239976426,High Risk
22,14400,RENT,0.0,HOMEIMPROVEMENT,E,4400,19.91,0.31,N,4,1,1,0.999689811783415,High Risk
29,108800,MORTGAGE,1.0,MEDICAL,F,18500,17.8,0.14,N,10,1,1,0.843350426715845,High Risk
28,65000,RENT,13.0,HOMEIMPROVEMENT,A,15000,7.51,0.23,N,6,0,0,0.053683691469001114,Low Risk
25,150000,MORTGAGE,8.0,DEBTCONSOLIDATION,C,5000,12.99,0.03,Y,4,0,0,0.0820512415242371,Low Risk
37,155000,MORTGAGE,11.0,HOMEIMPROVEMENT,A,20000,6.54,0.13,N,15,0,0,0.0321060908636291,Low Risk
26,95459,RENT,10.0,DEBTCONSOLIDATION,C,4400,13.8,0.05,N,4,0,0,0.08076085791643269,Low Risk
21,48996,MORTGAGE,5.0,VENTURE,D,15000,15.58,0.31,Y,3,1,0,0.30426896244329316,Medium Risk
48,60000,MORTGAGE,0.0,DEBTCONSOLIDATION,A,2500,7.29,0.04,N,11,0,0,0.03789193989144253,Low Risk
30,50400,MORTGAGE,7.0,PERSONAL,A,3000,7.29,0.06,N,6,0,0,0.0459416667473282,Low Risk
23,43000,RENT,1.0,EDUCATION,B,10000,9.25,0.23,N,3,0,0,0.07310694131195725,Low Risk
41,30600,RENT,0.0,DEBTCONSOLIDATION,B,6500,10.65,0.21,N,12,0,0,0.15840408570172024,Low Risk
26,185000,OWN,10.0,PERSONAL,A,5000,7.68,0.03,N,2,0,0,0.008346756820799398,Low Risk
23,48000,RENT,0.0,VENTURE,B,10000,9.25,0.21,N,3,0,0,0.044610542139349986,Low Risk
27,120000,MORTGAGE,11.0,HOMEIMPROVEMENT,B,10000,11.14,0.08,N,6,0,0,0.04938289282604607,Low Risk
31,54000,RENT,2.0,DEBTCONSOLIDATION,C,5500,13.23,0.1,N,9,0,0,0.11218476084144047,Low Risk
29,45000,RENT,0.0,MEDICAL,C,12000,12.99,0.27,Y,7,0,0,0.15852594379232657,Low Risk
25,110000,RENT,2.0,VENTURE,B,5000,9.99,0.05,N,4,0,0,0.024856977796890528,Low Risk
28,58200,MORTGAGE,8.0,PERSONAL,B,4500,11.12,0.08,N,7,0,0,0.0857391806711395,Low Risk
40,52200,MORTGAGE,3.0,PERSONAL,D,4000,10.99,0.08,N,15,0,0,0.32573225330664185,Medium Risk
24,40800,RENT,5.0,MEDICAL,C,4800,13.85,0.12,Y,3,0,0,0.13070002681375206,Low Risk
26,66000,MORTGAGE,5.0,MEDICAL,B,15000,9.88,0.23,N,4,0,0,0.07458147817290017,Low Risk
24,75996,RENT,1.0,DEBTCONSOLIDATION,E,10000,16.0,0.13,N,2,1,1,0.9179031969332785,High Risk
33,30000,RENT,11.0,MEDICAL,C,10000,11.03,0.33,N,6,1,1,0.9724937122112834,High Risk
41,108800,MORTGAGE,2.0,MEDICAL,E,15000,17.88,0.12,N,16,1,1,0.804472173487341,High Risk
27,88000,RENT,11.0,DEBTCONSOLIDATION,A,9000,6.91,0.1,N,10,0,0,0.049380412989998186,Low Risk
21,31000,MORTGAGE,5.0,PERSONAL,A,6000,7.51,0.19,N,4,0,0,0.10573466346236797,Low Risk
22,66000,RENT,1.0,EDUCATION,F,22000,10.99,0.33,N,2,1,1,0.9941265946726616,High Risk
22,32760,RENT,3.0,PERSONAL,C,5000,13.48,0.15,Y,3,0,0,0.15300451722316266,Low Risk
25,35220,RENT,2.0,DEBTCONSOLIDATION,A,10500,7.29,0.3,N,3,0,0,0.076033183322772,Low Risk
22,23800,RENT,2.0,VENTURE,A,8800,9.32,0.37,N,4,1,1,0.9427159175245385,High Risk
24,58000,MORTGAGE,3.0,PERSONAL,D,15000,10.99,0.26,N,4,0,0,0.3134297708289303,Medium Risk
34,18000,RENT,0.0,DEBTCONSOLIDATION,B,1500,11.48,0.08,N,8,1,0,0.347070426414945,Medium Risk
23,85000,RENT,7.0,PERSONAL,B,15000,10.99,0.18,N,3,0,0,0.05543817527928804,Low Risk
31,80000,MORTGAGE,10.0,MEDICAL,A,10000,10.99,0.13,N,5,0,0,0.03438317281233302,Low Risk
43,83000,MORTGAGE,13.0,HOMEIMPROVEMENT,B,3000,9.91,0.04,N,17,0,0,0.05759644047287293,Low Risk
29,31400,RENT,3.0,MEDICAL,B,10400,10.71,0.33,N,7,1,1,0.9674172667555139,High Risk
29,52000,OWN,0.0,VENTURE,B,16000,10.99,0.31,N,8,0,0,0.024042390575908373,Low Risk
22,26000,OWN,2.0,EDUCATION,A,7100,7.49,0.27,N,2,0,0,0.021777516236870464,Low Risk
45,118560,MORTGAGE,1.0,VENTURE,C,20000,10.99,0.17,N,15,0,0,0.05221465379261326,Low Risk
23,42000,RENT,4.0,EDUCATION,B,7400,10.99,0.18,N,3,0,0,0.0822098338955465,Low Risk
38,65004,RENT,1.0,DEBTCONSOLIDATION,B,8000,11.83,0.12,N,11,0,0,0.09218312986564252,Low Risk
37,120000,MORTGAGE,5.0,PERSONAL,A,5400,5.99,0.04,N,17,0,0,0.024296999560305153,Low Risk
26,51000,MORTGAGE,2.0,VENTURE,A,12000,6.17,0.24,N,4,0,0,0.02094466201692305,Low Risk
26,76000,MORTGAGE,10.0,HOMEIMPROVEMENT,A,5425,8.49,0.07,N,3,0,0,0.04980690817960341,Low Risk
25,90000,MORTGAGE,9.0,HOMEIMPROVEMENT,A,10000,5.42,0.11,N,4,0,0,0.026544995013468204,Low Risk
22,51500,MORTGAGE,6.0,EDUCATION,B,7500,9.88,0.15,N,3,0,0,0.06643833926401801,Low Risk
34,26000,OWN,0.0,MEDICAL,A,3000,8.49,0.12,N,9,0,0,0.020062456123012756,Low Risk
23,34884,RENT,3.0,EDUCATION,A,2000,6.92,0.06,N,2,0,0,0.1104028674876709,Low Risk
23,85000,MORTGAGE,5.0,EDUCATION,A,8000,7.14,0.09,N,2,0,0,0.026698554290438076,Low Risk
24,42996,RENT,5.0,MEDICAL,A,5000,7.14,0.12,N,4,0,0,0.05755312225915164,Low Risk
28,96636,MORTGAGE,10.0,MEDICAL,A,30000,8.49,0.31,N,5,0,0,0.09431050773414625,Low Risk
28,46000,MORTGAGE,12.0,EDUCATION,A,6000,8.0,0.13,N,7,0,0,0.04502818248007263,Low Risk
22,55000,RENT,4.0,DEBTCONSOLIDATION,A,4500,6.76,0.08,N,4,0,0,0.05115398649422127,Low Risk
28,53000,RENT,0.0,MEDICAL,C,12000,14.72,0.23,N,8,0,0,0.24140013565083315,Low Risk
32,74000,OWN,3.0,PERSONAL,B,5000,10.62,0.07,N,10,0,0,0.012720015031271294,Low Risk
26,48996,RENT,5.0,EDUCATION,A,5000,7.88,0.1,N,3,0,0,0.047740500885194104,Low Risk
27,39480,MORTGAGE,2.0,EDUCATION,C,7200,13.79,0.18,N,8,0,0,0.15671717862751808,Low Risk
26,87500,OTHER,3.0,VENTURE,D,7500,15.05,0.09,Y,2,0,0,0.17079237824633786,Low Risk
21,33000,RENT,0.0,HOMEIMPROVEMENT,C,2000,12.61,0.06,Y,3,1,1,0.8451759139815818,High Risk
21,30000,RENT,3.0,MEDICAL,B,14000,10.65,0.47,N,2,1,1,0.9674172667555139,High Risk
24,120000,MORTGAGE,2.0,PERSONAL,A,12000,7.51,0.1,N,3,0,0,0.024962008181637425,Low Risk
22,24449,OWN,2.0,VENTURE,B,1800,11.89,0.07,N,4,0,0,0.012588614011625242,Low Risk
27,235000,MORTGAGE,5.0,VENTURE,C,28000,15.96,0.12,N,5,0,0,0.08340164061178022,Low Risk
23,94940,MORTGAGE,4.0,VENTURE,A,2000,5.42,0.02,N,3,0,0,0.009947756156309332,Low Risk
22,36750,RENT,6.0,EDUCATION,D,7500,14.84,0.2,N,3,0,0,0.46853920968361407,Medium Risk
31,26010,MORTGAGE,2.0,HOMEIMPROVEMENT,B,6500,9.99,0.25,N,9,0,0,0.31328206706972905,Medium Risk
29,36000,MORTGAGE,2.0,PERSONAL,D,20000,10.99,0.56,N,6,0,0,0.33659399215186503,Medium Risk
24,85000,MORTGAGE,2.0,DEBTCONSOLIDATION,B,7000,12.69,0.08,N,3,0,0,0.07697973357379675,Low Risk
29,33000,MORTGAGE,5.0,VENTURE,B,4200,11.36,0.13,N,9,0,0,0.07033595266095481,Low Risk
31,25000,OWN,0.0,DEBTCONSOLIDATION,D,2400,14.42,0.1,Y,8,0,0,0.29814813574158167,Low Risk
28,75000,MORTGAGE,5.0,MEDICAL,A,16800,6.03,0.22,N,8,0,0,0.041353981240471856,Low Risk
28,176000,MORTGAGE,12.0,HOMEIMPROVEMENT,B,25000,10.25,0.14,N,6,0,0,0.05310137855791715,Low Risk
36,43000,RENT,12.0,DEBTCONSOLIDATION,D,13600,15.58,0.32,Y,12,1,1,0.9925583978359123,High Risk
22,51000,RENT,5.0,EDUCATION,B,20000,12.53,0.39,N,3,1,1,0.9681002009322491,High Risk
36,80000,MORTGAGE,4.0,VENTURE,A,10000,6.62,0.13,N,14,0,0,0.009096097537448746,Low Risk
38,55000,MORTGAGE,3.0,MEDICAL,C,14000,13.22,0.25,N,13,0,0,0.11836350043918868,Low Risk
28,47000,MORTGAGE,5.0,HOMEIMPROVEMENT,B,6000,8.88,0.13,N,6,1,0,0.11219292152672494,Low Risk
33,95000,MORTGAGE,17.0,MEDICAL,A,3600,8.49,0.04,N,10,0,0,0.031566888483832135,Low Risk
25,160000,MORTGAGE,3.0,VENTURE,C,20000,13.47,0.13,Y,2,0,0,0.04789290392488894,Low Risk
26,35000,MORTGAGE,1.0,VENTURE,A,3000,6.76,0.09,N,3,0,0,0.023766888013340624,Low Risk
21,30000,RENT,5.0,EDUCATION,B,8000,10.99,0.27,N,2,0,0,0.18409588017164297,Low Risk
32,67150,MORTGAGE,4.0,MEDICAL,D,13000,16.0,0.16,Y,6,1,1,0.6743888628794802,High Risk
23,148000,RENT,1.0,DEBTCONSOLIDATION,E,25000,14.93,0.17,N,3,1,1,0.8514653960937879,High Risk
27,80000,MORTGAGE,4.0,PERSONAL,A,6000,6.03,0.07,N,10,0,0,0.0243848711684697,Low Risk
25,45000,RENT,4.0,VENTURE,B,8000,10.38,0.18,N,2,0,0,0.03239002741587996,Low Risk
25,135000,MORTGAGE,0.0,VENTURE,D,16000,10.99,0.12,Y,3,0,0,0.13393756374603846,Low Risk
33,35000,RENT,0.0,MEDICAL,A,4000,7.88,0.11,N,5,0,0,0.056631248605300555,Low Risk
30,60000,MORTGAGE,5.0,HOMEIMPROVEMENT,A,7000,7.49,0.12,N,8,0,0,0.03971562006736245,Low Risk
26,70000,RENT,10.0,PERSONAL,A,4075,5.42,0.06,N,3,0,0,0.03804202517539235,Low Risk
25,30000,RENT,4.0,MEDICAL,C,2000,14.22,0.07,Y,4,0,0,0.22944780993352937,Low Risk
38,107004,MORTGAGE,11.0,VENTURE,B,15000,10.0,0.14,N,16,0,0,0.0159149592316194,Low Risk
28,150000,MORTGAGE,5.0,HOMEIMPROVEMENT,A,15000,7.88,0.1,N,6,0,0,0.028527168085503308,Low Risk
37,44000,RENT,0.0,PERSONAL,A,10000,6.91,0.23,N,15,0,0,0.07473463627688201,Low Risk
37,92000,OWN,15.0,MEDICAL,B,12000,11.14,0.13,N,14,0,0,0.013642495932102792,Low Risk
31,25000,RENT,0.0,PERSONAL,A,2500,7.4,0.1,N,6,0,0,0.09392679290861455,Low Risk
41,73000,RENT,0.0,EDUCATION,D,8550,14.3,0.12,N,16,1,0,0.41704655325965406,Medium Risk
25,79000,MORTGAGE,9.0,PERSONAL,B,7500,10.01,0.09,N,3,0,0,0.0703446728364013,Low Risk
28,50000,RENT,1.0,PERSONAL,B,4800,10.37,0.1,N,10,0,0,0.07838347510677067,Low Risk
28,39500,RENT,4.0,MEDICAL,B,3600,11.99,0.09,N,9,0,0,0.15649376793422118,Low Risk
34,93600,RENT,15.0,EDUCATION,D,20000,15.31,0.21,N,5,0,0,0.3195534627923676,Medium Risk
36,120000,OWN,21.0,PERSONAL,D,10000,13.3,0.08,Y,13,0,0,0.01859268340934961,Low Risk
25,47000,RENT,8.0,DEBTCONSOLIDATION,B,8500,10.37,0.18,N,4,0,0,0.08374374713209276,Low Risk
27,98500,RENT,5.0,HOMEIMPROVEMENT,C,7200,14.35,0.07,Y,6,0,0,0.07531321277450913,Low Risk
21,55000,RENT,3.0,EDUCATION,B,6000,10.99,0.11,N,3,0,0,0.0822098338955465,Low Risk
22,55000,MORTGAGE,6.0,PERSONAL,C,13000,13.85,0.24,N,3,0,0,0.10107096317331933,Low Risk
23,50000,RENT,7.0,PERSONAL,A,15000,7.88,0.3,N,4,0,0,0.06852780656742878,Low Risk
24,93600,MORTGAGE,4.0,MEDICAL,A,3600,5.42,0.04,N,2,0,0,0.029659833177025526,Low Risk
44,48000,RENT,0.0,MEDICAL,C,5000,13.43,0.1,N,17,0,0,0.12572138771807725,Low Risk
29,68000,RENT,9.0,VENTURE,C,14000,12.61,0.21,Y,8,0,0,0.0706263771653791,Low Risk
23,78000,RENT,7.0,DEBTCONSOLIDATION,F,30000,18.62,0.38,Y,3,1,1,0.9939149883521645,High Risk
24,32400,RENT,0.0,EDUCATION,C,1600,13.98,0.05,N,3,1,0,0.1625639694516712,Low Risk
21,70500,RENT,5.0,VENTURE,A,15000,8.0,0.21,N,3,0,0,0.017595546860915797,Low Risk
27,50000,RENT,0.0,VENTURE,B,2000,10.99,0.04,N,5,0,0,0.06401610736593971,Low Risk
32,61000,MORTGAGE,3.0,DEBTCONSOLIDATION,A,2000,7.9,0.03,N,8,0,0,0.052644611614004924,Low Risk
25,40800,RENT,9.0,PERSONAL,D,5600,16.77,0.14,N,3,0,1,0.529081276465485,Medium Risk
23,33600,MORTGAGE,4.0,DEBTCONSOLIDATION,C,4000,14.79,0.12,N,2,0,0,0.2551512812382493,Low Risk
51,84000,RENT,7.0,HOMEIMPROVEMENT,A,12000,7.49,0.14,N,23,0,0,0.03558539522610926,Low Risk
22,36500,RENT,0.0,VENTURE,A,18725,6.54,0.51,N,3,1,1,0.9524981020640008,High Risk
33,92000,MORTGAGE,18.0,PERSONAL,A,12000,5.79,0.13,N,5,0,0,0.024296999560305153,Low Risk
21,31680,RENT,5.0,MEDICAL,C,15000,12.61,0.47,Y,4,1,1,0.9742083753604142,High Risk
22,49000,RENT,7.0,DEBTCONSOLIDATION,C,3000,12.23,0.06,Y,2,1,0,0.11450549632966417,Low Risk
24,120000,MORTGAGE,1.0,MEDICAL,A,3000,6.39,0.03,N,3,0,0,0.030701965497603328,Low Risk
25,60000,MORTGAGE,7.0,DEBTCONSOLIDATION,A,8000,5.79,0.13,N,2,0,0,0.03542254006199987,Low Risk
40,81120,MORTGAGE,1.0,EDUCATION,B,24000,9.25,0.3,N,15,0,0,0.06285087906572064,Low Risk
28,159000,RENT,5.0,PERSONAL,D,6000,15.95,0.04,N,10,1,0,0.32887472377399735,Medium Risk
22,60000,MORTGAGE,5.0,EDUCATION,B,8800,10.37,0.15,N,4,0,0,0.04360539222390393,Low Risk
27,60000,RENT,7.0,VENTURE,B,9600,10.65,0.16,N,7,0,0,0.020995346870804146,Low Risk
22,24000,MORTGAGE,4.0,VENTURE,A,1300,5.42,0.05,N,3,0,0,0.03432932868701969,Low Risk
54,79864,MORTGAGE,5.0,PERSONAL,B,1800,9.88,0.02,N,21,0,0,0.07313613707844496,Low Risk
24,40000,MORTGAGE,8.0,DEBTCONSOLIDATION,A,4500,6.62,0.11,N,3,0,0,0.047841939811473375,Low Risk
35,218000,RENT,4.0,DEBTCONSOLIDATION,D,7000,14.11,0.03,Y,9,1,1,0.7028617396345871,High Risk
22,78000,MORTGAGE,6.0,MEDICAL,A,7750,7.51,0.1,N,4,0,0,0.050359673654892245,Low Risk
27,75000,MORTGAGE,5.0,HOMEIMPROVEMENT,E,8500,17.19,0.11,N,5,0,0,0.3971581095336516,Medium Risk
27,51000,RENT,9.0,VENTURE,B,1600,10.59,0.03,N,6,0,0,0.032588537623022426,Low Risk
24,40000,RENT,4.0,MEDICAL,D,14000,15.58,0.35,Y,3,1,1,0.9872278813264677,High Risk
28,54000,RENT,1.0,MEDICAL,D,2000,14.42,0.04,N,7,1,1,0.867885790279974,High Risk
22,119000,RENT,2.0,DEBTCONSOLIDATION,B,12000,10.36,0.1,N,2,0,0,0.05660575946272054,Low Risk
40,55182,RENT,0.0,VENTURE,A,6000,6.99,0.11,N,13,0,0,0.02571524393086015,Low Risk
23,70000,RENT,4.0,EDUCATION,A,6000,7.49,0.09,N,3,0,0,0.03601788929279981,Low Risk
22,70000,MORTGAGE,2.0,DEBTCONSOLIDATION,A,6000,5.42,0.09,N,2,0,0,0.043003336217057646,Low Risk
23,18000,RENT,1.0,VENTURE,C,3250,13.22,0.18,N,2,1,1,0.8974743610913819,High Risk
25,29000,RENT,5.0,VENTURE,A,10000,7.49,0.34,N,2,1,1,0.9339270630762423,High Risk
35,19000,RENT,2.0,HOMEIMPROVEMENT,C,3300,13.85,0.17,N,6,1,1,0.9803847330981278,High Risk
30,120000,MORTGAGE,14.0,VENTURE,D,7500,15.65,0.06,N,8,0,0,0.1351444336358128,Low Risk
30,78000,MORTGAGE,2.0,EDUCATION,B,10800,10.36,0.14,N,9,0,0,0.07142376346800981,Low Risk
29,60000,RENT,2.0,PERSONAL,C,12000,14.22,0.2,Y,6,0,0,0.0999073180890459,Low Risk
28,39520,RENT,0.0,VENTURE,B,6500,11.89,0.16,N,6,0,0,0.10057401969981239,Low Risk
26,90000,MORTGAGE,2.0,EDUCATION,C,25000,11.09,0.28,N,4,0,0,0.05811995268120504,Low Risk
25,60000,RENT,8.0,HOMEIMPROVEMENT,D,5000,15.57,0.08,N,4,0,0,0.41813462514378286,Medium Risk
27,75000,MORTGAGE,6.0,MEDICAL,A,10000,5.79,0.13,N,7,0,0,0.03881054240626464,Low Risk
37,114000,RENT,10.0,VENTURE,F,25000,10.99,0.22,N,13,0,0,0.12279231456648197,Low Risk
34,70000,MORTGAGE,13.0,DEBTCONSOLIDATION,A,20000,6.54,0.29,N,5,0,0,0.052925738674463076,Low Risk
24,56000,RENT,2.0,DEBTCONSOLIDATION,B,13000,11.83,0.23,N,4,0,0,0.10387908627197329,Low Risk
37,42500,RENT,1.0,MEDICAL,A,3600,7.88,0.08,N,12,0,0,0.05720317761968738,Low Risk
23,50000,RENT,1.0,DEBTCONSOLIDATION,A,3000,8.49,0.06,N,2,0,0,0.05605079729179772,Low Risk
27,15600,RENT,11.0,HOMEIMPROVEMENT,B,2800,10.65,0.18,N,5,1,1,0.9810839649807365,High Risk
28,59000,RENT,0.0,HOMEIMPROVEMENT,E,6500,16.35,0.11,N,7,1,1,0.8622452518453176,High Risk
40,15864,RENT,4.0,MEDICAL,B,2375,11.11,0.15,N,12,0,0,0.35326379941922575,Medium Risk
29,65000,MORTGAGE,2.0,MEDICAL,A,4800,10.99,0.07,N,5,0,0,0.0513798750309171,Low Risk
25,59000,RENT,0.0,VENTURE,C,10000,14.17,0.17,N,3,0,0,0.2667591706087923,Low Risk
27,55000,RENT,3.0,HOMEIMPROVEMENT,B,10000,10.25,0.18,N,5,0,0,0.11628153352907711,Low Risk
27,34000,RENT,0.0,DEBTCONSOLIDATION,C,5600,15.96,0.16,Y,10,1,0,0.49112879307281004,Medium Risk
24,26000,RENT,8.0,EDUCATION,E,10000,16.63,0.38,Y,2,1,1,0.974825755463303,High Risk
25,54300,MORTGAGE,4.0,PERSONAL,A,8000,6.92,0.15,N,4,0,0,0.04413873328385993,Low Risk
31,179000,MORTGAGE,13.0,MEDICAL,C,11200,14.27,0.06,N,5,0,0,0.08998199877843248,Low Risk
29,24000,RENT,6.0,PERSONAL,B,5000,10.74,0.21,N,10,0,0,0.13651916290992608,Low Risk
25,33000,MORTGAGE,9.0,VENTURE,A,5000,8.49,0.15,N,3,0,0,0.038954880857084574,Low Risk
31,42000,RENT,2.0,MEDICAL,A,7000,7.9,0.17,N,7,0,0,0.060779136806554813,Low Risk
26,101000,MORTGAGE,10.0,VENTURE,F,25000,17.46,0.25,N,4,1,0,0.22616283788733876,Low Risk
28,70000,MORTGAGE,3.0,DEBTCONSOLIDATION,A,8000,8.49,0.11,N,9,0,0,0.04500447537381365,Low Risk
29,36000,RENT,6.0,VENTURE,A,12000,7.49,0.33,N,7,1,1,0.9290729433313946,High Risk
39,360000,RENT,1.0,PERSONAL,B,3000,11.48,0.01,N,12,0,0,0.05004928530405253,Low Risk
32,30000,RENT,5.0,EDUCATION,C,14300,13.49,0.48,N,8,1,1,0.9700558268980852,High Risk
25,25920,RENT,0.0,PERSONAL,B,2300,11.11,0.09,N,4,0,0,0.1408854383640907,Low Risk
21,26400,RENT,0.0,EDUCATION,C,2400,14.79,0.09,Y,2,0,0,0.2644935979360853,Low Risk
21,72500,RENT,3.0,EDUCATION,C,14000,13.49,0.19,Y,3,0,0,0.07210045679213709,Low Risk
21,38400,RENT,5.0,EDUCATION,B,5000,10.59,0.13,N,3,0,0,0.07450632480580001,Low Risk
24,205000,MORTGAGE,2.0,MEDICAL,B,11000,10.99,0.05,N,4,0,0,0.06127751080502755,Low Risk
22,48000,RENT,0.0,DEBTCONSOLIDATION,C,17750,13.49,0.37,N,4,1,1,0.976439153577691,High Risk
22,75000,MORTGAGE,6.0,DEBTCONSOLIDATION,A,18000,5.79,0.24,N,2,0,0,0.04548747958614773,Low Risk
34,96900,RENT,1.0,DEBTCONSOLIDATION,A,4800,5.42,0.05,N,10,0,0,0.03457122477661371,Low Risk
30,44000,RENT,4.0,DEBTCONSOLIDATION,A,15000,6.54,0.34,N,5,1,1,0.9746982516688256,High Risk
24,102000,MORTGAGE,6.0,VENTURE,B,9800,10.36,0.1,N,4,0,0,0.0159149592316194,Low Risk
31,68000,OWN,1.0,VENTURE,A,8000,7.9,0.12,N,5,0,0,0.005505608720422997,Low Risk
26,30000,RENT,9.0,VENTURE,B,2000,11.49,0.07,N,3,0,0,0.07703790598402352,Low Risk
42,25320,RENT,1.0,HOMEIMPROVEMENT,D,10000,14.84,0.39,Y,14,1,1,0.9971632784618869,High Risk
23,30000,RENT,0.0,EDUCATION,B,4800,10.99,0.16,N,4,0,0,0.1626677430175655,Low Risk
27,33200,RENT,0.0,MEDICAL,B,10000,11.71,0.3,N,5,0,0,0.22083008103638768,Low Risk
24,133300,RENT,6.0,DEBTCONSOLIDATION,B,25000,10.37,0.19,N,2,0,0,0.07884520635548373,Low Risk
29,28140,RENT,0.0,MEDICAL,A,5000,7.29,0.18,N,9,0,0,0.1063456019128911,Low Risk
25,106226,MORTGAGE,9.0,EDUCATION,B,20000,12.18,0.19,N,4,0,0,0.04849307364145797,Low Risk
33,117300,MORTGAGE,3.0,MEDICAL,D,16000,15.99,0.12,N,5,1,1,0.6245936544277235,High Risk
24,70000,RENT,0.0,EDUCATION,A,10000,7.29,0.14,N,4,0,0,0.036827205056214146,Low Risk
22,18000,OWN,2.0,MEDICAL,C,4000,10.99,0.22,N,2,1,1,0.8319066938999297,High Risk
25,34000,MORTGAGE,9.0,DEBTCONSOLIDATION,A,2000,7.66,0.06,N,4,1,0,0.1341453650943087,Low Risk
24,75000,MORTGAGE,3.0,VENTURE,A,16000,6.62,0.21,N,2,0,0,0.013955607153878202,Low Risk
27,144000,RENT,8.0,HOMEIMPROVEMENT,F,5500,19.13,0.04,Y,5,0,0,0.475483049787128,Medium Risk
32,35100,RENT,4.0,EDUCATION,A,12000,5.99,0.34,N,10,1,1,0.9584259885513345,High Risk
28,186480,MORTGAGE,12.0,MEDICAL,C,10000,14.22,0.05,Y,9,0,0,0.09401059670309002,Low Risk
23,40000,RENT,2.0,EDUCATION,A,1000,6.03,0.03,N,2,0,0,0.04765622607591812,Low Risk
35,45000,RENT,3.0,MEDICAL,A,5500,6.92,0.12,N,6,0,0,0.051832469021763285,Low Risk
23,93000,RENT,0.0,DEBTCONSOLIDATION,D,25000,14.59,0.27,Y,2,1,1,0.89684086847525,High Risk
48,19200,OWN,1.0,EDUCATION,C,7000,10.99,0.36,Y,12,1,1,0.8550182274301488,High Risk
22,120000,MORTGAGE,3.0,MEDICAL,A,22000,7.49,0.18,N,3,0,0,0.038663666728622134,Low Risk
28,48000,RENT,0.0,EDUCATION,B,10000,10.08,0.21,N,6,0,0,0.07468507472356874,Low Risk
56,71884,OWN,11.0,PERSONAL,B,7425,9.99,0.1,N,24,0,0,0.012640950742268843,Low Risk
22,63400,MORTGAGE,6.0,PERSONAL,B,10500,9.99,0.17,N,2,0,0,0.06053374352638348,Low Risk
24,72000,MORTGAGE,8.0,HOMEIMPROVEMENT,A,5000,6.03,0.07,N,3,0,0,0.05105374993479942,Low Risk
29,48000,RENT,2.0,PERSONAL,B,15000,11.36,0.31,N,8,1,1,0.9713005867503495,High Risk
39,44000,MORTGAGE,14.0,PERSONAL,A,2500,7.68,0.06,N,15,0,0,0.0758148966234648,Low Risk
30,42000,RENT,4.0,DEBTCONSOLIDATION,B,14750,10.99,0.35,N,7,1,1,0.9751382276386612,High Risk
33,63000,OWN,2.0,EDUCATION,A,12800,7.88,0.2,N,10,0,0,0.011167184465976483,Low Risk
33,34000,MORTGAGE,8.0,HOMEIMPROVEMENT,D,6000,14.11,0.18,N,9,1,1,0.7856623579023948,High Risk
25,57500,RENT,4.0,EDUCATION,C,6000,11.28,0.1,N,3,1,0,0.08956427439027916,Low Risk
34,59000,MORTGAGE,1.0,MEDICAL,C,20000,10.99,0.34,Y,7,1,0,0.3210820636503832,Medium Risk
21,86000,MORTGAGE,3.0,VENTURE,A,8400,10.99,0.1,N,4,0,0,0.015376345339095807,Low Risk
44,37000,RENT,0.0,PERSONAL,C,3500,12.87,0.09,N,13,0,0,0.10856832389401322,Low Risk
35,70000,RENT,2.0,EDUCATION,C,2000,13.72,0.03,N,7,0,0,0.07972960063612648,Low Risk
43,50000,MORTGAGE,2.0,DEBTCONSOLIDATION,B,5000,9.63,0.1,N,16,0,0,0.08410045384982948,Low Risk
43,46000,RENT,5.0,VENTURE,B,3000,11.71,0.07,N,17,0,0,0.04677896433826175,Low Risk
22,42000,RENT,6.0,DEBTCONSOLIDATION,B,3000,12.69,0.07,N,2,0,0,0.1074190589376194,Low Risk
30,47581,RENT,2.0,MEDICAL,C,6000,13.16,0.13,Y,9,0,0,0.13161538673364295,Low Risk
45,52000,MORTGAGE,11.0,EDUCATION,A,14000,10.99,0.27,N,16,0,0,0.05992233007675544,Low Risk
24,25000,RENT,3.0,PERSONAL,C,1600,12.53,0.06,N,3,0,0,0.13644660266008518,Low Risk
24,192000,RENT,0.0,MEDICAL,C,22000,10.99,0.11,Y,2,0,0,0.10283995269483888,Low Risk
25,50004,RENT,3.0,PERSONAL,D,12000,15.31,0.24,Y,3,0,1,0.5293777813044495,Medium Risk
23,25000,RENT,4.0,VENTURE,B,4000,11.71,0.16,N,4,0,0,0.08101848235159324,Low Risk
24,56000,RENT,0.0,EDUCATION,B,12800,10.99,0.23,N,4,0,0,0.08882188823570976,Low Risk
23,45600,MORTGAGE,3.0,VENTURE,C,12000,14.65,0.26,Y,2,0,0,0.13849770881051127,Low Risk
27,60000,MORTGAGE,3.0,PERSONAL,E,5000,16.45,0.08,N,6,0,0,0.2850615033619419,Low Risk
30,36000,RENT,0.0,MEDICAL,C,13000,13.61,0.36,N,8,1,1,0.9783024794782778,High Risk
22,57600,OWN,6.0,VENTURE,A,6500,7.49,0.11,N,3,0,0,0.004874993727729159,Low Risk
25,95000,MORTGAGE,8.0,EDUCATION,B,6800,9.63,0.07,N,4,0,0,0.03736656341035149,Low Risk
22,24702,RENT,4.0,EDUCATION,C,2000,13.23,0.08,Y,4,0,0,0.1287870433586067,Low Risk
30,43992,RENT,2.0,PERSONAL,D,15000,13.24,0.34,N,7,1,1,0.9883556185998326,High Risk
26,75531,RENT,3.0,PERSONAL,D,15000,16.49,0.2,N,4,0,0,0.43939930426340035,Medium Risk
22,58000,RENT,6.0,EDUCATION,B,3000,11.83,0.05,N,2,0,0,0.08268758460466923,Low Risk
24,89000,MORTGAGE,8.0,MEDICAL,C,25000,13.11,0.28,Y,3,0,0,0.12261252921033769,Low Risk
23,65000,MORTGAGE,0.0,EDUCATION,C,8500,15.23,0.13,Y,3,0,0,0.1459229680868859,Low Risk
